ticker,asof,Name,Market,Industry,beta_252d,flow_foreign_persist,max_ret_5d,mom_12_1,mom_6m,resid_mom_12m,rev_yoy,size_ln_mcap,vol_60d,composite_score
7610.TW,2026-10-08,聯友金屬-創,上市,綠能環保,-0.2228839456029443,-0.6390722510122329,-0.3959757720177277,4.47481788178391,4.724051076494504,4.217575206772922,7.030337273782685,-1.6253433362365621,-2.220159220443536,1.7048163237245573
2905.TW,2026-10-08,三商,上市,貿易百貨,1.1979801362803888,-0.6390722510122329,0.869902201259674,0.8222277919431343,0.41726881696625406,1.9985137436986062,7.074429064439638,-0.6379027316159669,0.41827853182160263,1.280180589309011
8926.TW,2026-10-08,台汽電,上市,油電燃氣,0.5548801011885164,2.2520388753471554,0.07139358736051143,0.46041182844161027,0.8957472735382705,0.744531167134665,7.074429064439638,-1.2173031289488447,0.06036874437711046,1.2107219458754035
3189.TW,2026-10-08,景碩,上市,半導體業,-3.104901471462261,4.564927776434667,-0.4605712207683628,4.47481788178391,4.724051076494504,4.217575206772922,0.010522188051235675,-2.6871873020189807,-0.942746784669122,1.1996097056242792
2596.TWO,2026-10-08,綠意,上櫃,建材營造,1.1325924956437314,-0.6390722510122329,0.7712378148426837,0.20732201612319934,0.0021774964761928587,1.1174409755535881,7.074429064439638,0.4265156174016909,0.5479538387836149,1.1822885631391231
5328.TWO,2026-10-08,華容,上櫃,電子零組件,0.1777864469366492,-0.6390722510122329,0.2805258169402354,4.438495442093021,2.685644874787844,4.217575206772922,-0.09576009086718304,-0.23219955140698958,-0.2620689013586664,1.1745474436539556
5515.TW,2026-10-08,建國,上市,建材營造,0.9669285942016256,1.6738166500752778,0.34395960929043473,2.7743488294404,1.391872096343513,4.217575206772922,-0.3780822696877306,-0.2649019247677359,-0.21389812650594847,1.1679576294625287
3512.TWO,2026-10-08,皇龍,上櫃,建材營造,1.0087662880189028,-0.6390722510122329,0.869902201259674,-0.29473276072764343,-0.19434051855073192,0.26850657480619017,7.074429064439638,0.708856782983904,1.3454833745874688,1.1275331950894634
6486.TWO,2026-10-08,互動,上櫃,通信網路業,0.7746531399784833,-0.06085002574035522,0.6976222932654234,0.30204036321093075,-0.21121775537091766,0.8035540026751761,6.798484752951715,0.334827448496005,0.5778761954095624,1.1129989349862248
5529.TWO,2026-10-08,鉅陞,上櫃,建材營造,1.0558610792458267,-0.06085002574035522,0.6730602014325344,-0.35913410903185766,-0.06414720173028275,0.44347892109107595,7.074429064439638,0.5643383843778303,0.5663307746904336,1.0992630098638714
2030.TW,2026-10-08,彰源,上市,鋼鐵工業,-0.2319009061387642,2.8302611006190332,0.20068999917417069,1.4366304897035678,3.582014227905834,3.217276882460874,0.15848337498645854,-0.22634304245291786,-1.4603243538216413,1.0563097524929574
6654.TWO,2026-10-08,天正國際,上櫃,其他電子業,-0.7492547255006222,1.0955944248034002,-0.5698601090063812,1.7003206539607276,1.1296471202217413,1.4064788410457032,6.996901453200951,-0.15905791134930705,-1.3749774687775291,1.0528658087331868
1456.TW,2026-10-08,怡華,上市,建材營造,0.4109546233110897,-0.6390722510122329,-0.41321978106811075,0.223478347562415,0.14519580935699314,0.8215124510619871,7.074429064439638,0.9692537522077458,0.7771217317914698,1.0410726386278881
6432.TWO,2026-10-08,今展科,上櫃,電子零組件,1.0550032163854643,-0.06085002574035522,-0.17665404494362477,2.791222334463274,1.9653280123781856,4.217575206772922,-0.44218725911573686,0.6002842408100407,-0.6820722852607897,1.0297388217499313
2305.TW,2026-10-08,全友,上市,電腦及週邊設備,0.33984373661023953,0.5173721995315225,-2.4382077108799667,1.8483846580488352,4.724051076494504,4.217575206772922,1.734317387021583,-0.40202452090866414,-1.7578776816124775,0.9759371501198333
2221.TWO,2026-10-08,大甲,上櫃,其他,-0.8723896904613676,-0.6390722510122329,-0.8192044197228462,4.47481788178391,4.724051076494504,4.217575206772922,0.3627249503951028,-0.10162045168159486,-2.7408421721756855,0.9562266811547455
5464.TWO,2026-10-08,霖宏,上櫃,電子零組件,0.5086435297389699,0.5173721995315225,-0.054037659639111425,1.9497622230114886,3.308274100780479,4.217575206772922,-0.17116923606027656,0.013840070781173707,-1.7417746351499144,0.9498317555296949
8171.TWO,2026-10-08,天宇,上櫃,綠能環保,0.7343770639165144,3.408483325890911,0.5445309404415062,-0.865253495321886,-0.7798238371413666,-0.5169958948284579,4.684731117076634,0.6447317829191876,0.5598032524379674,0.9349538061545566
6219.TWO,2026-10-08,富旺,上櫃,建材營造,1.0566665571811187,-0.06085002574035522,0.7316528880348278,-0.9590703265231616,-0.6157694659409034,-0.8137843510172538,7.074429064439638,0.9278685739966828,1.0155525921286612,0.9285217229510283
2243.TW,2026-10-08,宏旭-KY,上市,汽車工業,-1.4492764145505914,-0.6390722510122329,-1.993261525300099,3.45868234753134,4.724051076494504,3.7545749433525284,0.5798800880392908,0.2466068048859881,-0.5102760500030578,0.9079898910486303
4502.TWO,2026-10-08,健信,上櫃,電機機械,0.38979654576776956,4.564927776434667,0.7629130851227014,-0.3786397854315964,-0.1840785790306641,0.06870388474121045,0.33652811723489706,1.2373634016265698,1.3738740489320511,0.9079320550441783
5525.TW,2026-10-08,順天,上市,建材營造,1.1437101914716556,-0.6390722510122329,0.6387453423900196,-0.7272527812777085,-0.578704054437431,-0.29578091213058766,7.074429064439638,-0.00919125678233129,1.3146765257522848,0.8801733187125897
1560.TW,2026-10-08,中砂,上市,電機機械,-2.067621527008785,4.564927776434667,0.36598539266655883,2.339709447082148,3.338549930845559,2.5455236911910903,-0.07763202495452694,-1.8849760058966056,-1.2680235826813893,0.8729381219643018
1808.TW,2026-10-08,潤隆,上市,建材營造,0.6337270832982186,0.5173721995315225,-0.2016891678341825,0.045955435918284604,-0.059450632112895065,0.3215253879329204,7.074429064439638,-0.7421178029460411,0.2614463493622097,0.8723553241766306
7828.TWO,2026-10-08,創新服務,上櫃,半導體業,-0.5246493250107304,-0.06085002574035522,0.12335878112172334,4.47481788178391,1.8130127688287565,4.217575206772922,1.3206912242494047,-1.4514748935503963,-2.2137576632376663,0.8554137728019521
1438.TW,2026-10-08,三地開發,上市,建材營造,1.6587341882542277,-0.6390722510122329,0.006491527260570448,-1.110961721007097,-0.962019078937613,0.22003370853851129,7.074429064439638,0.6408654400424271,0.486990143153221,0.819499002303517
3374.TWO,2026-10-08,精材,上櫃,半導體業,-1.2686548599910983,0.5173721995315225,-0.5672936877759563,4.019235574927283,4.724051076494504,3.941086920022652,-0.022631362445906297,-1.8129590893672083,-2.261113229824871,0.8076770601745469
6166.TW,2026-10-08,凌華,上市,電腦及週邊設備,0.46278597032494384,-0.6390722510122329,0.6114833250580757,1.9231164944035777,2.797181343270484,3.3858925108168605,0.07326889392215147,-0.838090300277595,-0.5086358147008055,0.8075477968672735
2851.TW,2026-10-08,中再保,上市,金融保險,0.174210896893059,3.408483325890911,-0.25718388238079304,2.1797370295015326,1.700950654834536,1.9146387978881074,-0.6123751117775031,-1.0473249204934276,-0.22680151860074396,0.8038150301950754
8039.TW,2026-10-08,台虹,上市,電子零組件,-0.41645928774730134,-0.6390722510122329,-0.1532791359852397,4.47481788178391,4.287393632748777,4.217575206772922,-0.45977501510844015,-1.4992867895320736,-2.7408421721756855,0.7856746744160704
5205.TWO,2026-10-08,中茂,上櫃,綠能環保,1.3528033104834623,,-3.509081147411912,-0.9449896191923021,0.453909222514214,1.0066876154868143,7.074429064439638,1.6309760425032098,-0.9023855923584055,0.7702936120580898
5455.TWO,2026-10-08,昇益,上櫃,建材營造,0.22603246187645445,-0.6390722510122329,0.7604756851011621,-0.23470309925972102,0.6553500314348147,-0.10528264362475385,4.384672619426027,0.7471596732878496,1.134472361906566,0.7699005376817962
2732.TWO,2026-10-08,六角,上櫃,觀光餐旅,0.730954889022113,4.564927776434667,0.5489348528487488,-0.35971568066612336,-0.24020208280721397,0.3175193770514579,-0.20830645089174143,0.5177590107398795,1.0483877826018964,0.7689177193704092
8046.TW,2026-10-08,南電,上市,電子零組件,-1.9339870112091755,4.564927776434667,-0.16554329584947397,3.274797743618937,3.66378003709987,2.826953824812636,0.010645993606634667,-3.0041897114431575,-2.389463875452137,0.7608801646243113
6259.TWO,2026-10-08,百徽,上櫃,電子零組件,0.0585746552773156,-0.6390722510122329,-0.028065201160905644,1.7393696934776486,2.2922889502006942,2.3979207120625174,0.4696562598652939,1.219804782329284,-0.762009664853382,0.7498297706873591
1709.TW,2026-10-08,和益,上市,化學工業,0.009174839960254208,-0.06085002574035522,-2.4769131656378867,2.203036742966026,4.724051076494504,4.217575206772922,0.3743773721520629,-0.8786802297426345,-1.42191207807469,0.7433177487944671
5206.TWO,2026-10-08,坤悅,上櫃,建材營造,0.5064188456207552,-0.06085002574035522,0.42592377823767136,-0.7741457354984096,-0.48616584722284245,-0.7941919085012126,7.074429064439638,0.3089184658578637,0.4816573533509129,0.7424437767271135
3441.TWO,2026-10-08,聯一光電,上櫃,光電業,0.43465483535453325,-0.6390722510122329,-3.509081147411912,4.128181998885092,4.724051076494504,4.217575206772922,-0.3327687455708782,-0.22739648021408426,-2.177628919037627,0.7353906193622576
6214.TW,2026-10-08,精誠,上市,資訊服務業,0.40445527825567257,1.6738166500752778,0.42670360091392084,1.09888978791866,1.9760312425168296,2.194719277980996,0.19495301365228254,-1.2355262444430317,-0.23674855805378872,0.7219215609796465
3285.TWO,2026-10-08,微端,上櫃,其他電子業,-0.0397701570898712,1.0955944248034002,-0.09453251294580592,1.2751927508333825,1.2694362999241549,2.0280616658477317,-0.13987881444116138,0.7886500772544994,0.3036578188461348,0.720712394781385
2347.TW,2026-10-08,聯強,上市,電子通路業,0.32755204732349685,2.8302611006190332,0.2712599768890195,0.9293688571643607,0.5740965939060083,1.9124747190919322,0.7145360204709753,-1.9200572818618469,0.8360237193795649,0.7195017503313937
3221.TWO,2026-10-08,台嘉碩,上櫃,通信網路業,-1.156046450994898,0.5173721995315225,-0.5689659040657377,3.300204709427465,2.1107856196789103,2.8852305322468967,-0.09255235239434059,0.1065309412975877,-0.6482494558643462,0.7171455376514512
4113.TWO,2026-10-08,聯上,上櫃,建材營造,0.8444014194304337,-0.6390722510122329,0.5294187414135969,-1.052475753031094,-0.7146675153313811,-0.973716708497897,7.074429064439638,0.41933076932237656,0.9233929650529147,0.7123378590873728
3479.TWO,2026-10-08,安勤,上櫃,電腦及週邊設備,0.12504082621466558,2.8302611006190332,0.869902201259674,0.21093667207780692,1.3866692288265392,0.6910551587519752,-0.0339322214211624,-0.20920951728966808,0.47469962515346154,0.7050470082435917
5014.TWO,2026-10-08,建錩,上櫃,鋼鐵工業,0.6962780508984873,4.564927776434667,0.6681322936172501,-0.18442505029840633,-0.3106828760915446,-0.2573173414464941,-0.0858608364728999,0.7996257278453411,0.4326523889681763,0.7025922370505086
5289.TWO,2026-10-08,宜鼎,上櫃,電腦及週邊設備,-0.4536725998963386,-0.6390722510122329,0.7396911396077052,3.133448865258523,-1.1933325514409396,2.8442902326908803,4.641523622568149,-1.756162676621606,-1.0374705259719765,0.6976936950202405
2408.TW,2026-10-08,南亞科,上市,半導體業,-3.104901471462261,-0.06085002574035522,-0.30655727405500277,4.47481788178391,4.140385744549936,1.773407872936027,4.508064564874346,-3.0763720142865325,-2.106708487572763,0.6934763101141449
1708.TW,2026-10-08,東鹼,上市,化學工業,0.29999933441996257,2.2520388753471554,-0.7596809990069312,1.4618064941446163,0.8906309117978255,2.3748733404780675,-0.053477411640013864,-0.4413305933863666,0.12240541922256305,0.683029485708542
2916.TWO,2026-10-08,滿心,上櫃,居家生活,0.7918602527843117,3.408483325890911,0.7454770321979518,-0.3359645407208082,-0.38162350204068757,0.4137820622396701,-0.3199192887876171,0.5870595327804472,1.1696407438758945,0.6754217353577859
1702.TW,2026-10-08,南僑,上市,食品工業,0.9697936665955771,4.564927776434667,0.2544328552243711,-0.42797837726293975,-0.2510413717282805,0.2695225710829467,-0.33006236664956595,-0.21628096371236255,1.0891405566666774,0.6580504829612323
3631.TWO,2026-10-08,晟楠,上櫃,電子零組件,-1.425461336102328,1.0955944248034002,-2.251533757074781,1.8423572060893312,1.9908797659151558,1.2485419507125506,3.3072202607578576,0.3535274072791358,-0.275393529327795,0.6539702658947253
5288.TW,2026-10-08,豐祥-KY,上市,電機機械,0.6005566216722545,-0.6390722510122329,0.7807922439487799,1.277394524489349,0.8422451656023817,2.604339784538919,0.1792694797738459,-0.3959054998370341,0.6084285799744714,0.6508942943500816
5324.TWO,2026-10-08,士開,上櫃,建材營造,1.4127149605074703,0.5173721995315225,0.6000661966528427,0.12165235544362694,0.24372352823771978,1.5389935844113052,-0.3688177930815003,0.5410401848243198,1.2076434004887187,0.6460431796684473
2509.TW,2026-10-08,全坤建,上市,建材營造,0.9406212885352426,-0.06085002574035522,0.869902201259674,-0.48962160136627325,-0.323800173252128,-0.32620968211934265,4.071281613690888,0.5036259615846139,0.5425533837261526,0.6363892184798304
6226.TW,2026-10-08,光鼎,上市,光電業,1.6587341882542277,-0.6390722510122329,-0.12519416422756985,0.7879666597848848,1.345923428399995,4.217575206772922,-0.2273558209045723,0.1786472229817572,-1.5191472519214926,0.63089746868088
8150.TW,2026-10-08,南茂,上市,半導體業,-1.1522775202745754,-0.06085002574035522,-2.475000135722067,4.47481788178391,3.8300294373274286,4.217575206772922,-0.05267102706432899,-1.567757454923335,-1.5520088605501199,0.6290952779566088
6223.TWO,2026-10-08,旺矽,上櫃,半導體業,-2.4356931476078967,3.9867055511627885,-1.4076878940764561,4.47481788178391,2.78577731100596,2.8454690895598618,0.2637974684579973,-2.665084449192353,-2.2181496614908234,0.6255502388447765
5706.TW,2026-10-08,鳳凰,上市,觀光餐旅,0.3653334228817559,3.9867055511627885,0.680103026648328,-0.3324406467765941,-0.3559546651237506,0.0644118547587579,-0.40687194241785823,0.3772669852792359,1.2453538930123693,0.6248786088250036
2451.TW,2026-10-08,創見,上市,半導體業,-0.21580746741925583,-0.6390722510122329,-0.09337963117639642,3.061951233341274,-0.3189907495268972,3.5883194481180043,2.041029380588472,-1.7554454292681396,-0.10582379027963622,0.618086749262799
4556.TWO,2026-10-08,旭然,上櫃,其他,-2.0629611781406014,-0.06085002574035522,-3.509081147411912,4.402519581560003,4.724051076494504,4.217575206772922,-0.17832884986967268,0.069737252364602,-2.040095999379994,0.6180628796277219
2248.TW,2026-10-08,華勝-KY,上市,汽車工業,0.6318920138372417,-0.06085002574035522,0.5361833175934239,1.0300228767049284,0.4595679550659372,2.045963109052997,0.19938325812857413,0.532374244834131,0.17126561397293666,0.616200262605535
6194.TWO,2026-10-08,育富,上櫃,電子零組件,0.6464634546656011,4.564927776434667,-0.9247914087443825,-0.24167109822204544,0.01528883377398792,0.08626790569553372,-0.5712089551954403,0.9085193239665134,1.0284642602843024,0.6124733436287485
2073.TWO,2026-10-08,雄順,上櫃,鋼鐵工業,0.9969742657769461,,0.869902201259674,-0.22766717049278096,-0.2627482239245324,-0.2101862408076305,1.8190147894891375,1.388529085911374,0.5151826267965164,0.611125166751088
4402.TWO,2026-10-08,郡都開發,上櫃,紡織纖維,1.231470663617125,-0.6390722510122329,0.11213209336773858,-1.2030483496424498,-1.4504741636873901,-1.3477755465356995,6.924343316797586,1.233716968523703,0.5748966938847201,0.6040210472570112
1449.TW,2026-10-08,佳和,上市,紡織纖維,0.7187302192424355,2.2520388753471554,-0.17992543131370248,0.060584000592395,0.10813983051461612,0.7279875545841564,0.5279955033756836,0.865488024065245,0.3548028144983038,0.6039823767673653
3546.TWO,2026-10-08,宇峻,上櫃,文化創意業,1.147327208190916,1.0955944248034002,0.5002231534567261,-0.2799481638064935,0.06959642352390999,1.0335465406296027,0.4710081215077072,0.257204155767767,1.1126553859796189,0.6008008055614618
2025.TW,2026-10-08,千興,上市,鋼鐵工業,1.0809039803573577,1.0955944248034002,0.2721361256342562,0.14316262403685961,0.5908393150912243,0.8811269757847321,0.5460895392182311,0.654680913904229,0.11969979389395999,0.5982481880804723
6189.TW,2026-10-08,豐藝,上市,電子通路業,0.015220332357425885,4.564927776434667,0.869902201259674,-0.10577636733702747,0.11329138623188799,-0.06221896421250374,-0.23795330368044504,-0.3881497504450903,0.603231937647518,0.5969416942506784
2926.TWO,2026-10-08,誠品生活,上櫃,文化創意業,0.39645331650082977,4.564927776434667,0.42122879875865615,-0.7747397481607361,-0.6620152954967946,-0.3595822135030869,-0.32173469126729326,0.9563248616388751,1.1137941815032826,0.592739665156489
5511.TWO,2026-10-08,德昌,上櫃,建材營造,1.1937684466432972,0.5173721995315225,0.08406778912844824,0.7616766955838589,0.33613086297714156,2.3392873424506924,-0.3178821200612572,-0.19804195146521233,0.573055123266208,0.5877149320060777
4106.TW,2026-10-08,雃博,上市,生技醫療,0.7259728106318961,1.0955944248034002,0.6621019839127013,0.17868135554328743,0.21256911104991308,0.9665616103579823,-0.21885940274167845,0.6257865927277123,0.9441300826462609,0.576948729881275
6603.TWO,2026-10-08,富強鑫,上櫃,電機機械,0.9210322021754944,0.5173721995315225,-0.004953392390251629,0.7585020126860366,0.6767079289975005,3.1810993544985746,-0.4413486662248842,0.20062991450775286,-0.6233634244024363,0.5761864588199233
2414.TW,2026-10-08,精技,上市,電子通路業,0.2628248787355118,1.6738166500752778,0.17001627848690595,0.42267879040759027,0.6268739147094987,0.8483432083996862,0.34715466816345997,-0.144399138931357,0.9424653426490901,0.5721971769661849
3266.TW,2026-10-08,昇陽,上市,建材營造,0.8698802398668967,-0.06085002574035522,0.26350413301205766,-0.15502832987363113,0.07855955177167241,0.4601190688925721,2.3136815807829327,0.202546053216924,1.0522381627425834,0.5582944927412947
3653.TW,2026-10-08,健策,上市,電子零組件,-0.7812853251903417,1.0955944248034002,-0.9073209297079733,3.1272904572819056,3.3738945388464487,3.53230427736565,0.44557797342572214,-3.0659091026759153,-1.820149295647753,0.5555552242779048
3293.TWO,2026-10-08,鈊象,上櫃,文化創意業,1.1239539991549587,4.564927776434667,0.5253436996575429,-0.3576205350526705,0.13980673215195488,1.1477421833173451,-0.12581514421755904,-2.116733681594698,0.07774236971399698,0.5532608221739488
6547.TWO,2026-10-08,高端疫苗,上櫃,生技醫療,1.592012673080173,-0.6390722510122329,0.42640935763228016,-0.06464882309445916,0.2180909911494613,1.5253136150732873,3.2633100199345075,-0.6621700013011196,-0.6997062343416847,0.5510599274578014
2535.TW,2026-10-08,達欣工,上市,建材營造,-0.06557847264305385,1.0955944248034002,0.2618583770395075,1.1148073197871222,0.7663659864248819,1.3768152095905095,0.04157179450337267,-0.7800998134285843,1.0986111869643944,0.5455495570046166
1432.TW,2026-10-08,大魯閣,上市,運動休閒,0.6520392575214918,2.2520388753471554,0.7575457380908243,-0.2248808343578493,-0.348271780133848,0.19882399359381644,-0.6488994924246094,0.880823859287066,1.3738740489320511,0.5436770739840109
8176.TWO,2026-10-08,智捷,上櫃,通信網路業,1.017696488082122,-0.6390722510122329,0.6623140114298598,-0.23277009239836796,-0.9022026545809347,0.3565401883887108,2.0959998439313865,1.5096461488108643,1.013707525645166,0.5424288009218415
2258.TW,2026-10-08,鴻華先進-創,上市,汽車工業,0.5067506771733291,-0.6390722510122329,0.869902201259674,-0.6190247783030164,-0.28882143069105193,-0.3309210812440545,5.936303938006523,-1.249701593235905,0.6905335800170491,0.5417721402189238
6902.TW,2026-10-08,GOGOLOOK,上市,數位雲端,0.059663910841293334,-0.6390722510122329,0.869902201259674,1.0664997653403643,1.9416242778982258,2.2073800143662776,-0.08481826371024159,0.21282955560853842,-0.7649653835648644,0.5410048696696705
2527.TW,2026-10-08,宏璟,上市,建材營造,-0.22403506253467362,0.5173721995315225,0.36548097914129574,1.3682477750845177,1.6977466840405417,2.2318207519303925,-0.3041130122619653,-0.42477773551367276,-0.36425951904291226,0.5403870067083384
4550.TWO,2026-10-08,長佳,上櫃,電機機械,0.7648388600111398,1.0955944248034002,0.5170192707647012,-0.14412428134267138,-0.1397475727845698,0.7045180495871353,-0.16640098700030515,1.2308887952134906,0.8909741407200267,0.5281734111080385
2850.TW,2026-10-08,新產,上市,金融保險,0.5465379888574644,2.2520388753471554,0.02740805941120311,0.881511586838424,1.1532437067834858,0.6312426359477621,-0.2995453148218673,-1.2320818380824134,0.7887585385390717,0.5276793598689207
2206.TW,2026-10-08,三陽工業,上市,汽車工業,0.8524958578022835,2.8302611006190332,0.6037020846306231,-0.07027061102811055,0.2298609565131954,0.7331473121803291,-0.3421559949178164,-1.1987158934255413,1.0583674709757294,0.5218546981499695
1593.TWO,2026-10-08,祺驊,上櫃,運動休閒,0.7560927927286243,-0.06085002574035522,0.869902201259674,0.2713572148150606,-0.12115631209431967,1.007863137020757,-0.15086802945980302,1.0362439804818417,1.0635821576011242,0.5191296796236227
6163.TWO,2026-10-08,華電網,上櫃,資訊服務業,0.6588718205210069,0.5173721995315225,0.0859009153203767,1.6726190133414403,-0.8873344607096199,3.657315285666387,-0.5692817321924617,0.03193656004398279,-0.49678970813441464,0.5189566548209134
6155.TW,2026-10-08,鈞寶,上市,電子零組件,-0.9262535106370007,-0.06085002574035522,-1.1208802524415378,3.1894421300014577,1.050269481477635,3.659912798952223,0.09238823728868924,0.05920313396055536,-1.2873733310605469,0.5173176290890132
3310.TWO,2026-10-08,佳穎,上櫃,電子零組件,0.8860239383739746,-0.06085002574035522,0.6719959785561282,0.040116405270112586,-0.3319214680050623,0.43207781038445553,1.9070173874531136,0.1799274330047074,0.9030762848023098,0.5141626382332649
6461.TWO,2026-10-08,益得,上櫃,生技醫療,0.4667071541731768,-0.6390722510122329,-2.622904814894258,-0.2862935867302144,-0.35902151677767724,0.32580754794537387,7.074429064439638,0.4620547392637945,0.18871183135869313,0.512268685307366
4513.TWO,2026-10-08,福裕,上櫃,電機機械,0.7562641466909803,4.564927776434667,0.7658922210250891,-0.6839516054858176,-0.501363094793151,-0.11711996626686404,-0.17796829049248458,0.6615761743697104,-0.6754500439865255,0.5103119241661782
5434.TW,2026-10-08,崇越,上市,電子通路業,-0.7056939581939587,2.8302611006190332,-1.204540921593643,1.6719705132935594,2.0731955030228324,1.7278700045144382,-0.02613153363411388,-1.7191964339664687,-0.07559951592835858,0.5080149731259245
5508.TWO,2026-10-08,永信建,上櫃,建材營造,0.4144011845610374,1.0955944248034002,0.2994293752850352,-1.1180214165732647,-0.03491705325693018,-1.3039755340721693,5.137335410264026,-0.32353112610573814,0.39489068205341954,0.5068006607732017
2348.TW,2026-10-08,海悅,上市,其他,0.7170735854145761,1.0955944248034002,0.5368105295060095,-0.7904709857855556,-0.49489012375817765,-0.7729856068822872,4.3326238317475,-0.30629586720523216,0.23292290099041343,0.5055980765367385
3236.TWO,2026-10-08,千如,上櫃,電子零組件,-0.6417944661378737,-0.06085002574035522,-2.486085046878868,3.14504890326835,2.087607211454639,4.217575206772922,-0.1725998835239228,0.06473006960367061,-1.6077070166362115,0.5051027724647056
2727.TW,2026-10-08,王品,上市,觀光餐旅,0.731655819430205,2.2520388753471554,0.2944083441940172,0.025448534050918743,0.2145340037411472,0.9784413594061582,-0.24245698925940687,-0.6410099474262738,0.8934680162080312,0.5007253350768835
1734.TW,2026-10-08,杏輝,上市,生技醫療,1.1582347293391004,0.5173721995315225,0.5559321335624846,0.06150657875896721,0.23403003507688472,1.4609600449338354,-0.15372565813799222,0.031419718359613595,0.6402027286582543,0.5006591677869634
6210.TWO,2026-10-08,慶生,上櫃,電子零組件,1.3876154525495417,1.0955944248034002,0.2972709329138436,-0.18981871404705017,-0.4667432693035422,0.5876789312114549,-0.21413058301652768,1.4604484236631285,0.5345774691252404,0.4991658964332766
6538.TWO,2026-10-08,倉和,上櫃,電子零組件,-2.105820475140723,-0.6390722510122329,-2.467295206641775,4.47481788178391,4.724051076494504,3.410526004471138,0.14103486608841076,-0.3586816799947323,-2.7018940564117173,0.4975184621818647
6275.TWO,2026-10-08,元山,上櫃,電子零組件,-0.3818321207015157,4.564927776434667,0.5867050578493878,0.16756837583405831,-0.2897420029120915,-0.47821230549184296,-0.31986495969981615,0.3672149429631433,0.22706890556559003,0.49375929664906437
1788.TWO,2026-10-08,杏昌,上櫃,生技醫療,0.7435985301446921,1.6738166500752778,0.7376405717076746,-0.1894301401487782,-0.21903959369841036,0.4196028487389328,-0.2629410116060603,0.11695675051125506,1.3738740489320511,0.4882309616285149
1342.TW,2026-10-08,八貫,上市,其他,-0.041160330032194326,2.2520388753471554,0.4999938181633331,0.40238953141955297,0.22822810836341903,0.279342117202933,0.20289751548531376,-0.08660825409842263,0.6516286594748004,0.4876388934806546
7730.TW,2026-10-08,暉盛-創,上市,半導體業,0.4481575800676233,-0.6390722510122329,-0.16112963217893442,1.0129261499764388,0.9765777477811198,2.256237617800433,1.1094041920368403,-0.07549527375177464,-0.549458921022523,0.4864608010774435
2478.TW,2026-10-08,大毅,上市,電子零組件,-1.3917937900484554,-0.6390722510122329,-0.698710432493226,3.9865500013784674,2.3990900136816093,2.814456175015526,0.03694428220204391,-0.6337952449515438,-1.5187017523646869,0.4838852223786113
1521.TW,2026-10-08,大億,上市,汽車工業,0.7223747525198084,1.0955944248034002,0.6745836161427766,-0.04453736358476987,-0.043675645101270755,0.6526732083640855,-0.3927406077590924,0.7626715757825242,0.9234640464450962,0.4833786675125064
4175.TWO,2026-10-08,杏一,上櫃,生技醫療,0.7169492371506302,1.6738166500752778,0.6711189588598993,-0.34756679846387883,-0.19557807572118777,0.14107326314504456,-0.3082875022344633,0.70599569305044,1.2863842280194602,0.48265618376458025
2425.TW,2026-10-08,承啟,上市,電腦及週邊設備,0.4263161168387056,1.0955944248034002,0.647422374066243,0.24505076579567803,0.27458747142677326,0.6329757848974985,0.6837698217446713,0.42033329225320015,-0.086677157127904,0.4821525438553629
2607.TW,2026-10-08,榮運,上市,航運業,0.9471471420965898,3.408483325890911,-0.5115524571364334,-0.24183655631804551,0.14622996172312863,0.4050014875874545,0.08671669020102576,-0.9002502921323154,0.9966686590026831,0.48184532899055543
1323.TW,2026-10-08,永裕,上市,塑膠工業,0.7071255459312532,1.0955944248034002,0.4746733317748766,0.12858355502987817,0.3334894523173407,-0.0694222134587221,-0.04565443185975934,0.7625995238251638,0.8930173967619379,0.47555628723615206
6026.TWO,2026-10-08,福邦證,上櫃,金融保險,-0.9229969054985776,2.2520388753471554,0.6579510285866668,0.8017201203223012,0.18494577248740815,-0.865229568845924,1.6633815651388475,0.05740421315536144,0.423221755366224,0.472492984006607
8050.TWO,2026-10-08,廣積,上櫃,電腦及週邊設備,0.8112915549013602,-0.6390722510122329,0.869902201259674,0.18593496142246316,1.1895385682566713,1.3777360774399654,0.47647553346657806,-0.3587768833319886,0.3382855210836704,0.47236836483179573
5547.TWO,2026-10-08,久舜,上櫃,建材營造,0.7620024760818689,-0.06085002574035522,0.7865393638943053,-0.2836127646439618,-0.0721173276075897,0.22624201510628128,0.43347981816389475,1.1581000303902302,1.2819640044061165,0.4701941766723101
4119.TW,2026-10-08,旭富,上市,生技醫療,0.906432908825865,1.0955944248034002,0.3684905144649543,-0.1629619132203996,-0.10834017753936803,0.522359459753213,1.2808041846714024,0.034303507552854134,0.28116757998057107,0.46865005436583246
5278.TWO,2026-10-08,尚凡*,上櫃,數位雲端,0.3138824533999497,3.9867055511627885,0.5839908645883571,-0.748583319624196,-0.24768608709267986,-0.4386799536645381,-0.12193065428152428,-0.004601109797305896,0.8381700351896434,0.4623630866533882
3623.TWO,2026-10-08,富晶通,上櫃,光電業,-0.04092928523692916,1.0955944248034002,0.5294187414135969,0.09555187296349407,0.3156952028105476,0.6384157426060113,0.4919349074686778,1.2576938018629396,-0.2528976192431933,0.4589419766053939
9949.TWO,2026-10-08,琉園,上櫃,文化創意業,1.6587341882542277,-0.6390722510122329,0.869902201259674,-0.19661716580060942,-1.1349924664990991,2.552847721486979,-0.20983020444311434,1.1271861153643472,0.09129832187257386,0.45771738449808286
2455.TW,2026-10-08,全新,上市,通信網路業,-0.35665131573113407,0.5173721995315225,-1.2220601298961293,2.783030784258133,1.88522111972843,3.1645233771133343,0.27490284260675163,-1.6565949524173933,-1.2932726819599476,0.45516347147039643
1558.TW,2026-10-08,伸興,上市,電機機械,0.8340718083679584,-0.6390722510122329,0.869902201259674,0.35609249180959174,0.3902258555909591,1.5600166606196957,-0.17920455388442239,-0.0052670996147800905,0.9092718738401552,0.45511522077517763
8923.TWO,2026-10-08,時報,上櫃,文化創意業,0.7028010152604501,,0.030039429685903136,-0.11148730310739813,-0.2614768599344287,0.7689943508559147,-0.1057961918536779,1.5274668696227087,1.0676802593124466,0.45227769623023983
2107.TW,2026-10-08,厚生,上市,橡膠工業,0.37867972092313384,1.6738166500752778,-0.12733478328951095,0.2500805905910935,0.3893653642382116,0.7078658832148437,-0.16294328408243536,-0.13982923787542947,1.0998174358053383,0.452168704400058
4416.TWO,2026-10-08,三圓,上櫃,建材營造,1.4614774662028744,-0.6390722510122329,0.7360592468839404,-1.4631094771778417,-0.7450743088679874,-1.7913145482238895,7.074429064439638,1.2379328086657142,-1.8122524795187815,0.451008391265715
2033.TW,2026-10-08,佳大,上市,鋼鐵工業,-0.1203212784710825,-0.6390722510122329,-2.4859359187239276,0.9003057792503643,4.724051076494504,4.217575206772922,-0.2567001300075345,0.056952505181090546,-2.380829754388318,0.44622502612175413
5520.TWO,2026-10-08,力泰,上櫃,建材營造,0.6252273514822196,1.6738166500752778,0.5882732765625673,-0.17900967219264013,-0.1358265623849441,0.2591453441148138,-0.3132373906839837,0.18603539968196822,1.2854400672600064,0.443318273768365
3067.TWO,2026-10-08,全域,上櫃,居家生活,0.823202463866874,,0.869902201259674,-0.33014313267015977,-0.45807006718636534,0.25829067028266145,-0.03382451768405622,1.698545179347424,0.7109343987188768,0.4423546494918661
7718.TWO,2026-10-08,友鋮,上櫃,電機機械,0.6573417863954086,0.5173721995315225,0.7965501851420603,-0.12926128462089062,-0.2571574979442395,0.5825703737848102,-0.2802942418192189,0.7147298694187957,1.3738740489320511,0.44174727098003325
1472.TW,2026-10-08,三洋實業,上市,建材營造,0.777764916105614,1.0955944248034002,0.48596558518872945,-0.02869907432087122,-0.16146500061151697,0.5416861467331685,-0.2714707871986302,0.23088835334507396,1.2968096894260785,0.4407860281634496
6277.TW,2026-10-08,宏正,上市,電腦及週邊設備,0.0496970810574899,1.6738166500752778,0.13865090113726622,0.6537676359140614,0.8747037257576628,1.0023208152003222,-0.19238750619979755,-0.19892435164943661,-0.0351618336628791,0.44072034640332963
6199.TWO,2026-10-08,天品,上櫃,其他,1.0587201861063986,-0.6390722510122329,-0.17992448330932284,-0.3049414058145897,0.9292651345169357,1.7990151866056903,1.1439965687130031,-0.14804719802020463,0.30300206204118907,0.44022375553631854
5514.TWO,2026-10-08,三豐,上櫃,建材營造,0.7750929382184899,-0.6390722510122329,0.7582922955017947,-0.45209215204876657,-0.3399316722438158,-0.08695248049542671,2.4199053760029643,0.4002624565702942,1.1097303307317783,0.4383594268027866
2615.TW,2026-10-08,萬海,上市,航運業,1.060762811758801,0.5173721995315225,0.7205935172320824,0.8987056926427693,1.0253066482277475,2.031864289908388,0.2267976490507984,-2.3256211219999297,-0.21499268496841142,0.4378654445981965
3135.TW,2026-10-08,凌航,上市,半導體業,0.35779534851397155,0.5173721995315225,0.44194737442900023,0.8937404328160011,-0.6137017626528657,1.2298730405635496,1.7153069535702405,-0.4871804729917104,-0.1289468741268579,0.43624513773920576
2241.TW,2026-10-08,艾姆勒,上市,汽車工業,0.03644512993363162,2.2520388753471554,-2.429237544443028,0.5810112552988435,1.8799339334967835,2.4343705236609825,0.06892590202813627,0.16078090054810737,-1.063118680249262,0.43568336618015
3362.TWO,2026-10-08,先進光,上櫃,光電業,1.1478834354728973,-0.6390722510122329,-1.6185758658668408,1.6550814225156516,2.4235194755899814,2.951016055342206,-0.6246912540036481,-0.8555661726204853,-0.526574029831179,0.4347800906207056
1474.TW,2026-10-08,弘裕,上市,紡織纖維,0.685769583539299,1.6738166500752778,0.7019292909652802,-0.4911478492657657,-0.1663953831799511,-0.3416697781891429,-0.3344991936258947,1.0123291339221876,1.1679306297291068,0.43422923155226634
5876.TW,2026-10-08,上海商銀,上市,金融保險,1.0512085592381686,2.8302611006190332,0.3880140100192802,0.22478349971218195,0.7623657006305057,0.33733598334671644,-0.2792006070198709,-2.173614888704728,0.7588998150729517,0.4333392414349154
7631.TW,2026-10-08,聚賢研發-創,上市,其他電子業,0.4009616195064446,0.5173721995315225,0.869902201259674,-0.1294393749888646,0.44246496734939095,0.1410537568016504,0.8048453062571336,0.5475332974271232,0.29189056301551974,0.4318427262399549
6218.TWO,2026-10-08,豪勉,上櫃,通信網路業,-1.2395803806740724,-0.6390722510122329,-1.6868433946015604,2.3244017246072564,3.5861273855796254,2.6773335886849847,0.11663538979274629,0.3946014894323031,-1.6763132744424516,0.42858780859628887
2471.TW,2026-10-08,資通,上市,資訊服務業,0.30471426266048407,1.0955944248034002,0.7381587422052458,0.013866643599707412,-0.1316482884293704,0.5040003159056364,-0.2783167792033975,0.638864167121794,0.9587857123313136,0.42711324455497934
6776.TW,2026-10-08,展碁國際,上市,電子通路業,0.6477921816766248,1.6738166500752778,0.48523387118908234,-0.02164232515273304,-0.7227221343178316,0.46904803816205387,0.018718895273596707,0.21233009202669864,1.0685246384652578,0.42567776748866964
1720.TW,2026-10-08,生達,上市,生技醫療,0.9714046488012241,0.5173721995315225,0.39083506439511,0.1725121030625829,-0.12988652254309024,1.2800936770223392,-0.2729414753557761,-0.2962088742652153,1.1842804655975794,0.42416236513847516
8083.TWO,2026-10-08,瑞穎,上櫃,電機機械,0.457628598554189,1.0955944248034002,0.5499550212005523,0.0923555724890673,-0.2199908659671954,0.8365528954501481,-0.2944607579606007,0.11910476283775089,1.1719162923389579,0.42318399374958554
8487.TW,2026-10-08,愛爾達-創,上市,數位雲端,0.5529664885028772,-0.06085002574035522,0.8219108565517881,-0.008133683183581241,-0.01439387476583589,0.8293119682276394,-0.29783030833375657,0.796629437626255,1.1713532971824232,0.42121823956305054
4737.TW,2026-10-08,華廣,上市,生技醫療,1.4459420939310565,2.2520388753471554,0.3241453277718529,-0.44597379713902985,-0.5517656054296308,0.4210560837031833,-0.4294074615714945,0.292823341156918,0.4754943309353129,0.42048368763392485
6598.TW,2026-10-08,ABC-KY,上市,生技醫療,1.538329796273257,-0.06085002574035522,-0.19758559819990718,0.21767772921287795,0.14904895288556433,2.0472649138898524,0.2129809413243353,0.5393058588310423,-0.6629054378721199,0.4203630145116164
5548.TWO,2026-10-08,安倉,上櫃,建材營造,0.7948339832487813,0.5173721995315225,0.7019292909652802,-0.2609930357630544,-0.26477966045310886,0.14251539545581055,-0.22500346751896222,1.0239329791459166,1.3440732356290974,0.4193201022490315
2412.TW,2026-10-08,中華電,上市,通信網路業,0.8222874889491563,3.408483325890911,0.6390124836912356,-0.010640796998867868,0.16584399290485197,0.8003223992058242,-0.11883366120134405,-3.0763720142865325,1.141321521347464,0.4190471932780776
8043.TWO,2026-10-08,蜜望實,上櫃,電子零組件,-0.47322536092234313,-0.06085002574035522,-0.7067328196092888,2.2229031332511817,2.3901458247794523,1.9704711676378652,0.13070768211726366,-0.32398752818902316,-1.3807937501948444,0.4187375914588787
5386.TWO,2026-10-08,青雲,上櫃,電腦及週邊設備,-1.2083832893745796,-0.6390722510122329,0.40412121122559214,1.15826324171465,-1.1410319382510048,0.7944359013586653,7.074429064439638,-0.48665227849690346,-2.1890025929229378,0.4185674520756541
2755.TWO,2026-10-08,揚秦,上櫃,觀光餐旅,0.45728350393175643,1.6738166500752778,0.869902201259674,-0.17825950080770603,-0.5472670593555315,0.3002599692223709,-0.20867633667725924,0.24695079223941035,1.1203371350069842,0.41492748387721967
4139.TWO,2026-10-08,馬光-KY,上櫃,生技醫療,0.8790313723054173,1.0955944248034002,-0.5704149775970211,0.08394472918242181,0.33490857063225626,1.2525070417600495,-0.31363590956298626,0.7447516991742904,0.21624145342205559,0.41365871156887596
3558.TWO,2026-10-08,神準,上櫃,通信網路業,0.05921473043624916,4.564927776434667,0.3490579546517987,-0.673147211717948,-0.036946688811129946,-0.6170855328704228,-0.022081882826686012,-0.09227974145892022,0.17956571241024488,0.4123583462497613
5609.TWO,2026-10-08,中菲行,上櫃,航運業,0.6259585841190461,1.0955944248034002,0.6982856496060782,-0.01322323720907162,0.011033592358241178,0.34274640994389083,-0.0026541717655997115,-0.3025773309106987,1.2559427934155696,0.41234519048453955
6195.TWO,2026-10-08,詩肯,上櫃,居家生活,0.5909778643285953,-0.06085002574035522,0.869902201259674,-0.11105340612953139,0.3201357871726797,0.581148913797344,-0.30900273145847873,0.9663051718626463,0.8508714113359962,0.4109372429365078
1419.TW,2026-10-08,新紡,上市,紡織纖維,0.9828754023745857,0.5173721995315225,0.5114224441781533,0.39196651893107975,-0.04241717696850269,1.2131076919757378,-0.2888527162775022,-0.64330791578112,1.0205709204249052,0.4069708187098733
1530.TW,2026-10-08,亞崴,上市,電機機械,1.1885307185775378,-0.6390722510122329,0.869902201259674,0.11255964591433554,0.04981362880224677,1.2158601196199845,-0.7115110774381544,0.5693108850733886,0.99070136054488,0.4051216923712956
8463.TW,2026-10-08,潤泰材,上市,其他,0.8771478523819831,1.6738166500752778,0.7906712104895022,-0.42961144008519225,-0.4872487055646338,-0.11664878909414952,-0.35413571101861824,0.469948991371146,1.2221155326164235,0.405117287907971
1321.TW,2026-10-08,大洋,上市,塑膠工業,1.4217812675670989,1.6738166500752778,0.6628477712502477,-0.36626051353627553,-0.21681211487531318,-0.24535717129628115,-0.2919242736997053,-0.04613902555962395,1.0336800274367939,0.4028480685958022
4916.TW,2026-10-08,事欣科,上市,電腦及週邊設備,-0.09103026905835125,-0.6390722510122329,0.3806625812663553,1.0913940002571931,1.67664534538465,1.6237551576810427,0.37691154297419,-0.3715222944469659,-0.4389235630316798,0.40098002777935576
6196.TW,2026-10-08,帆宣,上市,其他電子業,-3.013305040715642,3.408483325890911,-1.5762958987069196,2.094529735419434,4.204442490157133,0.8215424878791461,0.3849169881220081,-1.8716258835393158,-0.8493509908912596,0.40037080151283283
4163.TWO,2026-10-08,鐿鈦,上櫃,生技醫療,0.5889161345087487,0.5173721995315225,0.49384488141406396,0.5473688315206992,0.7307812545173855,1.3401041937292848,-0.1813800213181052,0.0010083326003658055,-0.4388202715170637,0.39991061499854463
1218.TW,2026-10-08,泰山,上市,食品工業,0.5614788201024576,3.9867055511627885,0.4049274979866707,-0.5249365518297442,-0.6770621032273826,-0.20326979687883748,-0.7552665684075603,-0.03836964308854522,0.8439878229272935,0.3997994476385711
1733.TW,2026-10-08,五鼎,上市,生技醫療,1.043213569501547,0.5173721995315225,0.0244041786180694,0.06279984177267073,0.054665526465982654,0.8896753281254225,-0.34340583454387985,0.49667957389016343,0.8492171081037977,0.3994023879405884
1731.TW,2026-10-08,美吾華,上市,生技醫療,0.5062730623151525,0.5173721995315225,0.70838978159082,-0.10438414716177222,-0.1221176517026793,0.3907766035388368,-0.1850010214839429,0.5479408092101338,1.3342596621445306,0.3992788108869557
1417.TW,2026-10-08,嘉裕,上市,紡織纖維,0.7263356005848681,0.5173721995315225,0.745938531848515,-0.08034247184222618,-0.32083301498838895,0.2416326479128658,-0.48988535299385483,0.9077620843595615,1.332741862236877,0.39785800962774887
3176.TWO,2026-10-08,基亞,上櫃,生技醫療,0.012764478601034824,0.5173721995315225,0.2436400483254577,0.33955820017009547,0.3412049629684077,0.9102098414413894,1.3662179301859432,0.14836607400606344,-0.34992963181443987,0.39215601149060825
4523.TWO,2026-10-08,永彰,上櫃,電機機械,0.038331230140992247,1.0955944248034002,0.658616868342899,-0.60954383861094,-0.6341836189618648,-0.41895496667612736,1.756425095803748,0.9042932613893555,0.7325625648097163,0.39146011344901993
6212.TWO,2026-10-08,理銘,上櫃,建材營造,0.805098595427755,-0.6390722510122329,0.7126722646931614,-0.6946073475001725,0.1312402644027385,-0.4072140808327428,2.525775096621031,0.4502702909326474,0.6368808585961457,0.39122707681425894
5533.TW,2026-10-08,皇鼎,上市,建材營造,0.963202148608589,-0.6390722510122329,0.5073707302433653,-0.30896913965814776,-0.10322626518390213,0.2956234936112782,1.2972592889963246,0.32902130720073325,1.1753045763033494,0.39072376545659526
1217.TW,2026-10-08,愛之味,上市,食品工業,0.9253712103986923,0.5173721995315225,0.6660954041892049,-0.24302783569856032,-0.18070256242306607,0.4591394329904744,-0.2116103521706562,0.20402906530386208,1.3738740489320511,0.39006006789483605
4527.TWO,2026-10-08,方方土霖,上櫃,電機機械,0.5720180332841446,-0.6390722510122329,0.869902201259674,0.14595391101917782,0.21579575214269206,1.309867602463681,-0.09874739985971563,0.48858935389917935,0.6281762863164867,0.3880537210570097
4568.TWO,2026-10-08,科際精密,上櫃,電機機械,0.6039046922414926,0.5173721995315225,0.7401925604637692,-0.26783556089309885,-0.23531025902791405,0.3560858372254799,-0.34460221892324977,1.0388946373480652,1.072724401668238,0.38682514329270057
3234.TWO,2026-10-08,光環,上櫃,通信網路業,-1.4716233200347468,-0.6390722510122329,-1.9932614839284986,4.47481788178391,3.0548465388488966,2.9263238101282028,0.6117602507069522,-0.7430072596071484,-2.7408421721756855,0.3866602216344054
2377.TW,2026-10-08,微星,上市,電腦及週邊設備,-0.28901755073550084,2.8302611006190332,0.3191734486988882,0.5254877580550624,1.466981603971254,0.43452106763622966,-0.3925905851921241,-1.7930434269650453,0.350081725683896,0.3835394601968548
2816.TW,2026-10-08,旺旺保,上市,金融保險,0.7301929255014075,-0.6390722510122329,0.14971976846529947,1.0881502206342462,0.8876151340277836,1.1072310364075384,-0.17073738483972348,-0.17210634711925282,0.4620999771423193,0.3825658976897095
7708.TWO,2026-10-08,全家餐飲,上櫃,觀光餐旅,0.7012265096018675,-0.06085002574035522,0.869902201259674,-0.19149738595691104,-0.0343327112646323,0.5289418999248665,-0.24193151007112837,0.6585674845973802,1.20725143655272,0.3819197665448313
1259.TWO,2026-10-08,安心,上櫃,觀光餐旅,0.7353468630035428,-0.6390722510122329,0.869902201259674,0.12333851468419918,0.08219676118079065,1.0525665615669944,-0.27618168977811497,0.7287345781456658,0.7552813918238505,0.38134588120826324
4545.TW,2026-10-08,銘鈺,上市,電子零組件,0.5634624103556446,1.0955944248034002,0.782300573726605,-0.22506104890713427,0.37463604158991076,0.3919673301705232,0.12811065388924817,0.515076109184361,-0.2082163610805357,0.37976334819244695
8077.TWO,2026-10-08,洛碁,上櫃,觀光餐旅,0.5487957503526113,0.5173721995315225,0.7883635103047455,-0.12060550764347652,-0.27996995105156275,0.34990587781761795,-0.3644564308737278,1.234613505925266,0.7272432310520108,0.37791802060166746
9946.TW,2026-10-08,三發地產,上市,建材營造,1.1120563041525906,-0.06085002574035522,0.869902201259674,-0.320679791815039,-0.4266523955535798,0.18686032004590858,1.261220680410101,0.14686510889972024,0.6266858665766917,0.37726758535952354
6906.TW,2026-10-08,現觀科,上市,數位雲端,0.5327263379005668,4.564927776434667,0.869902201259674,-1.1798528078350932,-0.7064264599531677,-0.9407780959483658,-0.3298941574643754,0.5819154512194809,-0.006502373368601138,0.3762242080271983
6870.TWO,2026-10-08,騰雲,上櫃,數位雲端,0.02026085795299703,-0.6390722510122329,0.2748313591207231,0.9368338188417498,2.1441783298228767,2.0206675265394503,-0.04513202488043869,-0.16607304440802903,-1.1620093171680996,0.37605391720099957
8042.TWO,2026-10-08,金山電,上櫃,電子零組件,-3.095730247324879,1.0955944248034002,-2.4628809243561918,4.47481788178391,3.8427681780609935,2.284423078570645,-0.005242029347480512,-0.5931505484477977,-2.1614613290179503,0.37545983163607216
6431.TW,2026-10-08,光麗-KY,上市,生技醫療,0.7285538644593932,0.5173721995315225,0.06039807846361143,0.2984976962653052,-0.8695460573653387,0.5700237264639793,1.2667139250872212,0.8747248016172042,-0.07226102406975775,0.3749419122725711
1416.TW,2026-10-08,廣豐,上市,其他,0.5390102814978915,0.5173721995315225,0.2931711599050534,0.03598139411549085,0.03983949728761732,0.4016039147753077,0.0573587034495804,0.6877522655211604,0.7946078732628733,0.37407747659405527
8478.TW,2026-10-08,東哥遊艇,上市,運動休閒,0.6949192047716486,3.9867055511627885,0.749491972205168,-0.8934106312419785,-0.5752638202717163,-0.7905780090908616,-0.4854715781944324,-0.3951118172643465,1.0301060342605706,0.3690429895929823
3705.TW,2026-10-08,永信,上市,生技醫療,0.7170022478816458,1.0955944248034002,-0.125053680277504,0.03775129577558134,0.2914414994109988,0.9473742597926936,-0.3005148464928547,-0.5045683012704862,1.1599537258823165,0.368775625056199
9912.TW,2026-10-08,偉聯,上市,電腦及週邊設備,0.6453540009439508,-0.6390722510122329,0.4762182016053948,0.035888936818985105,-0.0773457700114574,0.7292808792553344,-0.3605981122638111,1.3949544287856106,1.1074188999980004,0.36801102379108613
5460.TWO,2026-10-08,同協,上櫃,電子零組件,0.20163321726863123,2.2520388753471554,-2.4895431893611186,0.15687389342922525,0.8790170303381513,0.9059901798514192,0.2868156432677038,1.0537532873687412,0.06088783512492112,0.3674963080705366
6957.TW,2026-10-08,裕慶-KY,上市,其他,-0.006247048012603226,-0.6390722510122329,-2.456281353810418,0.42326987194401633,4.724051076494504,3.8817979579291046,-0.6095196817671191,-0.7854752894633782,-1.2254531284952677,0.36745223931184523
7765.TW,2026-10-08,中華資安,上市,數位雲端,0.3263117561234398,3.408483325890911,0.2140451835679764,-0.73082564811322,0.04137049426971924,-0.1773540103838434,-0.3112945923383837,-0.20318528396762958,0.7373481159700601,0.3672110378910033
1599.TWO,2026-10-08,宏佳騰,上櫃,電機機械,0.8803149695371787,0.5173721995315225,0.7244711124973235,-0.6201682019422202,-0.5324601489738704,0.007789910149756753,0.5112221676454628,0.870828795128306,0.9446213736135171,0.36711024190966407
2883.TW,2026-10-08,凱基金,上市,金融保險,-0.45351450962663714,-0.6390722510122329,0.11146306707848162,3.074585725123512,2.2974955934765298,2.0353606650163165,-0.7874539530034086,-2.759097386208737,0.38818933239427333,0.363106253693122
6552.TW,2026-10-08,易華電,上市,半導體業,-0.8333265541385289,4.564927776434667,0.7336158621977272,-0.4253901744745934,-0.5156371731958338,-0.8116521796502184,-0.5247287748217746,0.7423340920175826,0.3321591153723124,0.3624779988601489
9962.TWO,2026-10-08,有益,上櫃,鋼鐵工業,0.8086258623233085,0.5173721995315225,0.705222874362214,-0.2959474341600478,-0.28389724613025,-0.37985158657659657,-0.04575156278565962,1.2223690276496708,1.0078883173207762,0.3617811612816597
2636.TW,2026-10-08,台驊控股,上市,航運業,0.5614558488953816,0.5173721995315225,0.8223823910770173,0.005335987833949035,0.03191099114251503,0.30088326011957883,0.3987368931349162,-0.22450458893513764,0.8395981203186158,0.3614634559020398
1339.TW,2026-10-08,昭輝,上市,汽車工業,0.8536258400720113,0.5173721995315225,0.5099610134423447,-0.16730721846792387,-0.14305713226759564,0.5159742677518693,-0.20576974140107238,0.47926631539802395,0.8912701967090613,0.3612595267520267
6127.TWO,2026-10-08,九豪,上櫃,電子零組件,-1.0500668412382008,-0.06085002574035522,-2.4722557674424785,3.204961228538046,1.4726202692869066,3.7371366819936904,-0.08363009289383465,-0.00441751126329642,-1.511310904170335,0.3591318930077936
6573.TW,2026-10-08,虹揚-KY,上市,半導體業,0.09997188747824837,-0.6390722510122329,0.7642588589173023,1.4224229288630237,0.2227597162019842,1.7433117784865646,-0.19371147518342072,1.0224456617005044,-1.214591454688136,0.358643961195982
1817.TW,2026-10-08,凱撒衛,上市,玻璃陶瓷,0.7065810955977511,-0.06085002574035522,0.869902201259674,0.02997442354864241,0.06024438939552319,0.054115421573737686,-0.2530459928841569,0.5298453067420577,1.2799907532488901,0.35741750808241823
4588.TW,2026-10-08,玖鼎電力,上市,其他電子業,-0.1717882905936372,2.8302611006190332,0.4492221552793272,-0.46449022079884655,-0.2196464203590174,-0.32555528745652307,-0.09186721443766646,0.6341543293218392,0.5593093888827176,0.35551106005080296
8047.TWO,2026-10-08,星雲,上櫃,其他電子業,0.4468579900560392,0.5173721995315225,0.4746743368938682,-0.2608657446247922,-0.6536493002283621,0.23426915793359457,1.664021472016406,0.9115654303156452,-0.15022579178945808,0.35377997223382923
3010.TW,2026-10-08,華立,上市,電子通路業,-0.23787404995578318,2.8302611006190332,0.08253218783292637,0.6656123979161669,-0.06000357630143652,0.7023835213048435,-0.13593972772342097,-0.9802156457962534,0.31157864712961486,0.3531483172250767
2432.TW,2026-10-08,倚天酷碁-創,上市,電腦及週邊設備,0.6369421269485311,-0.6390722510122329,0.204067101516248,-0.059552405548935435,0.026922305117131416,0.7794426369863816,0.35514632909327215,0.8229090633233019,1.046003990706691,0.3525343219033765
9944.TW,2026-10-08,新麗,上市,其他,0.8641315255178589,-0.6390722510122329,0.6740154210490115,-0.08072624955451294,0.06441811684065264,0.4725201639301036,-0.25679819382170394,0.8040757068723516,1.2645213394565935,0.35189839769756914
2344.TW,2026-10-08,華邦電,上市,半導體業,-3.104901471462261,-0.6390722510122329,0.49137314316155734,4.47481788178391,1.9616059937490833,2.8940681967048034,2.1617200126838902,-2.8948474031240754,-2.1779358396947543,0.3518698069766578
4417.TWO,2026-10-08,金洲,上櫃,紡織纖維,0.5793619677094701,0.5173721995315225,0.6969132494876443,-0.02291158483252283,-0.1377644747865064,0.36581935804867716,0.16338630734839912,0.3154753154965893,0.6877376266769273,0.35170999607557785
2739.TW,2026-10-08,寒舍,上市,觀光餐旅,0.9045586201014616,-0.6390722510122329,0.7305082598591173,0.01981972128791466,0.17732753730400466,0.8630648984025485,-0.2596782625427522,0.4474736958554434,0.9184415335417649,0.3513826391996967
5703.TWO,2026-10-08,亞都麗緻,上櫃,觀光餐旅,0.8487862917990074,0.5173721995315225,0.12335830648220038,-0.3259641726971175,-0.17648182686654748,0.4494335515844805,-0.09736718478602327,1.1937069639758728,0.6219149690211839,0.35052878867161996
3226.TWO,2026-10-08,龍鋒,上櫃,電機機械,0.09259818444891509,-0.6390722510122329,0.869902201259674,0.3758915195033005,0.2902781020062442,0.978347838467274,0.7312605441240492,0.37902515789994035,0.07487654397364689,0.3503453156300902
4439.TW,2026-10-08,冠星-KY,上市,紡織纖維,0.39758946426534386,1.0955944248034002,0.5899473507690103,-0.05912471873651296,0.2963174171981244,0.06813758248245276,-0.16794512998423042,0.3778176357851077,0.5521883795252376,0.3500580451231037
8423.TWO,2026-10-08,保綠-KY,上櫃,綠能環保,0.4847159267743435,-0.06085002574035522,0.776060794728421,-0.11904590268672878,-0.21270386250464263,0.15972850150389656,-0.19358328947126888,1.356084826673985,0.9597991457029735,0.3500229016645138
911868.TW,2026-10-08,同方友友-DR,上市,其他／未分類,0.8308923384978727,-0.06085002574035522,0.5777767876551398,-0.3709297380122127,-0.40838972947696195,0.2912287869572552,,0.6339217693345122,1.3050541500860657,0.3498380424126645
4198.TWO,2026-10-08,欣大健康,上櫃,生技醫療,0.523280032494366,-0.6390722510122329,0.7626847683447872,0.40132582466886113,0.4261485046580451,1.0029439813421208,-0.3675946135738705,1.0966639788559032,-0.06379390913691438,0.3491762574045628
2637.TW,2026-10-08,慧洋-KY,上市,航運業,0.13094862985611805,-0.06085002574035522,-0.36389197404448975,1.5033126924349507,1.3413926622230277,1.782922543640555,-0.03799076728416226,-1.4427282658759248,0.2797311646612183,0.34809407331899306
4442.TWO,2026-10-08,竣邦-KY,上櫃,紡織纖維,1.6587341882542277,-0.6390722510122329,0.743606781796893,-0.3878784982664303,-0.40239020728550084,1.6242786217230067,0.7949653674865386,0.8272684380169203,-1.0951391131753183,0.3471525919486782
3492.TWO,2026-10-08,長盛,上櫃,電子零組件,0.9149227556014722,1.6738166500752778,0.3436163099580549,-0.5342502895330914,-0.8072576572989618,-0.41904148402916747,-0.18545624163748214,1.4092741560423572,0.7255793816576622,0.3468003978706802
8921.TWO,2026-10-08,沈氏,上櫃,其他,0.8776503297604212,,0.05301660101762472,-0.2411924494869612,-0.1827800672256883,0.2818644353264253,-0.2530651842875006,1.3221240118704085,0.9156351351990974,0.3466566015217284
4580.TWO,2026-10-08,捷流閥業,上櫃,電機機械,0.43471159795801656,1.0955944248034002,0.7472934534716986,-0.39112296108369166,-0.10739314941839678,0.06272810816680487,-0.16995936847086715,0.35391654584415533,1.0879709322244957,0.3459710648328462
4406.TWO,2026-10-08,新昕纖,上櫃,紡織纖維,0.9736859886350292,-0.06085002574035522,0.5356309471340104,-0.15349602401642898,-0.15256423673168676,0.47957012105681307,-1.070985694825554,1.5650463034578797,0.9872088731499388,0.34480513912440514
6834.TW,2026-10-08,天二科技,上市,電子零組件,-1.4872669573333377,-0.6390722510122329,-3.400957317918542,2.6730363152374292,4.724051076494504,2.8641750241179507,0.6478676043711777,-0.32251732656619597,-1.961077708923637,0.3442487176074573
1537.TW,2026-10-08,廣隆,上市,電機機械,0.9516532749618092,1.0955944248034002,0.572606148992347,-0.32067975646707325,-0.4020283981304263,0.532658564710845,-0.2452965291270401,-0.18740117082415123,1.0987581786798832,0.3439849708443993
1904.TW,2026-10-08,正隆,上市,造紙工業,0.2942263100984532,1.0955944248034002,-0.15849944893036114,0.7644598029593049,1.0529702705631048,0.9499509096131303,-0.1403315294600471,-0.8488363351311468,0.08254045580920229,0.34356387336944894
8446.TWO,2026-10-08,華研,上櫃,文化創意業,0.8929619629647959,-0.06085002574035522,0.27355094848674966,-0.275379177258592,-0.2753168987361751,0.754797364323535,0.2582960854162372,0.24879477676649886,1.2718413277093206,0.34318848488133497
3465.TWO,2026-10-08,進泰電子,上櫃,其他電子業,1.6587341882542277,1.0955944248034002,0.8139122991004676,-0.9909878057466746,-1.044395712109063,-0.016222480174572226,-0.3194980706946276,1.042501900906938,0.8472388877903307,0.3429864035700474
3349.TWO,2026-10-08,寶德,上櫃,電腦及週邊設備,1.477756039339231,-0.6390722510122329,0.6873229471544354,0.2717300197697072,-1.0024590340184132,1.1805495013645921,-0.7667201268436488,1.2493457571572673,0.6257711800368712,0.34269155921642325
2640.TWO,2026-10-08,大車隊,上櫃,數位雲端,0.5249517684755425,-0.6390722510122329,0.869902201259674,0.43907723797606035,0.22640786914953817,1.4356382000137444,-0.17388790634088988,-0.17628951184342284,0.5774839725115818,0.34269017557662174
8481.TW,2026-10-08,政伸,上市,其他,0.7777478762110509,-0.06085002574035522,0.7869541980608526,-0.1230284536261555,-0.0683500053341,0.26985918582238194,-0.29223114519261795,0.5687214122694184,1.2025693670523474,0.3401547121692025
2945.TW,2026-10-08,三商家購,上市,貿易百貨,0.8925335570056641,-0.6390722510122329,0.7857068628867304,0.06717061606942072,-0.1972961728898813,0.4916417405323332,-0.03519176106039451,0.578838422986945,1.1140788438851146,0.33982331760041107
6154.TWO,2026-10-08,順發,上櫃,電子通路業,0.6769811941525531,-0.6390722510122329,0.5125153122999714,-0.09431383047345149,0.08740150164886293,0.4390922244282934,-0.2811939860867047,1.0942849099747145,1.2569866672174683,0.3391868602388305
2707.TW,2026-10-08,晶華,上市,觀光餐旅,1.0708900532972156,0.5173721995315225,0.6779338932241981,-0.23285043291726845,-0.09781999708641394,0.739775242176465,-0.27472708201948315,-0.7199340993312784,1.3718659629382608,0.33916730442369086
8424.TWO,2026-10-08,惠普,上櫃,建材營造,0.6689763998971405,-0.06085002574035522,0.725097044435613,-0.1296382229218178,-0.16254061228557393,0.33658679874293634,-0.27543867628139745,0.615109106426162,1.3213370779864275,0.3376265433621261
4953.TWO,2026-10-08,緯致,上櫃,資訊服務業,0.11548071464979322,1.0955944248034002,0.5827701165912315,0.18478595028116798,-0.008727399452831372,0.44878659873688737,-0.10990251674578548,-0.1429035772420993,0.8719390333704831,0.3375359272213608
4207.TWO,2026-10-08,環泰,上櫃,食品工業,0.7142707208750811,-0.6390722510122329,0.6088027429071929,0.2830166358103365,-0.03775830238029788,0.8759388911690396,-0.13589865075669094,0.3828962845678609,0.9806620144560526,0.33698423173737135
6016.TWO,2026-10-08,康和證,上櫃,金融保險,-1.7936806439901476,0.5173721995315225,0.5864063312533438,1.9391806357731538,1.2170701702932012,-0.4187615026850428,1.5217064088960917,-0.6027587796543331,0.06470605089088567,0.33680454114540836
1591.TWO,2026-10-08,駿吉-KY,上櫃,電機機械,-0.14375973524108063,-0.06085002574035522,0.2500783517177356,-1.4631094771778417,-1.568570898339408,-1.5954763385557047,7.074429064439638,0.8979122472816371,-0.3676571734230986,0.33588844610683577
2115.TW,2026-10-08,六暉-KY,上市,汽車工業,0.35660845404994734,1.0955944248034002,-0.5386702670371843,-0.20310458210914475,0.47570479010869676,0.2578168256825334,0.06961502274236084,0.592882252068605,0.9161340946933938,0.33584233500028987
6670.TW,2026-10-08,復盛應用,上市,運動休閒,0.7743701826936246,1.0955944248034002,0.25686472121938647,0.08624832257705586,-0.0014397486564344231,0.8150425243474465,0.04890591044722287,-1.0553720620079812,0.9846638747011908,0.3338753500138791
2911.TW,2026-10-08,麗嬰房,上市,貿易百貨,0.17396285295680383,0.5173721995315225,0.056196510809264966,0.4912467133845546,0.17625672567392195,0.21524597874103993,-0.5362741550476455,1.460552761386889,0.44901200456591994,0.33373017688914125
2887.TW,2026-10-08,台新新光金,上市,金融保險,-0.11526781076346689,-0.6390722510122329,0.12427802504458575,2.9720652840733797,1.8819305261934296,2.220537414776986,-0.7252767412355103,-3.0512964568752805,0.3263008866461797,0.33268876409423
2481.TW,2026-10-08,強茂,上市,半導體業,-0.3672526835315994,-0.6390722510122329,0.3927082537283132,2.349248723277585,1.8278445162236352,3.116878717033789,-0.08246178319105463,-1.376815687179065,-2.227171809385653,0.3326562217737464
3006.TW,2026-10-08,晶豪科,上市,半導體業,-1.702912642075157,-0.6390722510122329,0.3319127258933552,1.8245546456454187,-0.606286660768568,0.5144458222042363,4.891785375008845,-1.4917418390286477,-0.12920274617774338,0.3326091588543896
4542.TWO,2026-10-08,科嶠,上櫃,電子零組件,-2.0521213690935993,-0.06085002574035522,-0.0006857810658344832,2.441397355392897,1.9427273478211522,1.0090406305395545,1.3424249435925988,-0.3183543313292024,-1.3129707651683682,0.33228977832764917
5212.TWO,2026-10-08,凌網,上櫃,資訊服務業,0.7281981697974798,-0.6390722510122329,0.5604338213100507,-0.07713105766350213,-0.26656438315539904,0.8534481277930579,-0.12605164254063658,0.8537737699367439,1.1005703054872067,0.33195609555030764
2886.TW,2026-10-08,兆豐金,上市,金融保險,1.034583773986176,2.8302611006190332,0.5291876533276585,0.2868093069194645,0.5534702244951515,0.1033913665880032,-0.2058082681643306,-2.842808005720862,0.6943195160026777,0.3314896297836636
1409.TW,2026-10-08,新纖,上市,紡織纖維,-0.6268258564294817,2.2520388753471554,-0.1902767766498252,1.4133371319634267,1.3590759501045446,1.1636057126636896,-0.4142712028427977,-1.1045651535581447,-0.8737716894892835,0.3309274434565871
7827.TW,2026-10-08,漢康-KY創,上市,生技醫療,-0.8398411664277365,-0.06085002574035522,0.15944547212537016,1.8766270118879076,0.498827073993159,1.9824475374710064,,-0.7564972784886124,-0.2134551873737245,0.3308379296808769
1326.TW,2026-10-08,台化,上市,塑膠工業,-0.8103647586496742,1.0955944248034002,-1.1149991529836052,2.9648010807547633,2.133447614753191,2.2254890483068124,-0.06624303656651188,-2.5535105588093256,-0.9015582665546928,0.3302951550060397
6804.TWO,2026-10-08,明係,上櫃,運動休閒,1.4609416568561702,-0.6390722510122329,0.7783655783791504,-0.34120929129522976,0.0930798306774313,0.641703898936248,-0.3639519647987352,1.2752462530863504,0.03543352093510486,0.32672635908491743
6170.TWO,2026-10-08,統振,上櫃,通信網路業,0.33070614191182374,1.0955944248034002,0.5623253697982018,-0.12378210438124211,-0.03526777985546674,0.07041987722538201,-0.29958665062966894,0.21607142645353228,1.123052183834425,0.3266147654622652
4142.TW,2026-10-08,國光生,上市,生技醫療,0.5735744603145548,1.6738166500752778,-0.30726476360344435,-0.2524000486764426,0.09628245680992858,0.49128309694913586,-0.042334261596736936,-0.11056149185376832,0.8117048259350271,0.32601121381705916
6721.TWO,2026-10-08,信實,上櫃,其他,0.623071890987842,1.0955944248034002,0.869902201259674,-0.43740869296343154,-0.551556014616768,-0.3778092652557646,-0.4413751153446285,1.0696406001478371,1.0748740187400003,0.32499267197312903
1780.TWO,2026-10-08,立弘,上櫃,食品工業,0.18574246628646582,-0.6390722510122329,0.7368543515215369,0.8160206798002047,-0.3093056074304363,1.3206125648933906,-0.23237102779588847,0.5721855612111413,0.45681813254914067,0.32305387444703576
4105.TWO,2026-10-08,東洋,上櫃,生技醫療,0.550698285230293,1.0955944248034002,0.23041389024763936,-0.003706234373689481,0.011149499093564382,0.7210179112024193,-0.2117723702528548,-0.6537869481515245,1.1604125650958546,0.3222245580994557
4702.TWO,2026-10-08,中美實,上櫃,居家生活,0.49828050152418746,-0.6390722510122329,0.7614173088336676,-0.1701932683941981,-0.2650047425397879,0.3795859745063709,-0.0012609550513035747,1.4123180988912296,0.9198058293921145,0.32176405512778306
2069.TW,2026-10-08,運錩,上市,鋼鐵工業,0.10257922211235454,-0.6390722510122329,0.3247594444575823,0.9424269140099323,0.8942901206421023,1.4398027300069975,-0.1772305595460393,0.31493572094104927,-0.30758279918824427,0.3216565047137223
6242.TWO,2026-10-08,立康,上櫃,生技醫療,0.6761318962281105,-0.06085002574035522,0.869902201259674,-0.41839073670259297,-0.29880923391720626,0.03806527034680641,-0.344578916742413,1.1297238816862345,1.2966795401581341,0.3208748751751547
5215.TW,2026-10-08,科嘉-KY,上市,電腦及週邊設備,0.5258071408068118,-0.06085002574035522,0.42494254687281213,0.261836357104375,-0.15994415572658097,0.8312804698568398,-0.29480005779951635,0.6349396284305334,0.7213202878175936,0.3205035768469459
3037.TW,2026-10-08,欣興,上市,電子零組件,-1.152799068126859,3.408483325890911,-1.6185758658668408,2.156911710725734,1.4919764896309946,2.6602572090434884,0.1460812848258642,-3.0763720142865325,-1.1323116312586647,0.32040571561978837
3094.TW,2026-10-08,聯傑,上市,半導體業,-2.9394648817139983,1.0955944248034002,-0.42028670771755944,1.529071364110481,4.724051076494504,0.8033604637300956,-0.0790937098416186,0.1080511841819808,-1.9379822831907068,0.32036677009517533
5538.TW,2026-10-08,東明-KY,上市,鋼鐵工業,0.7940094722915646,-0.6390722510122329,0.44762482107811363,0.5306921702161422,0.5035935739602293,0.8179529088292911,-0.159413927773555,-0.034914689260065884,0.6214989325022865,0.32021900120353036
6604.TWO,2026-10-08,儒億,上櫃,電機機械,0.7878658869238732,-0.6390722510122329,0.6027484631409116,,-0.04821515377987416,0.3822603163272696,,1.0226683634563152,0.12889960296203998,0.31959360400261466
3402.TWO,2026-10-08,漢科,上櫃,其他電子業,-1.0121616079281064,4.564927776434667,0.25686472121938647,-0.2801191705334849,0.1442478915399112,-0.4511958220539115,-0.05631897990003864,-0.23948369021152632,-0.053889512996055634,0.3192079561745379
5230.TWO,2026-10-08,雷笛克光學,上櫃,光電業,0.32124630917428754,2.2520388753471554,-2.4526262070466047,-0.12586591725152826,1.3656260412300805,1.0849394585891186,-0.1636829071927446,0.9664420093677921,-0.3769743278655438,0.31901592603911255
6416.TW,2026-10-08,瑞祺電通,上市,通信網路業,0.3008004732659225,-0.06085002574035522,-0.4166939057865841,0.23502265303430028,1.2407849147790508,1.1333775419152354,0.6049564302841611,-0.15279161547634934,-0.014349416536005898,0.3189174499710417
7855.TW,2026-10-08,和運租車,上市,其他,1.551548545500901,1.6738166500752778,0.4641720965734667,,-0.7324318516359922,0.08441440342745204,-0.32844937508147054,-0.09276765861894938,-0.06936842598835928,0.3188667980315408
9917.TW,2026-10-08,中保科,上市,其他,0.9172809800682239,1.6738166500752778,0.7114377960417104,-0.15218732964208503,-0.22730972799189775,0.3782917063212958,-0.30218575221121163,-1.2139904248538675,1.0844622491537923,0.3188462385512487
3611.TWO,2026-10-08,鼎翰,上櫃,電腦及週邊設備,0.5747885144000454,0.5173721995315225,0.5945378249792849,-0.07395378187658902,-0.09106095164520116,0.5351986722479742,-0.10979962039448606,-0.1483185630103972,1.0706644955289004,0.3188254210845616
2327.TW,2026-10-08,國巨*,上市,電子零組件,-2.319701534986892,-0.6390722510122329,-0.46941157573200437,4.47481788178391,3.410002795397117,3.4162682528018915,0.10754735532537577,-3.0763720142865325,-2.038789395854884,0.3183655014928609
8477.TWO,2026-10-08,創業家,上櫃,數位雲端,0.425254947275457,-0.6390722510122329,0.7503485300752681,0.3269204479805346,-0.2565222597639536,0.7924824041052035,-0.37294682018086805,1.0968724515186976,0.7371918110707241,0.31783658456320335
8284.TWO,2026-10-08,三竹,上櫃,資訊服務業,0.5264726339018089,-0.6390722510122329,0.7208128681015137,0.08364242643322312,0.21357812889999978,0.8374775069502793,-0.1523379938677527,0.4629768048480969,0.7948668231205149,0.3164907719306057
4109.TWO,2026-10-08,加捷生醫,上櫃,生技醫療,1.1149344264779377,1.0955944248034002,0.5616950156211727,-0.7999788105928884,-0.668675815794349,-0.28970980814515285,-0.21977110351418971,1.014806443725633,1.037682502696652,0.31628636391980175
2855.TW,2026-10-08,統一證,上市,金融保險,-1.6512185198956135,-0.06085002574035522,0.15512842334027627,2.7143051846302213,2.0735624664158467,0.7510896604428733,0.6095961958514096,-1.5920191549936644,-0.17723727435039766,0.3135952173000662
6931.TW,2026-10-08,青松健康,上市,生技醫療,1.1856746088181571,1.0955944248034002,0.7371198272669613,-0.5205347847434325,-0.9995065223118785,0.05409740511672481,-0.1759747146722548,0.6139685143129312,0.8293642134910025,0.31331144134240124
9905.TW,2026-10-08,大華,上市,其他,0.6168791247716564,-0.06085002574035522,0.7118100503943631,0.010745747838029361,-0.01425033550803571,0.3387523135912246,-0.013211761434312562,0.033322256924190885,1.1881394791160218,0.31237076110586476
8941.TWO,2026-10-08,關中,上櫃,居家生活,0.7370211147052568,-0.6390722510122329,0.8316838386745148,-0.1465687880166738,-0.26375229711721504,0.5610003942230902,-0.3228817139638422,0.9226356274999945,1.1275900313136304,0.31196177292294697
2762.TW,2026-10-08,世界健身-KY,上市,運動休閒,1.0055148019618252,-0.6390722510122329,0.7842033730920955,0.15460172605653855,-0.07313990042933613,0.8891989100391992,-0.29522793310090834,-0.14369557415279122,1.1204654461189978,0.3114276220637097
2488.TW,2026-10-08,漢平,上市,其他電子業,0.43777503065282275,-0.6390722510122329,0.5604338213100507,0.08833945495904333,0.08452435061049708,0.6996583377229251,0.09242804275176632,0.33263758632315554,1.139508279622187,0.3106925169933572
2537.TW,2026-10-08,聯上發,上市,建材營造,0.48829339094353963,0.5173721995315225,0.7165022805105697,-0.10547601887767943,0.08380757946587672,0.008912481887853976,-0.4695498603457088,0.44902740199846747,1.1072609085088116,0.3106833737359171
3624.TWO,2026-10-08,光頡,上櫃,電子零組件,-1.3950814838599888,1.6738166500752778,-2.4895431893611186,1.4845276682018032,3.571519327977584,3.129660176871654,0.22823577556617478,-0.6663417870634064,-2.7408421721756855,0.3106612184702549
6903.TWO,2026-10-08,巨漢,上櫃,其他電子業,-1.1015027720023038,-0.6390722510122329,0.18105693188947733,2.475011312903782,0.038119331957426374,2.049767710243316,0.7204540975198978,-0.7019225475477121,-0.22833516696722742,0.3103974052204915
8937.TWO,2026-10-08,合騏*,上櫃,其他,-0.0773489468319636,-0.6390722510122329,0.6011455447886425,-0.7250255384648302,-1.1013951290811468,-1.382184567714732,7.074429064439638,-0.2932470850476296,-0.6764248141288365,0.308986252994101
8066.TWO,2026-10-08,來思達,上櫃,居家生活,0.756499235596206,1.0955944248034002,0.7556349138624797,-0.8180062804836904,-0.8558077478866286,-0.4128129373602133,-0.23883530868512176,1.5599726666107216,0.9357492908518725,0.30866536192322513
3045.TW,2026-10-08,台灣大,上市,通信網路業,1.1385811901320604,1.0955944248034002,0.45854154118366147,0.1914330736854185,0.32722340616871987,1.4239839452654746,-0.26675940240419144,-2.5626531762801794,0.9652282143528019,0.30790813521190735
8111.TWO,2026-10-08,立碁,上櫃,光電業,1.6587341882542277,-0.06085002574035522,-2.489544503747489,0.6610638913880208,1.0488610930521196,4.217575206772922,-0.41633091706346187,-0.24143694149978567,-1.6127902746644216,0.3072535240835308
1470.TW,2026-10-08,大統新創,上市,紡織纖維,0.6363718364595509,-0.6390722510122329,0.7322194857510786,0.1874538940915784,0.18826969960931347,0.6505778661019473,-0.6109984204950553,0.7298618803725229,0.8860039239695245,0.3067431016498031
5607.TW,2026-10-08,遠雄港,上市,航運業,0.3774306658343941,1.0955944248034002,0.5456314058831728,0.2860269912515135,0.20032233440509953,0.25227459421706655,-0.05067153487296168,-0.6368802328379387,0.6885123138128594,0.3064712180551784
2547.TW,2026-10-08,日勝生,上市,建材營造,0.8206635776272925,0.5173721995315225,0.6616739750765906,-0.2635332889565089,-0.33014611346242667,0.1526203634527087,0.3619541976880439,-0.23297267164084626,1.0677659215306445,0.3061553512052245
3680.TWO,2026-10-08,家登,上櫃,半導體業,-2.5389492669915388,4.564927776434667,0.20044750385335794,1.2942492821564757,1.0026944684402281,-0.030917932492551526,0.0914774350183833,-1.2658333532973822,-0.577519793045747,0.3045084577862103
6512.TWO,2026-10-08,啟發電,上櫃,其他電子業,0.7290890528867517,-0.6390722510122329,0.869902201259674,-0.21427285613395988,-0.1870911403265042,0.40430264351541223,-0.9376391830955766,1.5876362973686224,1.1136841074405204,0.3029487635447452
4566.TW,2026-10-08,時碩工業,上市,電機機械,0.6527767891593096,-0.6390722510122329,0.5185863104478629,0.182986325192059,0.48300251384088116,1.7647299192194847,0.1261174184358341,-0.12099169013937625,-0.2434667294087256,0.3027409561927885
2027.TW,2026-10-08,大成鋼,上市,鋼鐵工業,0.3893901007984485,1.0955944248034002,0.5181278148072387,0.6851815442246366,0.8371949712520054,0.5257496364817454,0.05819777178865932,-1.7651605667210195,0.3780457116612943,0.3024801565662677
6693.TWO,2026-10-08,廣閎科,上櫃,半導體業,-0.9351329231334964,-0.6390722510122329,0.869902201259674,2.2363382444908866,0.5509840012352363,2.128971993926161,0.6469318615583806,-0.16273795213688025,-1.9808717558635944,0.3017014911471261
2937.TWO,2026-10-08,集雅社,上櫃,居家生活,0.7241333340311848,-0.6390722510122329,0.6820137598009636,0.06180801529442991,-0.16460772017210568,0.9725490242831332,-0.2988459862516809,0.706888447177246,0.6591644498862347,0.30044789700413027
5016.TWO,2026-10-08,松和,上櫃,鋼鐵工業,1.0892347708404362,-0.6390722510122329,0.2721361256342562,-0.07691412653860276,0.2030730444498369,0.5323503580320713,-0.3036181269131213,1.0021823494798148,0.622020161886397,0.3001547006509839
3296.TW,2026-10-08,勝德,上市,電子零組件,-0.3352661518131072,1.0955944248034002,0.572606148992347,0.00019750582439980133,0.681991031736822,-0.05199009639075682,0.12126693515210892,0.5559146043318092,0.054529208863704125,0.2994270679445253
3498.TWO,2026-10-08,陽程,上櫃,其他電子業,-2.2993302590611746,-0.6390722510122329,-2.1770366413963878,3.5446331777209834,2.772592201748774,2.16347064967337,2.4782724496189097,-0.4249729586695893,-2.7408421721756855,0.29752379960521863
3205.TWO,2026-10-08,佰研,上櫃,生技醫療,0.2603803960555589,1.6738166500752778,0.5102185464697994,-0.32455503824237203,-0.3923349676957477,-0.08359890168124126,-0.34348481193274955,0.4761826548337618,0.8967954136411028,0.29704666016926556
6505.TW,2026-10-08,台塑化,上市,油電燃氣,0.3047861130676422,-0.6390722510122329,-1.1985472837780091,2.151605905213276,2.579079524539202,4.217575206772922,0.09446856265973244,-3.0646965453770365,-1.7731113589693797,0.2968986525684574
2409.TW,2026-10-08,友達,上市,光電業,-0.9306195861331861,-0.6390722510122329,-1.0159497203645116,2.305035822888943,3.4604889213076544,3.151837093416928,-0.39088338879883433,-2.249699998569234,-1.0207011782508641,0.2967150793871846
3118.TWO,2026-10-08,進階,上櫃,生技醫療,0.5883929126688402,-0.6390722510122329,0.653861935889018,-0.14954537259346454,-0.15499915423844485,0.3671918143227282,-0.48049958121025177,1.1651808622087103,1.3153794632197764,0.29621006991718657
6894.TWO,2026-10-08,衛司特,上櫃,綠能環保,-0.3013866876926657,-0.6390722510122329,0.49559073712365104,1.5587954881148223,-0.17835910705756836,1.721818689961701,0.24616431530922578,-0.13723187222404654,-0.10540439327876049,0.2956572132493474
2477.TW,2026-10-08,美隆電,上市,其他電子業,0.6722491759974963,-0.06085002574035522,0.7947479714562291,-0.21792826798529136,-0.26207347027302547,0.47406435050173673,-0.09861330540217611,0.4025469994637399,0.9535339815028828,0.29529748994680405
3066.TWO,2026-10-08,李洲,上櫃,光電業,0.08735883679689435,-0.6390722510122329,0.6832668208647094,1.1026174179176267,0.5113093997283716,1.7035017725276242,-0.17689840513764601,0.6792492989618358,-1.293692276044011,0.2952934016225747
2066.TWO,2026-10-08,世德,上櫃,電機機械,1.0119064177349728,0.5173721995315225,0.35006589375815905,-0.4433925193117361,-0.0837346057218562,0.2883070282494751,-0.2377565204735349,0.6619671563681604,0.5853481108274744,0.2944536845514041
4104.TW,2026-10-08,佳醫,上市,生技醫療,0.8361105469569763,0.5173721995315225,0.7774806765485964,-0.4004820583724009,-0.15287213236063055,0.24068976226509453,-0.061489091225824355,-0.4136426258670582,1.303525415681705,0.2940769659064423
4972.TWO,2026-10-08,湯石照明,上櫃,光電業,0.8000668667613317,-0.6390722510122329,0.765573193497083,-0.26407134435819946,-0.41753531804525545,-0.012699999197909095,-0.1447190115201585,1.224455941306611,1.3336767827667733,0.2939638733553382
5220.TWO,2026-10-08,萬達光電,上櫃,光電業,0.5355793299917212,-0.06085002574035522,0.3293012043658886,-0.1550706648227099,0.25213131819019996,0.39821723134092196,0.28680084144782336,1.2549210653642604,-0.195568629228886,0.29394018565654045
4432.TWO,2026-10-08,銘旺實,上櫃,紡織纖維,1.2397180268444026,-0.6390722510122329,0.4321898750945904,-0.34898404928470006,-0.20268021077516504,0.16094815986588334,-0.2725463403477886,1.3347668661137415,0.9356018936853557,0.2933268855760096
2428.TW,2026-10-08,興勤,上市,電子零組件,-0.3933208306139626,1.0955944248034002,-1.0174266698755985,1.4105649943881744,1.8147580438192379,1.351850604912023,0.10249004801399493,-1.0105059208869147,-0.7148327818301431,0.2932413236366902
1907.TW,2026-10-08,永豐餘,上市,造紙工業,0.7030118982163809,1.0955944248034002,0.204067101516248,0.33019549218298494,0.42607381346011375,0.5440848144759834,-0.2881106682034315,-1.173847761487443,0.7968652502345452,0.2931038183554202
3206.TWO,2026-10-08,志豐,上櫃,電子零組件,0.6658223682724134,0.5173721995315225,0.6722870126780316,-0.0418105022186889,-0.3719885441897922,0.1101549747201562,0.05915471187589559,0.7479172560623746,0.27328973407279455,0.29246657897830075
2548.TW,2026-10-08,華固,上市,建材營造,1.0155919601365728,-0.06085002574035522,0.6137364667231514,-0.031368050670422615,-0.3877977055723951,0.6592879673818242,0.8659283860846092,-0.913659957201579,0.8700376064748638,0.29232296084625214
1730.TW,2026-10-08,花仙子,上市,化學工業,0.5944427991068314,-0.06085002574035522,0.7384165532673642,-0.04577191485875771,-0.0947207837174389,0.005572646011959674,-0.34220010374568083,0.45782965980539425,1.3738740489320511,0.29184365322904093
2752.TWO,2026-10-08,豆府,上櫃,觀光餐旅,0.7537661939446442,0.5173721995315225,0.5875958659133902,-0.31611937378735666,-0.4445872963734279,0.4766115853568853,-0.264279680012354,0.21850122255412283,1.0935930803557077,0.29138375527590377
8938.TWO,2026-10-08,明安,上櫃,運動休閒,1.4976164398333136,-0.06085002574035522,0.7396906390414014,-0.2734767308349624,-0.7086213276986912,0.81555671608921,-0.186331368498845,-0.10320757005584834,0.8997092923068156,0.29112067382689316
3171.TWO,2026-10-08,炎洲流通,上櫃,居家生活,0.21920567215624406,-0.6390722510122329,0.27740743134485313,0.47958281111143897,-0.13804079778325234,0.7660093752274251,-0.22380499767597095,0.7770515247397862,1.091518650674912,0.2899841576425781
2332.TW,2026-10-08,友訊,上市,通信網路業,1.546365504414779,-0.6390722510122329,-0.28284994602561564,0.19200194352909408,0.7768941561284395,1.9853625950288796,-0.2949200314674459,-0.36516327968887347,-0.31115819850997717,0.2897178324885608
4306.TW,2026-10-08,炎洲,上市,塑膠工業,0.6585752424601198,1.0955944248034002,0.6366064863372296,0.17536757715765136,0.22876855504140592,-0.2623366635771537,-0.28400125361788275,-0.21860440686006744,0.5755308551662007,0.2895000907678782
911622.TW,2026-10-08,泰聚亨-DR,上市,其他／未分類,0.5147708478864517,,0.12952929087007392,-0.2917173082901491,-0.3564110526277714,0.2741716392625712,,0.6921878584613753,1.0636073704792477,0.2894483780059713
5356.TWO,2026-10-08,協益,上櫃,電腦及週邊設備,0.22152324415703586,-0.6390722510122329,0.7396906390414014,0.13348418542996754,0.17138982792173799,0.4690592987904312,-0.047544941586417144,0.580264892435321,0.9729601984825746,0.28908389929553546
3541.TWO,2026-10-08,西柏,上櫃,其他電子業,0.4707758243953637,0.5173721995315225,0.6629553761377022,-0.49996048682427724,-0.11411793554816646,0.14586795028697333,-0.16514388102730515,0.9782593456624382,0.6054126140824809,0.2890467785218591
6613.TWO,2026-10-08,朋億*,上櫃,其他電子業,-0.47830509321806314,-0.6390722510122329,0.2805258169402354,0.7647952912524282,1.1488038750558378,1.0415321946875065,1.274706957271572,-0.7152501034869707,-0.07943426816347124,0.2887002688140935
2505.TW,2026-10-08,國揚,上市,建材營造,1.3618012036567413,-0.06085002574035522,0.771096491566962,-0.37998375772814263,-0.5245920908885487,0.4607186367573609,-0.12878921276583052,0.038182988082131164,1.0585860638829097,0.288463366313692
9950.TWO,2026-10-08,萬國通,上櫃,塑膠工業,1.3259352727496545,-0.6390722510122329,0.705222874362214,-0.1834332065386362,-0.39191465747069265,-0.04449182805559986,-0.17533720470391145,0.8446569393502842,1.1538405355694128,0.28837849713894365
9928.TW,2026-10-08,中視,上市,其他,0.7873205082033797,-0.6390722510122329,0.776585697660999,-0.12467489876538115,-0.18974326025022897,0.2983381407074103,-0.36973478511320074,1.0344566960664257,1.0210768574514004,0.28828363388317463
4939.TWO,2026-10-08,亞電,上櫃,電子零組件,-0.11163277326890417,-0.6390722510122329,0.2582990049459278,2.2547959583363553,1.379289098915639,1.7180405302467823,0.05229990441251935,-0.06792549181883491,-2.2497970680954076,0.28825521251798264
2820.TW,2026-10-08,華票,上市,金融保險,0.9061009201621087,1.0955944248034002,0.4663636687843838,0.0889040880753407,-0.03452845540834695,-0.38023789705950733,0.1323968777523158,-0.7255027155592745,1.044279183975367,0.28815223283619856
6615.TWO,2026-10-08,慧智,上櫃,生技醫療,0.2968188389670845,-0.6390722510122329,0.7194777431402811,0.14900819531256623,-0.2750932979940657,0.4823317214069693,-0.3613098972855307,1.374720414593501,0.839210593123949,0.28734356225028024
1227.TW,2026-10-08,佳格,上市,食品工業,1.114649885950335,0.5173721995315225,0.6255779681041874,-0.171854321767169,-0.27242069168593225,0.6509196801420285,-0.24769780733043906,-0.7968247890955767,1.144523664521048,0.2849161987077783
3516.TWO,2026-10-08,亞帝歐,上櫃,光電業,0.23839040565757727,-0.06085002574035522,-0.5215830232048038,0.6236231621061505,0.7937938569627087,0.7459096403456184,-0.5500024682266483,0.9082900436542078,0.384253305958592,0.284647210834783
6185.TWO,2026-10-08,幃翔,上櫃,電子零組件,0.5570694925243492,1.0955944248034002,0.7349841989562547,-0.5059039217649819,-0.5059831451107354,-0.7136816955556327,0.03531486509177358,0.8021343294905986,1.0617477622450173,0.2845862567422271
6582.TW,2026-10-08,申豐,上市,橡膠工業,0.7654362444947682,-0.06085002574035522,0.33324956986870374,-0.04110361284258033,-0.14871235596869195,0.40201326391966974,-0.2820075738788824,0.4334518938686881,1.1594261283183176,0.284544836893293
8416.TWO,2026-10-08,實威,上櫃,資訊服務業,0.7359680202914781,-0.6390722510122329,0.47233469941105777,-0.1013437061005794,-0.010671161964068062,0.6845997722994093,-0.11557645003689947,0.21607980232129523,1.3089384360856495,0.2834730179216789
5274.TWO,2026-10-08,信驊,上櫃,半導體業,-3.104901471462261,-0.6390722510122329,0.6113461600494725,4.47481788178391,2.8758853946813265,1.790405845089635,0.6834047947281993,-2.8392927501270604,-1.3034910586303954,0.28323361612228815
6951.TW,2026-10-08,青新-創,上市,綠能環保,0.5392591015075505,-0.6390722510122329,0.869902201259674,0.11310578766691197,-0.10770154592782316,0.4571696403198394,-0.3185020327269321,0.40530428557168724,1.2224787775190582,0.28243821824197035
4907.TWO,2026-10-08,富宇,上櫃,建材營造,0.9984828126512844,0.5173721995315225,0.7523008120777519,-0.0004378603150343604,0.032672330548965955,0.4617939914042175,-0.9603520689842908,0.1866802633217977,0.5496541785033772,0.28201851763773245
2302.TW,2026-10-08,麗正,上市,半導體業,-1.2745935359767977,0.5173721995315225,-0.5057310623425314,1.6772375167106615,2.250656019310289,1.4683470851544607,0.41807963359393696,-0.11682498422959808,-1.9001489679346797,0.28159932264636267
1312.TW,2026-10-08,國喬,上市,塑膠工業,0.060008067447528776,1.0955944248034002,0.41745208671340955,1.0417975550851502,0.10692415894598555,0.6384914946241982,0.43108590245650513,-0.7307677732234816,-0.5303713177298199,0.28113495545809736
6464.TW,2026-10-08,台數科,上市,其他,0.9343548539405747,-0.06085002574035522,0.6933209516802584,0.047642393581078,-0.03314377493852,0.6481597757767747,-0.3661390419436192,-0.2412101274512934,0.907967774005598,0.28112253099005513
1451.TW,2026-10-08,年興,上市,紡織纖維,0.7647807484765257,-0.6390722510122329,0.5734813029853196,-0.0853542168382902,-0.1630501107567659,0.2958924788529608,-0.02212264257790165,0.42996831378437345,1.3738740489320511,0.28093307464956
8450.TWO,2026-10-08,霹靂,上櫃,文化創意業,0.7480910505489323,-0.06085002574035522,0.7511934275333262,-0.45398419787436317,-0.6223787188716771,0.23936085199436355,-0.6196836892301311,1.3719095768703196,1.1672946145116663,0.280105876638009
2506.TW,2026-10-08,太設,上市,建材營造,0.7871734197767758,-0.06085002574035522,0.8298124371028176,-0.365255471380268,-0.2355303715020316,0.0005369482687531033,-0.040002837847341106,0.45653460726678696,1.1422533086535043,0.2794080016220713
1517.TW,2026-10-08,利奇,上市,電機機械,0.7981858258941139,0.5173721995315225,0.2111880346667571,-0.019002765187035173,-0.4445794536378525,0.7375508091198415,-0.26487647375871054,0.6704980121715312,0.30557895440132393,0.27910168257794354
6197.TW,2026-10-08,佳必琪,上市,電子零組件,-1.6150291462362918,1.6738166500752778,-1.6533925693096954,2.0377496248956866,2.6167038437195784,1.2177470811613555,-0.12112912039084266,-1.1719678814805452,-0.4738569277081904,0.27896017274737034
1777.TWO,2026-10-08,生泰,上櫃,生技醫療,0.6839298485549646,-0.6390722510122329,0.373210705589395,-0.07283948159964178,0.1333855172382628,0.5900661703708547,-0.1873813639643541,0.4335863413392048,1.1942545027162401,0.27879333213696594
2890.TW,2026-10-08,永豐金,上市,金融保險,0.708132243595998,-0.6390722510122329,-0.15966862732246856,1.5845637425533645,1.0683827242507868,1.8795772872992986,0.08752076693976107,-2.7721066126047664,0.7465819731220096,0.27821236075797234
2753.TW,2026-10-08,八方雲集,上市,觀光餐旅,0.5820700159607461,1.0955944248034002,0.3130880481181043,-0.24084494950145763,-0.050624782506612086,0.4696867008030388,-0.2599258670165151,-0.3555692937907205,0.9501637312881477,0.2781820031286813
3164.TW,2026-10-08,景岳,上市,生技醫療,0.8845702538458442,-0.06085002574035522,0.3669912376152805,-0.48213062770300347,-0.286074900176272,0.2905960595813116,-0.2062634039572807,0.9450609139925761,1.0468329361922488,0.2776369381833722
1236.TW,2026-10-08,宏亞,上市,食品工業,0.39239607013786265,-0.6390722510122329,0.6069309052750543,0.26240808317927905,-0.15408508033793797,0.6770349935935853,-0.32647227457695205,0.6868173062362442,0.9926986743898583,0.2776284918760845
3689.TWO,2026-10-08,湧德,上櫃,電子零組件,-0.41590693864048184,3.9867055511627885,-0.17063398167596677,0.20949843288838607,-0.24721166516709753,-0.35725079386167435,0.19630152208052173,-0.2583928328671451,-0.4491459274958243,0.2771070407137229
3702.TW,2026-10-08,大聯大,上市,電子通路業,-0.5630716450917008,1.6738166500752778,0.5875958659133902,1.1121241519555136,0.5658495447644402,1.2977623571226455,0.35529550223237194,-2.07036976775683,-0.47402506086822116,0.276108622038543
2395.TW,2026-10-08,研華,上市,電腦及週邊設備,-1.4396588251069944,-0.06085002574035522,-0.16232962267408996,2.350920542639627,2.9848692542158486,1.4659193160156179,0.4163068974249684,-2.7537212767308503,-0.31962427785689196,0.2757591091318756
2801.TW,2026-10-08,彰銀,上市,金融保險,0.7452041647428851,1.0955944248034002,0.4407754915465841,0.6345716435067648,0.7940197795533446,0.5652708109292056,-0.15753960339706852,-2.371000737913927,0.7319208962204707,0.2754240966657399
6265.TWO,2026-10-08,方土昶,上櫃,電子通路業,-1.616598464766262,-0.06085002574035522,0.29010048432143937,1.7770857584119757,-0.029379464296798996,0.23202373202856694,3.687634637187846,0.10236079301821076,-1.904585037347137,0.27531026809083176
6227.TWO,2026-10-08,茂綸,上櫃,電子通路業,-0.10418102592687839,-0.6390722510122329,0.011649729203267008,0.3734500743121581,1.6190774367829048,1.0807862134018749,1.1194422247537426,-0.26013316269869813,-0.7322801139104412,0.274304347211744
2459.TW,2026-10-08,敦吉,上市,其他電子業,0.6138713224353184,-0.6390722510122329,0.7143747025864552,0.09286178283443706,-0.055681336524680096,0.7024306808784874,-0.20738652545291894,0.0012538619885260236,1.2443025644159036,0.2741060891276995
6605.TW,2026-10-08,帝寶,上市,汽車工業,0.732392657511778,0.5173721995315225,0.2477826844780435,0.05010968858397601,-0.002289054396947387,0.746653323657978,-0.09601473644165358,-0.7256389665021622,0.9718169785371438,0.27135386388440874
3434.TWO,2026-10-08,哲固,上櫃,光電業,0.6164331779433209,0.5173721995315225,0.4392044955346822,-0.4217839490529758,-0.04368888190449033,-0.19399058179512874,0.022401233765761124,1.1139887364498933,0.38781450321802413,0.27086121485451214
6122.TWO,2026-10-08,擎邦,上櫃,電機機械,0.5494777241025274,1.0955944248034002,-0.8687080357230864,-0.07625174804564136,0.3860175832733222,1.3310250563422892,-0.22273694547409983,0.20410766279528625,0.02534052977616008,0.2693184724277953
2729.TWO,2026-10-08,瓦城,上櫃,觀光餐旅,1.0197168915576154,0.5173721995315225,0.869902201259674,-0.5061626300813635,-0.46516870643053276,0.2803913163545177,-0.3191218637284997,0.02054214957424339,1.004408562682392,0.26909779119106325
4560.TW,2026-10-08,強信-KY,上市,電機機械,-0.029377216890075462,1.0955944248034002,0.35570049770592305,-0.3230059178546181,-0.2920738924597034,-0.026951002239199225,-0.05941326662604612,0.7374921207804415,0.9549247058043062,0.2680989392249365
2114.TW,2026-10-08,鑫永銓,上市,橡膠工業,0.7401539968182481,-0.6390722510122329,0.8325755998202056,-0.061936609711750024,0.034848034628488095,0.4077178027167742,-0.24355512186144648,-0.013073517518490759,1.3517076097326164,0.26770728262360133
4976.TW,2026-10-08,佳凌,上市,光電業,0.9893434565886198,2.2520388753471554,-0.33320428263656104,-0.48847004976519326,0.5663623677518436,-0.21657738770358198,-0.22559838504431895,0.16251152185645767,-0.3185028438456361,0.2653225858387539
7713.TWO,2026-10-08,威力德生醫,上櫃,生技醫療,0.4592079180589329,-0.6390722510122329,0.686074115020946,-0.0196951405766258,0.05194246988845921,0.4402094188676112,-0.21223286755438228,0.43955250752041086,1.1793031361537722,0.2650321451518768
6662.TWO,2026-10-08,樂斯科,上櫃,生技醫療,0.6181197369717599,-0.6390722510122329,0.7520264747372881,-0.44500394745741684,-0.2426802085280612,-0.029900803293534818,-0.0564325000344536,1.3664747993590285,1.058854434706521,0.26470952616098864
2430.TW,2026-10-08,燦坤,上市,電子通路業,0.74921021360127,1.0955944248034002,0.869902201259674,-0.6455765526665421,-0.7455481809987983,-0.4390034506006175,-0.34305725093809986,0.7426877120139687,1.0934922309937156,0.26418903860755233
3570.TWO,2026-10-08,大塚,上櫃,資訊服務業,0.4924745639754044,-0.6390722510122329,0.6705285875729808,-0.3685457720917411,-0.012075944487291018,0.18323618314768195,0.2943388654048148,0.5229478894052473,1.2325410199934976,0.26404146021204017
5201.TWO,2026-10-08,凱衛,上櫃,資訊服務業,1.6587341882542277,-0.06085002574035522,-0.17607946297345692,-0.717388719060282,-0.9384519641031462,0.6192766400147108,0.3463124702049397,1.1229491613740001,0.5134852444833655,0.2631097258282226
4538.TWO,2026-10-08,大詠城,上櫃,電機機械,0.39405738143578917,-0.6390722510122329,0.483757571427587,-0.015777716246411735,-0.19695773595042482,0.5445825328327504,-0.42456617253129225,1.1469308327025989,1.065808819597127,0.26208480691727676
8464.TW,2026-10-08,億豐,上市,居家生活,1.3326178808833804,1.6738166500752778,0.5907239139504697,-0.44474776185852977,-0.2617968697892142,0.5807448299712461,-0.18669789802340878,-1.674176959174133,0.7419986185016135,0.2613869338374113
7760.TW,2026-10-08,享溫馨,上市,觀光餐旅,0.9182844891407644,-0.06085002574035522,0.19801154587186526,-0.2774421535297171,-0.3514794781180659,0.5738566372738793,-0.3865780315506796,0.7140656212095371,1.0186319201584626,0.2607222805239657
4754.TWO,2026-10-08,國碳科,上櫃,化學工業,0.5901161892293195,-0.6390722510122329,0.6036290414102661,-0.07321926748201117,-0.027817509174787973,-0.07912843258977097,-0.24726800368028765,1.0915791711911114,1.1192716219304766,0.25978783998023147
1539.TW,2026-10-08,巨庭,上市,電機機械,0.7209560855582497,-0.6390722510122329,0.7625712655480157,-0.3799836755891376,-0.418908278860432,0.30099152084119196,-0.32523727274806524,1.1627881085814311,1.1516522106438594,0.25952863477365334
2427.TW,2026-10-08,三商電,上市,資訊服務業,0.4981340178512083,1.0955944248034002,0.7228799627562438,-0.5479397109953525,-0.31100896311057336,-0.10457858885977786,0.3062097190292995,0.2538276641425624,0.4209068454900097,0.25933615234522445
6671.TW,2026-10-08,三能-KY,上市,居家生活,0.9281809439581348,1.0955944248034002,0.7228799627562438,-0.8666816128669219,-0.7304063716327682,-0.372083449750518,-0.43883340267896936,0.969613227483491,1.0165727433750078,0.25831516282745554
6936.TW,2026-10-08,永鴻生技,上市,生技醫療,0.8026470997601043,-0.6390722510122329,0.6599360633916781,-0.18482844255167086,-0.20364413640803966,0.46124078962238346,-0.3939730241122011,0.6519199794639362,1.1694032257083582,0.25818103376247953
5488.TWO,2026-10-08,松普,上櫃,電子零組件,-0.2603225472354288,1.0955944248034002,0.4551542615851352,0.31626784054100787,0.3451639741043218,-0.18990614567946335,-0.29869158149933545,1.1222865099715107,-0.2674749337428261,0.2575635336498136
2705.TW,2026-10-08,六福,上市,觀光餐旅,1.0143591807516361,-0.6390722510122329,0.7582922955017947,-0.3507566788272078,-0.4272748186968196,0.41724389789427424,-0.3459948040453617,0.5304716711424462,1.3575880620476235,0.2572062838617948
7747.TWO,2026-10-08,昕奇雲端,上櫃,數位雲端,0.6502899925143354,-0.6390722510122329,0.7192544258955126,-0.2852529956964215,-0.09069590491691192,0.43436745086781964,-0.17916677348534346,0.43845643439685844,1.2610287682089034,0.2565787940858355
2520.TW,2026-10-08,冠德,上市,建材營造,0.9090826992788861,1.0955944248034002,0.5490834531949113,-0.24155703852439137,0.260455410242748,0.35603613865915174,-0.5693294544639181,-0.7291387461401634,0.6788641680729882,0.25656567279151254
3052.TW,2026-10-08,夆典,上市,建材營造,0.5941583221548609,0.5173721995315225,0.7091625712498536,-0.2939142461525003,-0.33000428807840027,-0.008666608949864062,-0.4335448248674903,0.6319595124594435,0.9212367846766579,0.2564177135582315
6577.TWO,2026-10-08,勁豐,上櫃,電腦及週邊設備,0.5484820655817172,-0.6390722510122329,0.5777777886856571,0.25653737752969086,0.1418304861119193,0.9474102153296374,-0.3161247433956302,0.2185117940952631,0.5721141520548998,0.2563852094423247
8367.TW,2026-10-08,建新國際,上市,航運業,0.8253618803557691,-0.06085002574035522,0.5806523325082847,-0.21552116651590572,-0.3063118627719727,0.15408325444893933,-0.3835635427742417,0.3662942148383695,1.3436990404962883,0.2559826805383529
8435.TWO,2026-10-08,鉅邁,上櫃,其他,0.6528452520444674,-0.6390722510122329,0.869902201259674,-0.2195798525750626,-0.2514615578643741,0.014867815873966702,-0.2685583900078195,0.7982822161057972,1.3460129410384742,0.2559153749847656
1726.TW,2026-10-08,永記,上市,化學工業,0.7836610298454136,-0.06085002574035522,0.781725759874631,0.016817001900408492,-0.01580727687036942,0.22298255190738098,-0.3389247219676551,-0.35631553899205876,1.269282147496035,0.2558412141614923
4111.TWO,2026-10-08,濟生,上櫃,生技醫療,0.648546396991852,-0.6390722510122329,0.6952347765098041,-0.24880796048474443,-0.2230292222432452,0.31083804932303016,-0.2808267241445208,0.8389981590041033,1.1995611740277938,0.25571582199687115
2731.TW,2026-10-08,雄獅,上市,觀光餐旅,0.6275365810338045,0.5173721995315225,0.6366073824665645,-0.18871732390107113,-0.3856650338038001,0.5119410590612135,-0.27982197944065984,-0.4119700792498228,1.2720334587383422,0.25547958493734374
4581.TW,2026-10-08,光隆精密-KY,上市,汽車工業,0.775239492102523,-0.6390722510122329,0.7645893588836171,-0.3939377509851492,-0.256341082141487,0.16804503348313823,-0.16261105565380374,0.8768724768701819,1.159872991807229,0.25473969037266847
5209.TWO,2026-10-08,新鼎,上櫃,其他,0.45632906078005675,0.5173721995315225,-0.6835985574088986,-0.0057623036849464284,0.26599710283709593,0.7480059969313241,0.4566076998052296,0.17380662653303006,0.36136691855467645,0.2544583048754545
1341.TW,2026-10-08,富林-KY,上市,塑膠工業,0.17078031389804843,0.5173721995315225,0.8129633177079435,0.08411350503318264,0.04186215215201838,-0.6626523414403708,-0.30073713891694026,0.4808754602464598,1.133648389384457,0.2531362063995912
1810.TW,2026-10-08,和成,上市,玻璃陶瓷,0.23029888470800544,0.5173721995315225,0.869902201259674,0.29120713081143645,0.6869573026827467,-0.08781542270627386,-0.30041522093983686,-0.017121962613504346,0.08552526121114896,0.2528789304383243
2065.TWO,2026-10-08,世豐,上櫃,鋼鐵工業,0.48803904430865025,-0.6390722510122329,0.7281520056156084,0.38713343861843735,0.48172460295592917,0.3005479506281323,-0.09203128382754447,0.6742643632722392,-0.05546883564153027,0.2525876705464099
7767.TWO,2026-10-08,仁大資訊,上櫃,資訊服務業,1.0705121297888804,-0.6390722510122329,0.869902201259674,-0.5472577290731417,-0.036841215214859745,0.24054926047780864,0.0772811622560291,0.9851461870543775,0.24591207669463563,0.25179242469235236
3252.TWO,2026-10-08,海灣,上櫃,觀光餐旅,0.7381894159636903,0.5173721995315225,0.760115986749612,-0.6189836404246329,-0.8372162745968763,-0.0911664023895418,-0.6804243791283047,1.3335385068389316,1.1442580362994066,0.2517426054270897
8421.TWO,2026-10-08,旭源,上櫃,其他,0.848885908037317,-0.6390722510122329,0.3550451686614525,-0.15104246981206682,-0.3266210476647503,0.3972059581396109,-0.11981215785383618,1.3741238848664867,0.5257420791886243,0.2516061191722895
9937.TW,2026-10-08,全國,上市,油電燃氣,0.7234558591022124,1.6738166500752778,0.3740435828810377,-0.27462807502243863,-0.13091138343814257,-0.4269468402450352,-0.29670833850374523,-0.5533814679271296,1.1713429326414324,0.25112032439594106
4153.TWO,2026-10-08,鈺緯,上櫃,生技醫療,0.9871178483051052,-0.06085002574035522,0.3853680524673053,-0.399595211041831,-0.26963690916382016,0.15782913808287788,-0.23813418927127775,0.8123061196753933,0.8856654351744061,0.25111891760975596
3130.TW,2026-10-08,一零四,上市,數位雲端,0.7314469529530957,-0.6390722510122329,0.869902201259674,-0.17115494154952704,-0.17528848816960546,0.7203523763272083,-0.23257907769958447,-0.0008155380118948363,1.1454488454475638,0.24980445328274412
4120.TWO,2026-10-08,友華,上櫃,生技醫療,0.8694141272656942,-0.6390722510122329,0.7232009671177542,-0.15745950809796194,0.035497200063051244,0.621170533982523,-0.3666288468068774,0.33166038312720797,0.8254076369706587,0.24924336028997965
2022.TW,2026-10-08,聚亨,上市,鋼鐵工業,0.8921270987965239,0.5173721995315225,0.869902201259674,-0.2138412825829682,-0.7529672464741006,-0.3256849852728204,-0.400151666338471,0.6386610062927737,1.0062254496083654,0.24796030831338875
4102.TWO,2026-10-08,永日,上櫃,生技醫療,0.831410259826405,-0.6390722510122329,0.13358610552180952,-0.2534684216009608,-0.2597661543908401,0.35372026065919565,-0.2756132549093726,1.3132323761666305,1.0220974001928904,0.24734736893928055
2605.TW,2026-10-08,新興,上市,航運業,0.06410314704172873,-0.06085002574035522,-0.25774452092169026,1.1726643096371439,-0.3854414795479155,1.4544275486757727,0.1676361139470446,-0.6938308198751233,0.7623113320850953,0.2470306228113001
8433.TWO,2026-10-08,弘帆,上櫃,居家生活,0.7932249957951062,-0.6390722510122329,0.7414334343420914,-0.0745054053987636,-0.3488746245889958,0.6440074814141716,-0.3713159807199754,0.5342256486921987,0.9436601163960406,0.24697593499107123
6790.TW,2026-10-08,永豐實,上市,造紙工業,0.7225825444788356,-0.06085002574035522,0.869902201259674,-0.020314103778931922,-0.16981805839295308,0.14140440457923178,-0.37569798275088906,-0.22498884266476915,1.3304325979122065,0.24585030387800547
1437.TW,2026-10-08,勤益控,上市,其他,0.8927923472141347,-0.6390722510122329,0.8160657581922971,-0.09034674711676843,-0.14386365479182964,0.36812003221850564,-0.2043263174372019,0.05264219848694118,1.158146593052311,0.24557310653401743
3232.TWO,2026-10-08,昱捷,上櫃,電子通路業,0.6360608827173652,0.5173721995315225,0.7006599775152302,-0.5870088119705185,-0.5048675912026656,-0.318729882255686,0.09020106651653587,1.2195617502170741,0.45633980262460505,0.245509932632607
3504.TW,2026-10-08,揚明光,上市,光電業,0.610192983916426,-0.6390722510122329,-0.1366738558174875,0.9681277666521289,0.9183084576894551,1.3309777567023913,-0.19042742770576868,-0.19169552235714143,-0.46452626638728367,0.24502351574227635
3484.TWO,2026-10-08,崧騰,上櫃,電子零組件,0.14454530210631358,2.8302611006190332,-0.26648688982979113,-0.27215826262734216,-0.04182492336775518,-0.4282098947164602,-0.31671498389513125,0.34900679537457785,0.2057152538033125,0.2449037219407508
6173.TWO,2026-10-08,信昌電,上櫃,電子零組件,-2.530526900822383,-0.6390722510122329,0.8030530169151913,3.9390992943008634,2.7039896537307992,1.729772068878777,0.12886033640745118,-1.1914302654793671,-2.7408421721756855,0.24476697563815705
6609.TWO,2026-10-08,瀧澤科,上櫃,電機機械,-1.0196313710234308,1.0955944248034002,0.869902201259674,0.05930548060332353,0.09010987526685629,-0.3555780306993085,0.45906491103709,0.5473818695152681,0.45395410019142013,0.24445594010603255
1233.TW,2026-10-08,天仁,上市,食品工業,0.8956048859048907,-0.6390722510122329,0.809913020374811,-0.31700957453927137,-0.37759446933729823,0.31796648346260975,-0.2669320824741389,0.6076677425102419,1.1668791186848204,0.24415809706382585
7839.TWO,2026-10-08,達人網,上櫃,數位雲端,1.0501115347203742,1.0955944248034002,-0.14692582369393833,-0.773880475704335,-0.987046992938139,0.05380967833124691,-0.27237752679495986,1.4239582233720143,0.7459012992517431,0.24323826014971178
4116.TWO,2026-10-08,明基醫,上櫃,生技醫療,0.5877962913175281,-0.06085002574035522,0.5744716488935595,-0.4521313255603281,-0.016991405972033042,-0.08421996336471052,-0.33271825924088716,0.8240674660412557,1.1471347028928345,0.24295101436298486
8488.TW,2026-10-08,吉源-KY,上市,其他,0.8277184520637261,-0.06085002574035522,0.1000317326969062,-0.3960663576287604,-0.16923770087058584,-0.23688151265536816,-0.12428341959264681,1.3733429884051724,0.8710976374242752,0.2427635326780404
3646.TWO,2026-10-08,艾恩特,上櫃,電子零組件,0.915638482888604,-0.6390722510122329,0.6000661966528427,-0.5516639701555152,-0.09797245836862037,-0.30321292590251386,0.098954397695938,1.1830797303229703,0.9749382762298081,0.24230616426125343
2461.TW,2026-10-08,光群雷,上市,其他電子業,0.341859336430297,0.5173721995315225,0.5717273264425882,0.06944079468400119,-0.08173070681246444,0.29025612805716017,-0.38072226017314087,0.459503191118655,0.38578963064466604,0.24149951554703167
2617.TW,2026-10-08,台航,上市,航運業,0.6767689980944225,-0.06085002574035522,0.07130185137252128,0.39844285744001673,-0.05111622602074786,0.9007719681335705,-0.1475091016487913,-0.4051313198530966,0.7826559644540093,0.24059277402572768
3088.TWO,2026-10-08,艾訊,上櫃,電腦及週邊設備,-0.7299733345345846,-0.6390722510122329,-0.020859834132205046,1.1249200622471611,1.5138077709971405,0.9956656408122437,0.3385846624840444,-0.4716551354292279,0.04977459551465919,0.24013246410522202
3687.TWO,2026-10-08,歐買尬,上櫃,數位雲端,0.9522868379869711,-0.6390722510122329,0.869902201259674,-0.40154458907339474,-0.4290615954512811,0.47591544887412257,-0.1920330671585309,0.807058570667802,0.7138920787943767,0.2397048483208341
6542.TWO,2026-10-08,隆中,上櫃,文化創意業,0.7437763312114897,0.5173721995315225,0.7857068628867304,-0.40692538972475734,-0.7082385887348716,0.049670837021579206,-0.26328024325468785,0.8875073484493867,0.5506411927508948,0.2395811722374763
6270.TWO,2026-10-08,倍微,上櫃,電子通路業,-0.40664452258174194,-0.06085002574035522,0.375056693375383,0.5601298978953276,0.48677969573889707,0.4884295287328896,0.08748309193242484,0.7104598672478186,-0.08808926255544162,0.23919499600502248
1712.TW,2026-10-08,興農,上市,化學工業,0.6582997267057621,1.0955944248034002,0.7428128948181731,-0.12856601978775065,-0.4378962971899769,-0.10418588729409019,-0.3636878060092001,-0.5440072582927014,1.2296487628880726,0.23866806007129876
5348.TWO,2026-10-08,正能量智能,上櫃,運動休閒,1.27090797597035,,-1.2875381747639223,-0.4359077984473174,-0.030932030180016105,0.4989836986943726,-0.44351256061400623,1.698545179347424,0.637269589303823,0.23847698491383845
2450.TW,2026-10-08,神腦,上市,通信網路業,0.7722382503846242,-0.6390722510122329,0.7501354170435311,-0.12926840594111785,-0.17778300698275756,0.32934356484051236,-0.10128187240069564,-0.032680674287650625,1.3738740489320511,0.2383894522862516
3360.TWO,2026-10-08,尚立,上櫃,電子通路業,-0.20417282088722233,1.0955944248034002,0.2090272780140388,0.2369658291131387,-0.14813447926964568,0.23755737060029508,0.02191150436497601,1.0756456596012451,-0.3813734845947037,0.23811347574950245
6838.TW,2026-10-08,台新藥,上市,生技醫療,1.4276390924717943,-0.6390722510122329,0.869902201259674,-0.5634980287527508,-0.31898301719860583,0.4539276900838119,,0.3631207961775831,0.3069359599385098,0.23749655537097292
9908.TW,2026-10-08,大台北,上市,油電燃氣,0.7638477835291186,0.5173721995315225,0.695838120504455,-0.12033940623100106,-0.15145209771924456,-0.17262954165737246,-0.29837455280266945,-0.47292331486450356,1.3738740489320511,0.23724591546915066
4131.TWO,2026-10-08,浩泰,上櫃,生技醫療,1.2618225282222846,-0.6390722510122329,0.32276127175906894,-0.26318366216719397,-0.5720898972914771,0.8079681686626131,-0.24758223048610972,1.0419348533312027,0.42075476636632597,0.23703483859827573
6506.TWO,2026-10-08,雙邦,上櫃,紡織纖維,-0.07089631238832143,-0.6390722510122329,0.41836385156591976,0.2903565073861299,0.4010833639395212,0.2715147018371497,-0.22699905438693693,0.9019218385977432,0.7861234205170547,0.2369328962284475
9924.TW,2026-10-08,福興,上市,居家生活,0.9419429642088031,0.5173721995315225,0.6471273124907578,-0.5994623608300537,-0.501653968006185,0.039786122671796834,-0.30389881457332996,0.11214806369639868,1.2744996368635324,0.23642901733924918
1525.TW,2026-10-08,江申,上市,汽車工業,0.6932659557937999,-0.6390722510122329,0.869902201259674,-0.16524098769818205,0.03844260957558179,0.28100338775696754,-0.5256931521920186,0.23992075882745215,1.3346852071232524,0.2363570810482549
1340.TW,2026-10-08,勝悅-KY,上市,塑膠工業,0.7087212988504676,0.5173721995315225,0.4762175611940417,-0.4260108845174638,-0.9029053489831782,-0.99406409018608,0.6473360489499592,1.3213907311441162,0.7777127638020028,0.23619669775393198
5523.TWO,2026-10-08,豐謙,上櫃,建材營造,0.6570172376489101,-0.6390722510122329,0.7030427594265451,-0.11785988506975958,-0.07611511888870526,0.3117642355617883,-0.3285521563788639,0.2313914129570739,1.3738740489320511,0.2350544759085341
1108.TW,2026-10-08,幸福,上市,水泥工業,0.5194884638215823,1.6738166500752778,0.869902201259674,-0.49495245942981997,-0.7300220433826797,-0.5955785861662708,-0.47592113042528505,0.25944234924496956,1.0884336667061065,0.23495656796706163
6136.TW,2026-10-08,富爾特,上市,通信網路業,0.28235212626127854,0.5173721995315225,-0.9262374260135091,0.07878574153193026,0.2522368851117934,0.458098402242207,-0.06603953310196307,0.49074664235245125,1.025817239307109,0.23479247524698
4166.TWO,2026-10-08,友霖,上櫃,生技醫療,0.3848476285336724,1.0955944248034002,0.44821287998245457,-0.22816537949515484,-0.1949632178726396,-0.0002537341675170141,-0.21178159361296311,0.09534140735043659,0.7184527461303551,0.23414279573911603
5543.TWO,2026-10-08,桓鼎-KY,上櫃,建材營造,-0.01207127231688196,-0.06085002574035522,0.2477826844780435,0.7218854485568021,-0.24301149692286028,0.6499385878903737,-0.2779300152906282,1.0425342028507398,0.033799288088554154,0.23356415573264305
4535.TWO,2026-10-08,至興,上櫃,電機機械,0.6955332781489563,-0.6390722510122329,0.869902201259674,-0.24693686538889476,-0.15612365190276845,0.34916788895349127,-0.42180074195849643,0.7509215379183213,0.8969590696764845,0.23317227396605944
6169.TWO,2026-10-08,昱泉,上櫃,文化創意業,0.3255292553327461,0.5173721995315225,0.4446570444288005,-0.98073385172107,-0.9881407714526163,-0.6766630402808201,0.9414135056607722,1.698545179347424,0.8114424799717682,0.2326024445353919
1220.TW,2026-10-08,台榮,上市,食品工業,0.6833200481470769,-0.06085002574035522,0.5588442282605591,-0.4752446451055699,-0.5179850401316975,-0.020787705539081033,-0.09099621576657788,0.7713222174679282,1.24346644005914,0.2323432557390469
3085.TWO,2026-10-08,新零售,上櫃,數位雲端,1.019175584565054,-0.6390722510122329,0.869902201259674,-0.8419311579914004,0.8595693491275868,0.7477901975570623,-0.33346386384522814,1.2844703897838394,-0.8834456126150985,0.23144387075880632
6593.TWO,2026-10-08,台灣銘板,上櫃,資訊服務業,0.9495231334280841,-0.6390722510122329,0.5539656890908967,-0.8416838630165359,-0.6224001702526416,-0.2877690463278381,0.5908187876629695,1.1573189391575451,1.2221115089682906,0.23142363641094862
9931.TW,2026-10-08,欣高,上市,油電燃氣,0.6455907828942755,-0.06085002574035522,0.5225421927277718,-0.033983601878481824,-0.3253673853440662,-0.12438660407178495,-0.18579409821090956,0.31625598921283843,1.3280263293227896,0.23133706432356416
6281.TW,2026-10-08,全國電,上市,電子通路業,1.1693532007206373,-0.06085002574035522,0.803769871876237,-0.5833023361347889,-0.49369673863172203,-0.004465838414173783,-0.31141563191176164,0.18724925187350092,1.3738740489320511,0.23116842250773612
3684.TWO,2026-10-08,榮昌,上櫃,通信網路業,-0.0047472168546734105,1.0955944248034002,-1.1929151438583538,0.3650272708330536,0.07638921970445456,0.8664434016172513,-0.32656684928364677,0.785613234033063,0.3961596674981347,0.22899977872140928
2908.TW,2026-10-08,特力,上市,貿易百貨,0.6172181146986211,-0.6390722510122329,0.7168546380347919,0.1658768894529513,0.1779905391832389,0.3995804884345253,-0.3872096014999393,-0.29800027147877134,1.3052474498494873,0.22872066618474138
1813.TWO,2026-10-08,寶利徠,上櫃,生技醫療,0.8036798480300918,-0.6390722510122329,0.869902201259674,-0.5190709772990488,-0.6545547992918894,-0.09261285103035993,-0.33521960607901585,1.5758389502299746,1.047391502929813,0.22847577974855632
5478.TWO,2026-10-08,智冠,上櫃,文化創意業,0.9103229353056788,-0.6390722510122329,0.765788750113729,-0.1392962165540554,-0.3608513920960138,0.9268176211035886,-0.2727608167576537,-0.481271231872106,1.345591275690705,0.22836318599129324
5306.TW,2026-10-08,桂盟,上市,運動休閒,0.5086518742793097,1.0955944248034002,0.6777142532064888,0.04038153721023834,-0.15669367887921393,0.2867267478334299,-0.23593951467777746,-0.28815344220834394,0.12650896970252795,0.22831013014111776
3615.TWO,2026-10-08,安可,上櫃,光電業,0.11914378176482536,0.5173721995315225,-0.4894109625753252,0.9941068117955176,0.5697092700096063,1.919728215617841,-0.7435042418895049,0.5183270930365919,-1.3622089326709341,0.2270292482911267
4767.TWO,2026-10-08,誠泰科技,上櫃,化學工業,0.636033129037971,-0.6390722510122329,0.15258245444985033,-0.023242355998089465,0.22479118365350484,-0.03685254530261466,-0.4508766311006239,1.244213005598205,0.9348903894492813,0.2269407087528057
6240.TWO,2026-10-08,松崗,上櫃,資訊服務業,0.3883218156635025,-0.6390722510122329,-0.5907267800236166,0.5098843853527036,1.0159435052756702,1.385326286187414,-0.5341973505652234,1.4821644577945279,-0.9768434360351509,0.22675562584862163
4433.TWO,2026-10-08,興采,上櫃,紡織纖維,0.90167685166158,-0.06085002574035522,0.869902201259674,-0.37749118309988655,-0.5019110917899855,-0.14934975960879038,-0.7337778607788584,1.1181691391690376,0.9724627793528229,0.22653678338058203
6691.TW,2026-10-08,洋基工程,上市,其他電子業,-0.17498020867839878,0.5173721995315225,-1.2155834663321767,0.5704146893079841,0.6066835306416148,1.6458645098939944,1.50707812267646,-1.6625895787354708,0.24343402115189852,0.22641042438415868
2031.TW,2026-10-08,新光鋼,上市,鋼鐵工業,0.3196092597190983,1.0955944248034002,0.5426829450111993,0.11849068364123296,0.6427952552034515,-0.08249397866971941,-0.17953998344172403,-0.46505264673670216,0.04156588043703142,0.22596131555191867
1413.TW,2026-10-08,宏洲,上市,紡織纖維,0.5455727597440907,-0.06085002574035522,0.6879163739302624,-0.4776994844714945,-0.27710396967587425,-0.42510920565212784,-0.10108099829756012,1.0551987586045473,1.0858073550965175,0.2258501737264451
8342.TWO,2026-10-08,益張,上櫃,其他,0.9215472184750884,-0.6390722510122329,-0.31819496446071166,0.10897216081221757,0.027909200152916078,0.6616609204971301,-0.2921903311681642,0.5372786434936384,1.0220825303457235,0.22555479190395614
4744.TWO,2026-10-08,皇將,上櫃,生技醫療,0.9702146023459667,0.5173721995315225,0.4514654922625555,-0.3941402283959185,-0.8102804852816858,0.44296719238002924,-0.04120296490583436,0.8786173820387876,0.01229009046935933,0.22525592004942022
2010.TW,2026-10-08,春源,上市,鋼鐵工業,0.1716047856682747,1.0955944248034002,0.7209240052707913,0.32526524716670124,-0.18406977291211657,0.017857631802114197,-0.39415754478329523,-0.46278213431369664,0.7366718741208966,0.2252120574247856
2704.TW,2026-10-08,國賓,上市,觀光餐旅,0.9647270968050629,-0.6390722510122329,0.6441841677342638,-0.08520927792343638,0.024135528444652717,0.8961008680294963,-0.3015955457283454,-0.5328274234949144,1.0534921155236268,0.22488169759757481
1319.TW,2026-10-08,東陽,上市,汽車工業,0.3383831762252871,3.408483325890911,0.052622880773978795,-0.3125626809204336,-0.24648973424519025,-0.09297847705530951,-0.2762852710793019,-1.180947981986206,0.32742770325349313,0.22418366009524762
2540.TW,2026-10-08,愛山林,上市,建材營造,1.5852873247400523,1.0955944248034002,-0.08690075343118651,-0.5886836466105558,-0.01778185551361826,0.4789097931853062,0.5102366434640582,-1.1678041675735409,0.20625479069788516,0.22390139486242225
1324.TW,2026-10-08,地球,上市,塑膠工業,1.0861065732819284,-0.6390722510122329,0.7343041290687315,-0.2811436843012069,-0.2932697627086405,-0.4891416017221933,-0.6518432587794853,1.3563355265722787,1.1925212146429252,0.2238663205602339
4419.TWO,2026-10-08,皇家美食,上櫃,觀光餐旅,0.5060907940337617,-0.06085002574035522,0.869902201259674,-0.06733601691243375,0.008034152044546853,0.577579893829713,-0.29664109220080515,-0.1074407226325734,0.5807089488309516,0.2233386813902755
2903.TW,2026-10-08,遠百,上市,貿易百貨,0.8815048489911055,0.5173721995315225,0.5609865041665293,-0.014996418574393903,-0.1696138560061656,0.38839588334234176,-0.3457607217680669,-0.9247770166314325,1.1105916357389969,0.22263367319893745
8411.TW,2026-10-08,福貞-KY,上市,其他,0.8050419826674269,-0.6390722510122329,0.5802965066696477,-0.12582368636718472,-0.2918397314750624,0.004320126808949449,0.02638154165353689,0.5930009917344442,1.0429713629463402,0.2216974270695406
3050.TW,2026-10-08,鈺德,上市,光電業,0.2853537101076882,1.0955944248034002,0.869902201259674,-0.28162590213456346,-0.5050539724295916,-0.3239896982435463,-0.4180893930960369,0.817377087262558,0.455410540975157,0.22165322205608212
2015.TW,2026-10-08,豐興,上市,鋼鐵工業,0.8646178682716967,1.0955944248034002,0.34334134764504515,-0.016623737957766734,-0.25317841085675946,0.13408401642051568,-0.2566265218164702,-1.038133894340397,1.1197237089416228,0.22142208901232077
3056.TW,2026-10-08,富華新,上市,建材營造,0.8714135768049376,1.0955944248034002,0.6237880401041426,-0.7927773087490331,-0.23377815372141877,-0.6129446285318274,0.09361046363453934,0.024417599218634775,0.9087240248004052,0.2197831153737534
2495.TW,2026-10-08,普安,上市,電腦及週邊設備,-0.5922168976187278,-0.06085002574035522,0.6914483370682959,1.3996267412682093,0.04319556639632775,1.3193405907331093,0.5779280898098436,-0.24919660157557091,-1.1535737268963264,0.21952245260497838
6666.TW,2026-10-08,羅麗芬-KY,上市,生技醫療,0.8499594852713085,-0.6390722510122329,0.869902201259674,-0.4211478546463718,0.052736776702252394,0.15163475378378022,-0.2028842046031763,0.7270768318407692,0.5835612756588655,0.21908522380609657
4554.TWO,2026-10-08,橙的,上櫃,其他電子業,0.7374941278941398,-0.6390722510122329,0.7488406442907369,-0.22001896586599382,-0.267905035195645,0.2647221241141758,-0.34664232363508246,1.278612454382798,0.4128727435870623,0.21876705761777318
2028.TW,2026-10-08,威致,上市,鋼鐵工業,1.1691318110524844,-0.06085002574035522,0.36396164200961456,-0.2865813324240804,-0.33500769191846824,0.18322803487664038,-0.17310988534087876,0.1411151767092968,0.9662096106566986,0.21867748220899466
2597.TW,2026-10-08,潤弘,上市,建材營造,0.8037489764644252,-0.6390722510122329,0.6656805969666187,0.219841548832678,0.14027754933811404,0.8398913390213409,0.013400427883615253,-1.2200253158334662,1.13922215547977,0.21810722523787368
4160.TWO,2026-10-08,訊聯基因,上櫃,生技醫療,0.5708671828715045,0.5173721995315225,0.7400254114120461,-0.717411343353924,-0.5899032489311813,-0.3733990856738917,-0.24045619455534403,1.122365074100759,0.9299532982999227,0.21771258818904599
1268.TWO,2026-10-08,漢來美食,上櫃,觀光餐旅,0.3244423526416546,-0.6390722510122329,0.869902201259674,0.088404855077664,0.11564215071300163,0.6440988823369309,-0.16741470339303227,-0.041939919310685005,0.7649120577579004,0.21766395845231948
4154.TWO,2026-10-08,樂威科-KY,上櫃,其他,1.6587341882542277,-0.6390722510122329,-1.3697280591541854,-0.7742304336262475,0.3843321263630328,0.13571008441301796,0.6713718387915293,1.624446517954409,0.2670994812626417,0.21762927702735477
911608.TW,2026-10-08,明輝-DR,上市,其他／未分類,0.424818198593727,-0.6390722510122329,0.6163594038328525,-0.31035721893793083,-0.4830411928592494,0.06445681050466315,,1.025854478618043,1.0419569866852627,0.2176219019281419
4728.TWO,2026-10-08,雙美,上櫃,生技醫療,0.763514584318514,-0.06085002574035522,0.6570095909541734,-0.18551692899155248,-0.02600388600641446,0.45055884262344686,0.08177548066564534,-0.6962331303728985,0.9711650953565528,0.21726884697856796
5487.TWO,2026-10-08,通泰,上櫃,半導體業,0.6680440249531531,-0.6390722510122329,-0.35489696477391075,-0.22635431592385424,0.0024689399060690426,0.2730289016777489,-0.09091605978365275,1.3909204984342785,0.931134441892796,0.21715080170782167
3022.TW,2026-10-08,威強電,上市,電腦及週邊設備,0.060100958815771134,-0.6390722510122329,0.869902201259674,0.7554910833126266,1.0893056213079328,0.9394119645966154,0.3943416244239195,-0.5123027435637606,-1.0058808303598494,0.2168108476422996
2889.TW,2026-10-08,國票金,上市,金融保險,1.0728691898752005,1.0955944248034002,0.4576987211208942,0.0462276366937221,-0.11465599275023687,-0.250756342468836,0.10838469508962387,-1.3244684314815383,0.855040860968067,0.21621497353892188
2910.TW,2026-10-08,統領,上市,貿易百貨,0.7407822736912473,-0.06085002574035522,-0.28852610092228465,0.2767430893763897,0.2968612471211862,0.7150285701356905,-0.2931802381598801,0.3093063834940983,0.24887144400111214,0.21611518255524492
8403.TWO,2026-10-08,盛弘,上櫃,生技醫療,0.8127330081524605,0.5173721995315225,0.5134644187944299,-0.6616189894029935,-0.6104644687277521,-0.21609629630124572,-0.2659256798539756,0.5874782247516385,1.2629200210540994,0.21554027088868713
1604.TW,2026-10-08,聲寶,上市,電器電纜,0.8804336151800188,-0.6390722510122329,0.3652639151030887,-0.11436045080572389,-0.17885228315836735,0.7272642559583673,-0.31083065577671476,-0.16963896458106398,1.3738740489320511,0.21489791442660258
7782.TWO,2026-10-08,光速火箭,上櫃,居家生活,0.5309548761011125,-0.06085002574035522,0.8031124928465492,-0.8338363574796063,-0.23207235962844608,-0.6440072797356536,-0.2845191702735765,1.503787644843218,1.1499316283017689,0.21472238324833454
2511.TW,2026-10-08,太子,上市,建材營造,0.6661147544338348,-0.6390722510122329,0.7882613150121658,-0.2580475252377339,-0.04563333164564574,0.0486883947476967,0.4195081015393328,-0.4059576109728008,1.3566681987274756,0.2145033383991214
1219.TW,2026-10-08,福壽,上市,食品工業,0.8922959222179551,0.5173721995315225,0.7199263859427439,-0.3556247591804899,-0.5478549825857808,0.16407316267293817,-0.46443235468527255,0.3552296790348239,0.6483480768135397,0.21437036997355333
3679.TW,2026-10-08,新至陞,上市,電子零組件,0.9327402069398263,-0.6390722510122329,0.869902201259674,-0.13726421348979884,-0.24813925358332975,0.3028505948359867,-0.09663594312754804,0.006362197993640556,0.9383607233486057,0.21434491812942488
3521.TWO,2026-10-08,台鋼建設,上櫃,建材營造,1.0740798692475548,-0.6390722510122329,0.869902201259674,-0.10688603353833762,-0.6505429486903734,0.5065327653702406,-1.070985694825554,0.7149438223361242,1.2297639200691108,0.21419285002402297
2393.TW,2026-10-08,億光,上市,光電業,-0.6174851649186623,4.564927776434667,-0.05471342316107345,-0.04635060341399328,-0.11605403106908585,-0.5253736444534584,-0.21830998859793757,-0.8985366314883001,-0.16215116510865346,0.21399479158038914
3008.TW,2026-10-08,大立光,上市,光電業,-1.4590080448918095,-0.6390722510122329,-2.1477236265634527,4.47481788178391,4.724051076494504,2.4904173165958987,-0.48055182774594923,-2.949399603774297,-2.090537258637902,0.2136659624720744
9935.TW,2026-10-08,慶豐富,上市,居家生活,0.9090839787411199,-0.6390722510122329,0.5914958385823054,-0.09873655201569422,-0.26718686917533374,0.5774774800309944,-0.38068839545620436,0.4608645136002142,0.7672811432171394,0.21339098739025647
6625.TW,2026-10-08,必應,上市,其他,0.46668275101076123,0.5173721995315225,0.7327805863753282,-0.26294874567320053,-0.16199603847699298,-0.20154923774275993,-0.4470342660482849,0.28838144475438726,0.9763486439259804,0.2120041486285268
1308.TW,2026-10-08,亞聚,上市,塑膠工業,0.4976610792310464,1.0955944248034002,-0.0665276517017447,0.3856830352880457,-0.1372919758490766,0.15816336938294615,-0.2296198488507811,-0.13888238201141914,0.3406928775167681,0.21171921420102058
1418.TW,2026-10-08,東華,上市,紡織纖維,0.4945901019965381,-0.6390722510122329,0.13958866724834235,-0.46686776813598924,-0.20335218710215555,-0.2966693561280043,0.7276149606356616,1.1392415378664669,1.0102685780308573,0.21170469815549825
4107.TWO,2026-10-08,邦特,上櫃,生技醫療,0.6916119796216722,-0.6390722510122329,0.7157992016899102,-0.07868671494135802,-0.2654063801000665,0.46497524267823265,-0.19019667730656098,-0.05987360352922903,1.2653550204527184,0.21161175750589845
1232.TW,2026-10-08,大統益,上市,食品工業,0.575683214498728,0.5173721995315225,0.6503306071014532,0.100851996762277,0.0419976703038144,0.6190738250051728,-0.041512874302908016,-0.7792514240006955,0.21579623116767704,0.2111490495630046
6508.TWO,2026-10-08,惠光,上櫃,農業科技,0.5224631874792859,-0.06085002574035522,0.4830164080606654,0.00549623539583516,-0.2934453839627841,0.3922948696688921,-0.22304677280469484,0.6713970285449444,0.4018996822678312,0.21102502543440224
6918.TW,2026-10-08,愛派司,上市,生技醫療,0.39197880407913555,1.0955944248034002,0.04941207836620952,-0.3531771604670492,-0.32355418868709834,-0.13393306587289885,-0.2448843553339863,0.5902581643745366,0.8265108114154734,0.21091172363085806
4807.TW,2026-10-08,日成-KY,上市,貿易百貨,-1.652708088412076,0.5173721995315225,-1.947353778534181,1.15624152810804,2.9284241714223334,0.2464004989631529,0.5711873852553254,0.8593531048967816,-0.7879349592058229,0.21010911800278614
8390.TWO,2026-10-08,金益鼎,上櫃,綠能環保,0.18282113515426893,-0.6390722510122329,0.3130880481181043,0.9417893516637703,-0.2826996128854926,1.1207395187594942,0.08714163742479815,-0.14575290167322008,0.30932921192785223,0.20970934860859364
2538.TW,2026-10-08,基泰,上市,建材營造,0.8381940227911289,0.5173721995315225,0.2859908219038604,-0.4939098308031511,-0.39129405376915566,-0.10818202279500184,-0.10770352311830349,0.3355182996235558,1.0039939877173896,0.2088866556757606
8443.TW,2026-10-08,阿瘦,上市,貿易百貨,0.7016310868650874,-0.6390722510122329,0.41179717665385157,-0.31038744770981086,-0.3314380914274506,-0.19082243209724742,-0.4663272114418606,1.354192296442919,1.3487246158917106,0.20869974912944067
3580.TWO,2026-10-08,友威科,上櫃,其他電子業,-0.39147963592811097,-0.6390722510122329,0.869902201259674,0.5924666398734783,1.1036948815456937,1.0948913172512518,-0.10804257076568434,0.32326461840526394,-0.969866561576337,0.20841762656144405
3666.TWO,2026-10-08,光耀,上櫃,光電業,0.44042351844862215,1.0955944248034002,-0.7172383862769344,-0.22092560898556515,-0.1074062423554173,0.02947989865332781,-0.1586912137505955,0.37833345324657586,1.129390830901755,0.207662297187241
2516.TW,2026-10-08,新建,上市,建材營造,0.667942364779277,0.5173721995315225,-0.40437063019190367,-0.2223757858206071,0.1180778519019781,0.369560553480193,-0.4825230959312262,0.42417993730047976,0.8795797561522085,0.2074936834668802
4440.TW,2026-10-08,宜新實業,上市,紡織纖維,0.6174894657604237,-0.6390722510122329,0.08175947839416724,0.0524873873381705,-0.1502919542651906,0.33342408617122155,-0.6802512868041783,1.0740991947489686,1.174387838931726,0.20711466214034177
8410.TWO,2026-10-08,森田,上櫃,電腦及週邊設備,0.4247158391530015,1.6738166500752778,0.869902201259674,-0.6869694550801368,-0.9684276025424603,-0.7489274576982499,-0.6940350854613087,1.194664297985646,0.7898592006400337,0.2060665098146086
8409.TWO,2026-10-08,商之器,上櫃,生技醫療,0.6036868888390863,-0.6390722510122329,0.776585697660999,-0.5611980865886581,-0.5087893013628222,-0.22943800910183418,-0.0016269301844393732,1.5141706072503212,0.9002696464858913,0.20606536244292345
6579.TW,2026-10-08,研揚,上市,電腦及週邊設備,0.08934474720056568,-0.06085002574035522,0.869902201259674,0.3009662201393418,0.7452097189922762,0.6246424413197174,-0.11044701447342144,-0.8003501859244234,0.19606862849168394,0.2060540812516732
1742.TWO,2026-10-08,台蠟,上櫃,化學工業,0.1277345299632331,-0.6390722510122329,0.5819504715074468,0.28134601019504196,-0.059253426806003845,0.03494598025207253,0.11365540949075449,0.8766957574300407,0.5255431218494944,0.2048384003188719
6206.TW,2026-10-08,飛捷,上市,電腦及週邊設備,-0.23779985248083904,-0.06085002574035522,0.869902201259674,0.6044418084984992,0.7267352941915457,0.5875876484211482,0.19723917221097284,-0.6221830424948351,-0.22533766882858772,0.20441505944858035
2751.TWO,2026-10-08,王座,上櫃,觀光餐旅,0.6647948741073085,1.0955944248034002,-0.2437256486532295,-0.7401210411984023,-0.21388596220927383,-0.13767014261072513,-0.2990734795614331,1.1103660200255216,0.603123128084795,0.20437801919866233
9930.TW,2026-10-08,中聯資源,上市,綠能環保,0.7266715600868751,0.5173721995315225,0.869902201259674,-0.25981422861190834,-0.509343368696044,-0.01251134809994379,-0.28808915658908296,-0.4549829038832335,1.2495062031615836,0.2043012397954936
2938.TWO,2026-10-08,床的世界,上櫃,居家生活,1.0588335022101205,1.0955944248034002,0.41096155499214115,-0.7022469263136516,-0.8362526411338421,-0.5042679742009054,-0.4851680571549796,1.6978755592011336,0.09867418747320335,0.20377818109740223
8933.TWO,2026-10-08,愛地雅,上櫃,運動休閒,0.8090983238749151,0.5173721995315225,0.869902201259674,-0.6395123616411952,-1.2067321117573675,-0.4176673611641747,0.4426142629709922,0.9467148273520506,0.5101569777097037,0.2035496620151245
5905.TWO,2026-10-08,南仁湖,上櫃,觀光餐旅,0.6148013546414572,1.0955944248034002,0.45515515139864354,-0.8071856827894991,-0.43622536560371244,-0.5012437297125139,-0.18437280467830044,0.7282104331698134,0.8665346953553508,0.20347427517607103
5512.TWO,2026-10-08,力麒,上櫃,建材營造,0.926162392728014,-0.06085002574035522,0.7357045160687556,-0.3536072639248289,-0.3368844520351114,0.08241237125197576,-0.40924143650686845,0.10615235631789538,1.1387505076823907,0.2031776628713186
4529.TWO,2026-10-08,淳紳,上櫃,其他,1.6587341882542277,-0.6390722510122329,0.3669892832628651,-0.9954373010763173,-1.2342342707749687,-0.5479277943231734,2.488872173453283,1.698545179347424,-0.9685762905654052,0.2030992129517447
1527.TW,2026-10-08,鑽全,上市,電機機械,0.5275571342898508,-0.6390722510122329,0.6650571839407662,-0.14276761238806002,-0.1663953831799511,0.4758776187402858,-0.3229603770591295,0.25889682068418624,1.1649733821648518,0.20235183513117416
5283.TW,2026-10-08,禾聯碩,上市,電器電纜,0.898615748940775,-0.06085002574035522,0.7396906390414014,-0.2503645166777009,-0.42108964715511255,0.3678277347875255,-0.27118677698939897,0.16293865810019667,0.6533350236621156,0.20210187088549406
8422.TW,2026-10-08,可寧衛*,上市,綠能環保,0.7408106290745748,1.0955944248034002,0.3366574258476662,-0.26748967997121736,-0.4959766819280661,0.148952023142003,0.5747842058308942,-0.9862290848545496,0.6687375076063857,0.20176008550567678
6534.TW,2026-10-08,正瀚-創,上市,生技醫療,0.31291711365842917,1.0955944248034002,0.12993628105902266,-0.3986359839149437,0.38228906433039267,-0.07589458714856723,-0.6287974287476491,-0.2103690547801597,1.2074590081071588,0.20161098192967597
1240.TWO,2026-10-08,茂生農經,上櫃,農業科技,0.5611414872542467,-0.6390722510122329,0.869902201259674,-0.12726885425925516,-0.32309661695752295,0.057910094271855624,-0.2607394596902955,0.6168356923241411,1.0585607339221914,0.20157478079031138
1104.TW,2026-10-08,環泥,上市,水泥工業,0.8127574548459899,0.5173721995315225,0.5541648570450968,-0.16129482769731118,-0.2345394945703631,0.13771847931042833,-0.4628413670190976,-0.6007119692341641,1.2465860709443912,0.2010234892396103
8929.TWO,2026-10-08,富堡,上櫃,其他,0.8769112937728112,-0.06085002574035522,0.869902201259674,-0.6841070120220769,-0.7269339034570769,-0.5532613943089542,-0.36653965700626884,1.4419395627069003,1.0097627799858089,0.20075820502116248
4123.TWO,2026-10-08,晟德,上櫃,生技醫療,1.2928269084285315,1.0955944248034002,0.5426822380352305,-0.5045463236832601,-0.985361382780581,0.5121044462801798,0.19162163432553417,-0.7938064082905548,0.452035748251746,0.20035014281891408
4183.TWO,2026-10-08,福永生技,上櫃,生技醫療,1.207024120116359,,-0.0665276517017447,-0.6651479065412682,-0.38467150193987776,0.15200463928725164,-0.505183029084578,1.698545179347424,0.16158551362158444,0.1997036703881438
6465.TWO,2026-10-08,威潤,上櫃,通信網路業,-0.8199515546094464,1.0955944248034002,0.28925668607745786,0.3138754441483353,-0.10010263766319015,-0.539969461221485,0.7720617099267327,0.6255068907729774,0.16051854071565047,0.1996433381056036
5007.TW,2026-10-08,三星,上市,鋼鐵工業,0.6152523302039292,-0.06085002574035522,0.6295139310615155,0.1404773694678147,-0.05626114715633301,0.09170035079018214,-0.30991732653322357,-0.5304204314062448,1.2759430441311013,0.19949312164648736
6684.TWO,2026-10-08,安格,上櫃,半導體業,-0.6774470441315065,2.8302611006190332,0.869902201259674,-0.5435381549947198,-0.11306485482512074,-0.8137522466591475,-0.3119649041668119,0.7109278329057452,-0.1589790258989829,0.19914943378979594
4572.TW,2026-10-08,駐龍,上市,電機機械,0.5250766339622072,-0.06085002574035522,0.6273429672798302,-0.43526016200463835,-0.2204217691235641,0.025375492909701026,0.08205877504984385,0.13149218418195074,1.11406220376308,0.19876403336422838
1452.TW,2026-10-08,宏益,上市,紡織纖維,0.9321227215252567,-0.6390722510122329,0.869902201259674,-0.42173122191268897,-0.2533178732530377,-0.23586611954612244,-0.6335768291278278,0.96141336655811,1.2085934393032831,0.19871860375493489
9951.TWO,2026-10-08,皇田,上櫃,電機機械,0.38632630232943604,1.0955944248034002,0.2524917243038258,-0.44775978023418417,-0.4585368129607739,-0.19309913422304528,-0.3692710175412411,0.4198749251209126,1.1027099723332603,0.1987034004368434
910322.TW,2026-10-08,康師傅-DR,上市,其他／未分類,1.0467070245426071,1.0955944248034002,-0.34521688961453406,0.30530408887473964,-0.22195075998772312,1.4821793172581672,,-1.821897982785732,0.047851448930263975,0.1985713340026486
1464.TW,2026-10-08,得力,上市,紡織纖維,0.7997258852972239,-0.6390722510122329,0.7682044553447341,-0.2234065713622735,-0.3171753719101201,0.0818728386224036,-0.3248762166015333,0.29671400280827176,1.3425101395899208,0.1982774345307105
2109.TW,2026-10-08,華豐,上市,橡膠工業,0.6864413388209843,-0.06085002574035522,0.6341507482149096,-0.29135471395606827,-0.22411423043943665,-0.12766907772281852,-0.24959512166256462,0.33100042841790983,1.0855491413032552,0.19817316524842396
2534.TW,2026-10-08,宏盛,上市,建材營造,0.8784600078548161,0.5173721995315225,0.7687156334177198,-0.5142019674920864,-0.4517906450280114,-0.18912636811741274,-0.33495941396524725,-0.08409088667955861,1.1846296769126665,0.19722313738160097
9925.TW,2026-10-08,新保,上市,其他,0.8468133847339966,-0.6390722510122329,0.869902201259674,-0.10578545157695766,-0.12530784331684378,0.37566193441794593,-0.28347585278403514,-0.4857677859315785,1.3218522172883111,0.1972022836753644
2453.TW,2026-10-08,凌群,上市,資訊服務業,0.3364769441567425,0.5173721995315225,0.7438437301911746,-0.4013403343661306,-0.15844817698080146,-0.018818568766854886,-0.25335352138270806,0.15760811885602252,0.844311711796338,0.19640578922614496
9939.TW,2026-10-08,宏全,上市,其他,1.3169895955641748,-0.6390722510122329,0.3302322589912748,0.01874645129430817,0.13352035406172943,0.9472255457166197,-0.2789982663436219,-1.0390470073977522,0.9773671496127395,0.19632931449858215
5227.TWO,2026-10-08,立凱-KY,上櫃,電子零組件,1.6587341882542277,-0.6390722510122329,0.869902201259674,-0.1604410037375074,0.15244805687194962,0.9929319723668113,-1.070985694825554,0.5551833089950234,-0.5919149138374526,0.19630954048165994
1423.TW,2026-10-08,利華,上市,紡織纖維,0.39857448875575463,-0.06085002574035522,-0.25644398277943903,-0.1095721829050515,-0.32152472020900635,-0.07856216002271203,0.8721055612771548,0.41805344901665686,0.8987593149623079,0.1956155269283678
8908.TWO,2026-10-08,欣雄,上櫃,油電燃氣,0.8151963946095164,-0.06085002574035522,0.7854920920480292,-0.13161812154573385,-0.21564451691720493,-0.1467228028944572,-0.12903524284260318,-0.3843443183944817,1.2261330669237567,0.19540072502738515
6509.TWO,2026-10-08,聚和,上櫃,化學工業,0.38287428014136005,-0.6390722510122329,0.11264857900208938,0.8862381785218445,0.20969415658791551,1.486048658747846,-0.1672037773563166,-0.2275199017502998,-0.28929865253099274,0.19493436337235703
3703.TW,2026-10-08,欣陸,上市,建材營造,0.8779324587477648,0.5173721995315225,0.6094807453774473,-0.35081840792980473,-0.42555440477501405,0.06274518357056538,-0.20820589937104378,-0.5163361000370512,1.1846480705049764,0.19458487173548475
8089.TWO,2026-10-08,康全電訊,上櫃,通信網路業,1.5389805732765802,1.0955944248034002,0.7830961531117524,-1.2763151411231735,-0.7659036680661451,-0.7911584991499865,0.2539186051600482,1.0241511045662675,-0.11393182057996085,0.19427019244430918
4401.TWO,2026-10-08,東隆興,上櫃,紡織纖維,0.7841196680264609,-0.06085002574035522,0.3812560649972735,-0.34700496901390465,-0.25550429646178435,-0.11799578243388019,-0.4039558346363011,0.8473331562479346,0.9185846750125208,0.1939980728886627
2852.TW,2026-10-08,第一保,上市,金融保險,0.7848374840356651,0.5173721995315225,0.37857611132220087,0.11961859791437152,0.19247572546714511,-0.46679544610640106,-0.3198724025690988,-0.11868814838776086,0.6558706948845944,0.19371053512135988
2399.TW,2026-10-08,映泰,上市,電腦及週邊設備,-2.040594731405168,-0.6390722510122329,0.42697224916976506,3.009351021677318,1.502708416396949,1.4992480423206698,0.00555548901757688,-0.14753277799285114,-1.87658329797426,0.19333912891086294
1737.TW,2026-10-08,臺鹽,上市,食品工業,0.9822225185763618,-0.6390722510122329,0.7573575391841093,-0.23283566077859677,-0.31622788669747776,0.4546321133354122,-0.373732605455464,0.08318415274621832,1.0242079297955013,0.1933039832993146
1103.TW,2026-10-08,嘉泥,上市,水泥工業,0.8436445397059151,-0.6390722510122329,0.7416810550105426,-0.065576492695877,-0.16093536829786415,0.3731965591718765,-0.36216608193386496,-0.28342349720028326,1.2784181139181159,0.1917518418518142
7821.TW,2026-10-08,神數,上市,汽車工業,1.225641456089707,1.0955944248034002,0.7739195118438947,-0.8158646665022281,-1.3412857666838391,-0.47749984562081704,-0.1392616337813257,0.28909431195226504,1.1066070765646012,0.19077165207396207
7716.TWO,2026-10-08,昱臺國際,上櫃,航運業,0.3353564459624425,-0.06085002574035522,0.16855663056991554,-0.5689645694939371,-0.09952130555602444,-0.5931569262259304,-0.04610155721478953,1.536290160874647,1.043034436777552,0.1905159211059467
1201.TW,2026-10-08,味全,上市,食品工業,0.9917630185379431,0.5173721995315225,0.5739175268269994,-0.5674512097183391,-0.5824535609542857,-0.16255403048518227,-0.32892673701036257,0.09912575644798526,1.1696475759204101,0.19004894878852122
1906.TW,2026-10-08,寶隆,上市,造紙工業,0.7431701663789778,-0.06085002574035522,0.7121811530803527,-0.4730800011844603,-0.3023833816784389,-0.5516739582478571,-0.260837897123712,0.8796029325053739,1.0215256112770323,0.18973939991854588
1102.TW,2026-10-08,亞泥,上市,水泥工業,0.7027677523943029,1.0955944248034002,0.4434556691588318,-0.0642017889289948,0.19175153631121714,0.40731457516447966,-0.35144351289088077,-1.7854698149750734,1.0673974873990693,0.1896851476040391
2465.TW,2026-10-08,麗臺,上市,電腦及週邊設備,-2.408525669840575,-0.6390722510122329,0.869902201259674,1.3363927219915666,0.7926509482882114,-0.4990584374211766,2.9728789533204734,-0.09595491651675034,-0.6292929224630506,0.18888006973401553
2832.TW,2026-10-08,台產,上市,金融保險,0.4458473156345795,-0.6390722510122329,0.3916897968186621,0.6369690524605927,0.5345483787401404,-0.10047587022486001,-0.23882977447958265,-0.45019330270626284,1.1187257771207786,0.1888010135946461
8084.TWO,2026-10-08,巨虹,上櫃,電子通路業,-0.45169305790860587,4.564927776434667,0.869902201259674,-0.0029349477747148424,-1.568570898339408,-1.7913145482238895,0.9143748022588454,1.1741044484073635,-2.0111225946250033,0.1886303534987698
2736.TWO,2026-10-08,富野,上櫃,觀光餐旅,0.8671465726363444,-0.6390722510122329,0.869902201259674,-0.6816859056742192,-0.4976919528692954,-0.16453511645287963,-0.12466360165299065,1.2445515381590802,0.8230188925421701,0.18855226410396123
6771.TW,2026-10-08,平和環保-創,上市,綠能環保,0.6865477442695302,-0.6390722510122329,0.5522229325617575,-0.43751737062754215,-0.025035362847856672,-0.02359857225554157,-0.3135878251439482,1.0003611741476959,0.895832314486235,0.18846142039756636
5604.TWO,2026-10-08,中連,上櫃,其他,1.0097920863612018,-0.6390722510122329,0.6566032675525005,-0.3790912608088782,-0.4485709053218991,0.11972293449976659,-0.30510794669743424,0.4225076642321481,1.256768045700643,0.18817240383397948
8476.TW,2026-10-08,台境*,上市,綠能環保,0.6346937243657611,1.6738166500752778,-0.6418475837563212,-0.17951729909568231,0.15508685501211056,0.5932325518229346,-1.070985694825554,0.4016552408366512,0.12396086816010692,0.18778836806614277
4205.TWO,2026-10-08,中華食,上櫃,食品工業,0.8719983686556999,-0.06085002574035522,0.8202070207067038,-0.5170759617439339,-0.3624139292284282,-0.09132394062873175,-0.32997528556168065,0.023221520233225663,1.3277086018846695,0.1868329298419077
6708.TWO,2026-10-08,天擎,上櫃,半導體業,-0.30694625717628127,2.8302611006190332,-3.509081147411912,-0.2842399197279983,1.861123009494353,1.3957256526176542,-0.014006271451309863,0.7502014829115958,-1.0425725528292618,0.18671834411620816
5291.TWO,2026-10-08,邑昇,上櫃,電子零組件,-0.1559081279233893,-0.6390722510122329,-0.26797363651400324,1.7187002699123997,0.17654235548394503,1.266820980747036,0.19065838605746172,0.5913128174503635,-1.201096055864242,0.1866649709263709
1316.TW,2026-10-08,上曜,上市,建材營造,0.6552603066109691,1.0955944248034002,0.7076126357652257,-0.6670069189839211,-0.707855538751138,-0.5428812913673464,0.4640947052407188,0.3037966172103244,0.3695265373142643,0.18646016420472192
8097.TWO,2026-10-08,常珵,上櫃,通信網路業,0.8572871322753395,-0.6390722510122329,0.6969132494876443,-0.7186620284094928,-0.666162163078458,-0.5339072267140472,1.2945890682219738,0.5247183558019475,0.8593628820511181,0.18611855762486582
6754.TW,2026-10-08,匯僑設計,上市,居家生活,0.7783813038475168,-0.06085002574035522,0.04040951221749998,-0.3338184541260512,-0.2512578259207774,0.33075393968935013,-0.4075695955461318,0.5608947481798334,1.0164415965756564,0.18593168879739347
8272.TWO,2026-10-08,全景軟體,上櫃,資訊服務業,0.8846953982694401,0.5173721995315225,0.646684518525805,-0.7434464052591879,-0.6298144671189175,-0.3863779871365158,-0.4148135473896024,1.0889041069044312,0.7094768002897862,0.18585340184630683
2419.TW,2026-10-08,仲琦,上市,通信網路業,0.30290332985790874,-0.6390722510122329,0.5807932960230315,0.21076107022990012,-0.5425019853975733,0.4154440548128647,1.7827706907856167,-0.14145722705649952,-0.29880386151902427,0.18564856852488798
4414.TW,2026-10-08,如興,上市,紡織纖維,1.3240772987051805,0.5173721995315225,0.6604636764588304,-0.8029860283438062,-0.9911550756760477,-0.4611527718816904,-0.20836942551742807,0.7144238484107329,0.9157583006752472,0.18538133581806013
5312.TWO,2026-10-08,寶島科,上櫃,生技醫療,0.9066988534253507,-0.6390722510122329,0.7948319413814124,-0.4056668964489563,-0.2637804921649095,0.1679974027732818,-0.2983424539125126,0.151518114774036,1.2504557401506364,0.18495999544067845
4114.TWO,2026-10-08,健喬,上櫃,生技醫療,0.6184196169812548,0.5173721995315225,-0.22306670049467578,-0.27635466018882254,0.03776561998316511,0.25048947230431534,0.09096255281653269,-0.5365924972855679,1.1789414970317529,0.18421523340883078
2390.TW,2026-10-08,云辰,上市,其他電子業,0.20877183216301737,0.5173721995315225,0.5356309471340104,-0.1531314659491515,-0.3466494004085424,0.08217840673270753,-0.1946763789210429,0.7662898554661456,0.23958508578553278,0.1839301201704666
9945.TW,2026-10-08,潤泰新,上市,其他,0.881244251160641,1.0955944248034002,0.2866651388263927,-0.22359187132494124,0.2930394794407453,0.3875185125113101,-0.011813015480016016,-1.5299891001240502,0.4729352921451472,0.18351145688429207
8341.TW,2026-10-08,日友,上市,綠能環保,0.6777967766733505,-0.6390722510122329,0.7786108330022433,-0.13032175224684836,-0.166976975870067,0.3070591091769793,-0.30589845865627646,-0.2027590089405188,1.3317185180004407,0.1833507544585634
6209.TW,2026-10-08,今國光,上市,光電業,-1.324980764795074,-0.6390722510122329,-0.5154354685406131,2.1553586818300206,1.4024688175195332,1.3834797888032329,0.582685419798637,-0.5289316510340265,-0.8743031458263026,0.18236326963813052
4168.TWO,2026-10-08,醣聯,上櫃,生技醫療,0.780820599794981,1.0955944248034002,0.34498827792580783,-0.5128226075885551,-0.29498654916299566,0.0680034220176878,-1.070985694825554,0.6007635162469448,0.6292380850550071,0.182290386029636
8928.TWO,2026-10-08,鉅明,上櫃,運動休閒,1.0119753200533206,-0.6390722510122329,0.34616023214961394,-0.15129022004188813,-0.3150089108462842,0.24561972088197942,-0.5284337782682801,1.0994520777247896,0.5700093128996025,0.18215683372673563
5210.TWO,2026-10-08,寶碩,上櫃,資訊服務業,-1.2638565389230003,0.5173721995315225,0.7027660375972723,0.05461422401787649,0.8282706593447096,-0.43356289720850033,-0.2705159209087275,0.6270562604718992,0.8769318589052875,0.18211954253648216
6874.TWO,2026-10-08,倍力,上櫃,資訊服務業,0.02476783428641949,-0.6390722510122329,0.7740527760000171,-0.28547788256484613,-0.7924092337780125,-0.1137067756327438,1.2372344198511926,0.9090704986327814,0.5105926844497013,0.18056134113691963
1304.TW,2026-10-08,台聚,上市,塑膠工業,0.25313177759473715,2.2520388753471554,-0.6082542832241626,0.3494987122406379,-0.07988473365916729,-0.0007338212909280718,-0.26483258183652436,-0.5001666177720859,0.2223355457865986,0.18034809702069565
2013.TW,2026-10-08,中鋼構,上市,鋼鐵工業,0.7622020467980554,-0.6390722510122329,0.7472934534716986,-0.03036348695153102,-0.20510247773887025,-0.01802728974927961,-0.17564210651139012,-0.11229139137069895,1.2937488398200452,0.1803050374173107
9943.TW,2026-10-08,好樂迪,上市,觀光餐旅,0.7525100787290884,-0.06085002574035522,0.8028458662388459,-0.5067748557964685,-0.40883369668888964,0.05954062633792085,-0.3899792602962411,0.05504836385371286,1.3153155855146155,0.17986918690580322
4562.TW,2026-10-08,穎漢,上市,電機機械,-0.7008219725187645,3.9867055511627885,0.5894810572660941,-0.8872496973518208,-0.4470453423241211,-1.1059001537316984,-0.3487823047486193,0.5864726768047671,-0.054180759469043285,0.17985322834328693
9904.TW,2026-10-08,寶成,上市,運動休閒,1.020890150098226,1.0955944248034002,0.39193181507639335,-0.31663401355799514,-0.41895072149757034,0.415910786869676,-0.3028442156755208,-1.4457923836568543,1.1740778867749846,0.1793537476927488
6419.TWO,2026-10-08,京晨科,上櫃,光電業,-0.09349777314564696,-0.6390722510122329,-1.8219610925069825,1.0405891796767677,0.046690825960682955,1.0913463360340643,2.8210189284912577,0.7268850685482198,-1.5583708455114584,0.17929204183718572
4138.TWO,2026-10-08,曜亞,上櫃,生技醫療,0.9264870749343298,-0.6390722510122329,0.6815225649731653,-0.5497115668638123,-0.3656208144233238,0.06599974598690314,-0.351430600515397,0.7088967943140914,1.1336172014344248,0.1789653498697943
2923.TW,2026-10-08,鼎固-KY,上市,建材營造,0.5129398818255604,0.5173721995315225,0.4446570444288005,0.14495612653079362,0.5574365036091616,0.3528607696460081,1.5527949637797216,-1.0988680351195306,-1.3754344373863927,0.1787461129828494
6241.TWO,2026-10-08,鑫永洋,上櫃,通信網路業,0.9783721419841044,-0.6390722510122329,-0.05471342316107345,-0.11091570874775511,-0.25498323368327774,0.5690668850092121,-0.07989383566838687,1.3379338795975841,-0.13770194055919782,0.17867694597321965
8432.TWO,2026-10-08,東生華,上櫃,生技醫療,0.5820986169887934,-0.6390722510122329,-0.7079205588877595,-0.05856382471856877,0.05744781532741446,0.6482195195981365,-0.07329061821665499,0.7395599955587773,1.05903508107475,0.1786126417458506
4126.TWO,2026-10-08,太醫,上櫃,生技醫療,0.5939763679362151,-0.6390722510122329,0.826499177185717,-0.30365818506038944,-0.13048776314973148,0.13982692514641076,-0.33699402035057163,0.12233828616056283,1.3332760959779846,0.17841162587044054
1410.TW,2026-10-08,南染,上市,紡織纖維,0.992550174769664,0.5173721995315225,0.6594990651369547,-0.7896218844890299,-0.84720190957901,-0.6896882771344964,-0.026254139598371702,0.9389803918777018,0.8498272643431223,0.1783847649842286
8905.TWO,2026-10-08,裕國,上櫃,其他,0.1983425039070647,0.5173721995315225,0.7719569430395601,0.1905338946334338,-0.5281740033091548,0.15869730874908505,-0.23985710058897097,0.321874010703215,0.211286368358135,0.1780035694470989
8044.TWO,2026-10-08,網家,上櫃,數位雲端,0.8775929102637869,0.5173721995315225,0.30290775760424965,-0.7179355673700748,-0.10142003018798063,0.04902048215075118,-0.2424714055936999,0.19971354910670724,0.7152653422761495,0.17778280419793463
6620.TWO,2026-10-08,漢達,上櫃,生技醫療,1.6587341882542277,-0.6390722510122329,0.19801312313551542,-0.16738820214776395,2.0894328055539924,2.3094892260113093,-1.0310987743734297,-0.6846945617291836,-2.139974769899432,0.17704897597700034
6651.TWO,2026-10-08,全宇昕,上櫃,半導體業,-1.6424826715963636,-0.6390722510122329,-0.24619261290005673,2.574312173799962,1.4531093910577675,1.080517849008564,0.19862846130907655,0.20704379961257838,-1.392879279506577,0.17699831775252423
2913.TW,2026-10-08,農林,上市,貿易百貨,0.7984884982491316,1.0955944248034002,0.7157986084404271,-0.6088472340085652,-0.47304679289407964,-0.6060145555521633,-0.40499877343409774,-0.13969460015522478,1.2132183636251386,0.17672199323044077
6115.TW,2026-10-08,鎰勝,上市,電子零組件,0.5378698181414592,-0.06085002574035522,0.754720044756823,-0.14075511328872903,-0.1836187947076745,-0.15281902529583635,-0.2471870372336434,-0.11065033094016759,1.1908662553090346,0.1763973101112123
2362.TW,2026-10-08,藍天,上市,電腦及週邊設備,-0.13941080661397948,0.5173721995315225,0.7254093751999785,0.3960702608231267,0.5496980061727239,0.37715717236696833,-0.23567561143233118,-0.8785295276189381,0.2746542145062865,0.17630503143726195
2480.TW,2026-10-08,敦陽科,上市,資訊服務業,0.24995046999532478,1.0955944248034002,-0.48219656276727,-0.19746628785265224,0.4089807883621489,0.29067003389197316,-0.16594904413166123,-0.5706426411426809,0.9566903836680016,0.17618128498073157
2734.TWO,2026-10-08,易飛網,上櫃,觀光餐旅,0.6290993608790701,-0.06085002574035522,0.04766167766232381,-0.6950919511278477,-0.4492169033139379,-0.28736371703420954,0.12347508289134361,1.2817614889828146,0.9939728906663893,0.17593865598506564
6561.TWO,2026-10-08,是方,上櫃,通信網路業,1.0772737782657547,1.0955944248034002,0.5994154548328782,-0.59405022950086,-0.4895179725668233,-0.25970638017689496,-0.19867499229903637,-0.7626116756482021,1.1146064578107346,0.17581431839121675
2254.TW,2026-10-08,巨鎧精密-創,上市,汽車工業,1.2483866079406842,-0.6390722510122329,-1.69510265319193,-0.0971191279534334,0.7501759984791552,2.8823611231522683,-1.070985694825554,0.09355937722600766,0.10922542678293976,0.17571431184421166
2901.TW,2026-10-08,欣欣,上市,貿易百貨,0.7497088450893749,-0.6390722510122329,0.5312484216256282,-0.3133967422359836,0.00490300841125905,0.030110930616083588,-0.29967099572546246,0.8054428755952523,0.7113961990788722,0.17563003238253236
2431.TW,2026-10-08,聯昌,上市,電子零組件,0.36200121253128925,1.6738166500752778,0.7035955674641108,-0.6316864673755966,-0.7666547008251886,-0.9325599727077074,-0.7493024825175465,1.3021989679938295,0.6181195732661238,0.1755031497671769
6841.TWO,2026-10-08,長佳智能,上櫃,生技醫療,0.06922461664839137,2.2520388753471554,0.32805524444870215,-0.7592168063279872,-0.2254739701952766,-0.6834958908722683,0.40333797085613915,0.14746584075238955,0.04644714780848077,0.17537589205174736
4426.TW,2026-10-08,利勤,上市,紡織纖維,0.704852846422595,0.5173721995315225,0.5129893626726991,-0.7385190999433341,-0.6166321775828728,-0.7014494894686227,-0.18883230223150244,1.0091260245039257,1.074912042956326,0.17486882298452622
4771.TW,2026-10-08,望隼,上市,生技醫療,0.21317743984883497,-0.6390722510122329,0.7912266651795618,0.28721040948084814,0.21943184939507812,0.5779865379046789,0.2703938322284364,-0.33489388573280476,0.18783795804669912,0.1748109505932333
2701.TW,2026-10-08,萬企,上市,觀光餐旅,0.6498358926421492,-0.6390722510122329,0.5421501811730447,-0.2774039716437665,-0.2957441920125625,0.3498666037454564,-0.33810030141396025,0.240475166288262,1.3346692103668352,0.17407514868146948
1473.TW,2026-10-08,台南,上市,紡織纖維,1.1887544356889228,-0.6390722510122329,0.869902201259674,-0.5120834190984279,-0.7095940135822445,-0.18368473469281096,-0.2988142145939272,0.5541244717761811,1.289299288385369,0.1732035293478337
6183.TW,2026-10-08,關貿,上市,資訊服務業,0.8615870792670907,-0.6390722510122329,0.869902201259674,-0.28219267282619126,-0.2232922674008659,0.4678061354935181,-0.2921197696918728,-0.4202341567177077,1.2164301453349382,0.17320160485626115
6470.TWO,2026-10-08,宇智,上櫃,通信網路業,0.2192495738484307,-0.6390722510122329,0.7912278670786801,0.05485375568701052,-0.48956157875816064,0.22341365646840367,-0.6106947262452109,0.8840578635040462,1.118912372657641,0.17248739258095644
1447.TW,2026-10-08,力鵬,上市,紡織纖維,0.6719069428325389,0.5173721995315225,-0.3392879709837504,0.2355298870930733,0.332521468196385,0.6490989914603106,-0.6348518755255993,0.08252757988073858,0.03751975995396409,0.172481886937687
2496.TW,2026-10-08,卓越,上市,其他,0.8013171457104429,-0.6390722510122329,0.869902201259674,-0.45707097261336344,-0.6447821230343028,-0.19883402433420774,-0.34979610809735895,1.1171853691996485,1.0493103565357669,0.17201773262378517
4532.TW,2026-10-08,瑞智,上市,電機機械,0.7879935500450653,-0.6390722510122329,0.524989948899166,0.017137244922527523,-0.30512509956311384,1.0447598809286889,-0.15518881906314674,-0.342895691329029,0.6142438248900434,0.17187139874644097
9926.TW,2026-10-08,新海,上市,油電燃氣,0.7857164181341983,-0.06085002574035522,0.3880140100192802,-0.0796574695156094,-0.10699833392925362,-0.10100155150165264,-0.3348310939401653,-0.150456459016454,1.197645165983785,0.17084229561041925
2915.TW,2026-10-08,潤泰全,上市,貿易百貨,0.5986795630884147,1.0955944248034002,0.3449879551205927,0.09776555159585701,0.46405464069034374,0.40127787813814314,-0.4754846307223733,-1.3687172815906534,0.3765694916873211,0.17052528809011624
4995.TWO,2026-10-08,晶達,上櫃,光電業,-0.11964372277352084,-0.6390722510122329,0.869902201259674,0.050325155010245336,0.3358880564581191,-0.3925334244624592,0.06721121854797475,0.7544956109012656,0.6049218455753512,0.17016607661160188
5534.TW,2026-10-08,長虹,上市,建材營造,1.2959532037723969,-0.6390722510122329,0.5883851410331761,-0.28579077593801006,-0.234356062945351,0.40581351924047443,0.42550731837469863,-0.7291973690872181,0.7030740552694671,0.1700351976341557
6581.TW,2026-10-08,鋼聯,上市,綠能環保,0.5065604513090852,-0.6390722510122329,0.2477826844780435,-0.046409974029389206,-0.1697363141989304,0.28899109050219235,0.42207538542643286,-0.3371263386729644,1.2557145645409156,0.1698643664825725
2204.TW,2026-10-08,中華,上市,汽車工業,0.5624371822968248,1.0955944248034002,0.5411893352189724,-0.344815666761912,-0.23170976511164063,-0.05028381831971262,-0.366528753087393,-0.8674566127661721,1.1843987038710502,0.16920278112704634
6496.TWO,2026-10-08,科懋,上櫃,生技醫療,0.7394136416329522,-0.6390722510122329,0.6581702891362122,-0.5260547494561428,-0.4457887749737379,-0.13052296152365364,-0.37445338598259353,1.101409631540738,1.139291789100171,0.16915480316241252
2748.TW,2026-10-08,雲品,上市,觀光餐旅,0.578929841367394,-0.6390722510122329,0.6526030254516577,-0.41796323825518156,-0.12888135156578584,0.12494783918283131,-0.32112369870493906,0.31295489548685224,1.3595723551734598,0.16910749079156176
6703.TWO,2026-10-08,軒郁,上櫃,生技醫療,0.5815189504371566,-0.6390722510122329,0.6681342255361233,-0.13239601170245918,-0.33932238867800923,0.2884835974364166,-0.3244108924289135,0.3847966439811768,1.0328113941439656,0.16894925196813604
1598.TW,2026-10-08,岱宇,上市,運動休閒,0.6353625254970279,-0.6390722510122329,0.44997152743207675,-0.16459510933937355,-0.0922856148402546,0.2586807928028042,-0.134124706467039,0.39424878512688133,0.8094101273751199,0.16862178628611224
6606.TW,2026-10-08,建德工業,上市,電機機械,0.3385791523656821,-0.6390722510122329,0.09028517918880916,-0.03634263969677674,-0.07382780339925127,0.38503832732833354,0.1344988638989463,0.5703249081366839,0.74637827962291,0.16842911293701157
6690.TWO,2026-10-08,安碁資訊,上櫃,數位雲端,0.25540918342808144,-0.06085002574035522,0.5843969272692373,-0.2561133926396184,0.1070932098695073,0.5346671628046619,-0.2692844289694994,0.1541816919164864,0.4653796514388174,0.16831999770859096
5353.TWO,2026-10-08,台林,上櫃,通信網路業,0.014529053440204383,-0.6390722510122329,0.40087012704893976,0.09604034602692017,0.36757165029961103,0.14463098064870786,-0.2953605929728491,0.6913940353668647,0.7322872020424003,0.16809895009872958
4129.TWO,2026-10-08,聯合,上櫃,生技醫療,0.7757998626943438,1.0955944248034002,0.5453199747957305,-0.6584449813014815,-0.7246901537573772,-0.17531779878247633,-0.2753941590432787,-0.0975158926559089,1.02649641639182,0.16798307701608572
6904.TWO,2026-10-08,伯鑫,上櫃,其他,0.42983922210718006,-0.6390722510122329,0.5945378249792849,-0.05526986675233798,-0.08693136090112646,0.07538016442554088,-0.3773385878485046,0.67383534253405,0.8886588137658985,0.16707103347752802
4167.TWO,2026-10-08,松瑞藥,上櫃,生技醫療,0.3397526736604674,1.0955944248034002,-1.6763753528445973,0.2477384794192031,0.21985481568380205,1.234206511714699,-0.14746341641987734,-0.03580346133417014,0.22309582974284184,0.16673338938064097
8096.TWO,2026-10-08,擎亞,上櫃,電子通路業,-0.7362480307711433,-0.6390722510122329,0.2939972771532534,1.477316573110382,-0.1287664939410517,0.5416922983324587,1.9899530595745492,-0.41018415260013547,-0.8903859806401726,0.1664780332451008
4305.TWO,2026-10-08,世坤,上櫃,塑膠工業,0.5228461927695904,-0.6390722510122329,0.869902201259674,0.18563537300580493,-0.11041629084960417,-0.44251465239463994,-0.5984445649314498,0.679936774767851,1.0257357596467798,0.1659565046957526
5263.TWO,2026-10-08,智崴,上櫃,文化創意業,-0.1454914321745067,0.5173721995315225,-0.8576013895617559,0.2556899115477349,-0.26727963189736614,0.42509049351907807,1.531829507371842,-0.05968630131331824,0.08825507982199657,0.16535315964946967
4528.TWO,2026-10-08,江興鍛,上櫃,電機機械,0.7719942727253686,-0.6390722510122329,0.7556349138624797,-0.6343067732537283,-0.7290389381312442,-0.07174697327526053,-0.34953258193458925,1.0409001708806804,1.339768001089716,0.16495553788346548
2706.TW,2026-10-08,第一店,上市,觀光餐旅,0.691220489686659,-0.6390722510122329,0.5922636837547647,-0.34099930550157403,-0.2443139539356519,0.31556177115843137,-0.30893202778482015,0.07311660440716358,1.3444399684410147,0.1648094421348616
5228.TWO,2026-10-08,鈺鎧,上櫃,電子零組件,-0.10213868197033417,1.0955944248034002,-2.4741669218436124,0.3202035142353686,1.7502792390810378,1.468819700307765,0.26703168193361576,0.6586723799529532,-1.5028190887071964,0.16460847197699982
9103.TW,2026-10-08,美德醫療-DR,上市,其他／未分類,0.6526216756798552,0.5173721995315225,-2.4581478802496166,0.01802311893216003,0.28637668164665564,1.2406008312447827,,0.46034350339252245,0.5887722983069209,0.16324530356060035
2609.TW,2026-10-08,陽明,上市,航運業,0.7059530349044685,1.0955944248034002,0.35570049770592305,0.029244356443380606,-0.1399832389594262,0.5178847796962018,0.14533391675430063,-2.078287722027262,0.8345013069643242,0.16288237292059005
2062.TW,2026-10-08,橋椿,上市,居家生活,0.7920291384434682,-0.06085002574035522,0.5875965898886344,-0.3993483635468371,-0.5249389676501146,0.06992250005694306,-0.1483261744487686,0.39439453572594046,0.755255277168139,0.16285938998856106
1336.TWO,2026-10-08,台翰,上櫃,電子零組件,0.2315356567823432,-0.6390722510122329,0.7768406382617736,-0.22796299505897608,0.4100795885824987,-0.18586719053580872,0.05863269627946528,0.977825900425041,0.05988746917340234,0.16243327921083406
3708.TW,2026-10-08,上緯投控,上市,綠能環保,-0.6868238448308036,-0.6390722510122329,0.5881893195835654,-0.27412534042104875,-0.6285404966472266,-0.8472387759938355,4.280877979286165,-0.12571230325724603,-0.22180156917851931,0.16063919083653536
8034.TWO,2026-10-08,榮群,上櫃,通信網路業,0.9360606380149888,-0.06085002574035522,0.6088027429071929,-0.458973793015976,-0.7152797590586416,-0.03203550754687515,-0.3488677146874644,1.1163183400800303,0.3993115849536476,0.16049850065628302
3306.TWO,2026-10-08,鼎天,上櫃,通信網路業,-0.038597364529699356,1.6738166500752778,0.5109870895730415,-0.6316445008404222,-0.19004782743934312,-0.8006973443767285,0.053108443889313,0.648797618624767,0.21735537285740977,0.16034201531484624
6728.TWO,2026-10-08,上洋,上櫃,居家生活,0.41767778464577077,0.5173721995315225,0.7150890496181599,-0.7076845234843078,-0.5544418165309317,-0.3858950930591423,-0.017830168691462055,0.4533160929761362,1.0028054723201205,0.16004544414731844
1465.TW,2026-10-08,偉全,上市,紡織纖維,0.5166741211521605,-0.6390722510122329,0.57777540074768,-0.345709227490819,-0.2923514842450974,-0.3200837086426283,-0.1241787432491655,1.0600904257739494,1.0050511529741095,0.15979952066755074
6596.TWO,2026-10-08,寬宏藝術,上櫃,文化創意業,0.6994791031525907,1.6738166500752778,0.8002774524606614,-0.8101868575114894,-0.8672944600680693,-0.19055722748023876,-0.9756730339185645,0.3812521818044383,0.7150116977602383,0.15845838958609382
3046.TW,2026-10-08,建碁,上市,電腦及週邊設備,-0.19685523495556745,-0.6390722510122329,0.6187277559596389,0.5951800545624856,0.2197703851955119,0.5417636114497427,0.014640808314680561,0.3147284681836437,-0.05227014206882701,0.1574014950698973
4506.TWO,2026-10-08,崇友,上櫃,電機機械,0.7743798857981407,-0.6390722510122329,0.7269470782545375,-0.16145339835648906,-0.03027178908932909,0.5802504380388729,-0.44092070325565114,-0.6767183923114332,1.2732847023961817,0.1562695078291775
1463.TW,2026-10-08,強盛新,上市,紡織纖維,0.4640242887611,-0.6390722510122329,0.581125407543638,-0.18519031958276935,-0.19770008814837325,-0.03254005781859511,-0.31083748478756446,0.4937435642440669,1.2320228844609862,0.15617510485113956
1459.TW,2026-10-08,聯發,上市,紡織纖維,1.5348261282620117,-0.6390722510122329,-2.489544697039606,0.31130512165183377,0.9894412043276986,2.6527689417837257,-0.46340622501330675,0.20048958712944268,-0.6921170455284689,0.1560767516178998
6414.TW,2026-10-08,樺漢,上市,電腦及週邊設備,-0.17432402977660252,-0.6390722510122329,0.52970519967782,0.6484259718851869,1.1850770133887982,0.8512242555912033,0.03198730106167029,-1.32333245922738,0.29486661037760875,0.15606195688511912
1439.TW,2026-10-08,雋揚,上市,建材營造,0.8106796529732573,-0.06085002574035522,0.6961382264091935,-0.17527939443813448,-0.2056775610810529,0.23797624275958776,-0.9524241421268272,0.5971851138326756,0.4567730423860666,0.1560579061082679
6856.TWO,2026-10-08,鑫傳,上櫃,文化創意業,0.753408964909963,-0.6390722510122329,0.37887297811830645,-0.46456968597799386,-0.5994099195225099,0.2653049146902292,-0.3306712194153814,1.0855552914503686,0.9531536025357388,0.15584140841960978
3522.TWO,2026-10-08,御嵿,上櫃,觀光餐旅,0.8801675671259178,-0.6390722510122329,0.869902201259674,-0.5448977905529192,-0.4489281389998164,0.1776221916247162,-0.3942724190438933,1.0391897949106985,0.4623150451332773,0.15578068893838024
1776.TW,2026-10-08,展宇,上市,化學工業,-0.03803805498274159,-0.06085002574035522,-0.6736274547156708,0.2139798956790675,0.4612646312774995,0.23923112411193612,-0.3379321802844679,1.0826889345565154,0.5125193246419119,0.15547068828263277
6245.TWO,2026-10-08,立端,上櫃,通信網路業,0.03667329499300937,0.5173721995315225,0.600532047878739,-0.2165682859237656,0.7480595705101141,-0.0037881389960711474,-0.008610368266493208,-0.3832075405466235,0.10840088401908941,0.15542929591105786
1471.TW,2026-10-08,首利,上市,電子零組件,0.46360926172260175,0.5173721995315225,0.7984230008647956,-0.12731305723671046,-0.9594428038635943,-0.2885265665806704,-0.8521426367178305,0.9695819309409741,0.8655725999519345,0.15412599206811362
3711.TW,2026-10-08,日月光投控,上市,半導體業,-3.104901471462261,-0.06085002574035522,-0.5907262294450163,4.47481788178391,3.5949421084599646,1.5787912988861963,0.054466510060631024,-3.0763720142865325,-1.4896679267066757,0.1533889035055401
2007.TW,2026-10-08,燁興,上市,鋼鐵工業,0.5829732746829897,0.5173721995315225,0.869902201259674,-0.3592768617701524,-0.5530872315103421,-0.6518002810111005,-0.5251300186375537,0.3831759352585478,1.1126844347518188,0.1529792947283782
1109.TW,2026-10-08,信大,上市,水泥工業,0.6490087904057532,-0.06085002574035522,0.7431301934903183,-0.32798106111683667,-0.42666951935369013,-0.21810662264796724,-0.5690803001618353,0.2603044952100505,1.3178474891237109,0.15195593768990537
2897.TW,2026-10-08,王道銀行,上市,金融保險,0.7996165112498423,-0.6390722510122329,0.7114402197193304,0.40928940044176426,0.2103112869363529,0.0043637798281953065,-0.27203890758646654,-0.8976296464922914,1.0408736563496104,0.1519060054926783
8426.TWO,2026-10-08,紅木-KY,上櫃,其他,1.2632279098410788,-0.6390722510122329,0.626464757542962,-0.6853439137859727,-0.6583485443116507,-0.24590837294962342,-0.5933112113327732,1.153761052575245,1.141075069751197,0.1513938329242478
5902.TWO,2026-10-08,德記,上櫃,居家生活,0.6992839973793372,-0.6390722510122329,0.869902201259674,-0.6515122881120416,-0.38616884427744264,-0.19590832322873544,-0.15942750684061602,0.4636597520704452,1.3604634747761313,0.15124669022383547
6294.TWO,2026-10-08,智基,上櫃,文化創意業,1.5046512247505925,-0.6390722510122329,0.5672494633659122,-0.9580857085817668,-0.9001014845538512,-0.03200313851733136,-0.4154640391987483,1.3670045058433058,0.8670354381653689,0.15124600114013875
2702.TW,2026-10-08,華園,上市,觀光餐旅,-0.10797207563209942,-0.6390722510122329,0.7305055974126858,-0.09111566516252104,0.03140532047268988,-0.041298250505601784,-0.24739057239852819,0.7852999404106775,0.9368662573618926,0.1508031445496625
3520.TWO,2026-10-08,華盈,上櫃,電子零組件,-0.038360097748199644,-0.6390722510122329,-0.3019943213316116,0.3684166691295556,0.5831968058335555,0.20443578122673317,-0.05205988715217809,0.9172346890516914,0.3064008997219923,0.14979980974658952
6697.TWO,2026-10-08,東捷資訊,上櫃,資訊服務業,0.1287393165051742,-0.6390722510122329,0.8289838797981782,-0.40423585179151245,-0.26602262995593123,-0.2061296476335595,-0.20350462758317409,1.1085149925450724,0.9938012861008692,0.1490082741080982
6720.TWO,2026-10-08,久昌,上櫃,半導體業,0.4758131502496953,-0.06085002574035522,0.869902201259674,-0.12325873723345669,-1.0317732699449704,-0.01268755644886988,-0.11988348130738324,0.4052333610019518,0.935116552689807,0.14862357716956584
9942.TW,2026-10-08,茂順,上市,其他,0.2424122890698697,-0.6390722510122329,0.869902201259674,0.10388570702278578,-0.08245733548946732,0.13697582669206781,-0.2223805509152595,-0.19013461278312005,1.1151316012466173,0.1482514305656594
1453.TW,2026-10-08,大將,上市,建材營造,0.7256646561390705,-0.6390722510122329,0.7157986084404271,-0.5651489732321704,-0.48701071461675804,-0.3819567834825291,-0.3237682039512057,1.0340609022027347,1.2517409871264784,0.14781202529042384
2906.TW,2026-10-08,高林,上市,貿易百貨,0.7054338176634781,0.5173721995315225,-1.1508172834905703,-0.1478390287334592,0.16859354132131887,0.11187259752512888,-0.2720398879688217,0.5159855553859494,0.8795868797679143,0.14757204344471786
1626.TW,2026-10-08,艾美特-KY,上市,電器電纜,0.52612323092167,-0.06085002574035522,0.34770660457224,-0.5446397214213052,-0.393073226021528,-0.1851522388212785,-0.14978645291318698,0.9444812797293896,0.8408269187250128,0.1472929298922954
3357.TWO,2026-10-08,臺慶科,上櫃,電子零組件,-0.4910662434806887,-0.06085002574035522,0.012503145648800052,1.470208871839616,0.8827662380543594,1.19349944367051,0.11850558982118524,-0.8185103070132572,-0.983756873193036,0.1470333155119037
2008.TW,2026-10-08,高興昌,上市,鋼鐵工業,0.4178409189110776,-0.06085002574035522,-0.17648326895120722,0.26567278760287566,0.19371540378861035,0.10471170111356065,-0.3370310727616435,0.10063777709903639,0.805687439877316,0.14598907343769674
6142.TW,2026-10-08,友勁,上市,通信網路業,0.7961085053315498,-0.6390722510122329,0.8329437609315196,-0.37782712995831635,-0.4746915641068042,0.05997685978614418,0.08741843017652973,0.559121041503398,0.46908028782434025,0.1458953267195698
7705.TW,2026-10-08,三商餐飲,上市,觀光餐旅,0.8610938721992165,-0.6390722510122329,0.7002336779863652,-0.7395779284045015,-0.5239713134264254,-0.18441693164299588,-0.2719215744602408,0.7640779012211553,1.3391532562860715,0.14506652319404578
3406.TW,2026-10-08,玉晶光,上市,光電業,-1.1971948563363584,-0.6390722510122329,-2.0665537072954407,3.2090964694309547,4.7095686004224895,2.1023538652683977,-0.333999533462379,-1.739297237035087,-2.7408421721756855,0.1448954642005177
1589.TW,2026-10-08,永冠-KY,上市,電機機械,1.2643551326937905,,0.869902201259674,-1.2585887217837335,-1.1688487528593725,-0.7748876928855338,-0.4231759015322638,1.2748884827915223,1.3738740489320511,0.1446898495770168
1723.TW,2026-10-08,中碳,上市,化學工業,0.052545325240844265,1.6738166500752778,-0.32695241499114325,0.021084400081168936,0.2866338749966719,-0.37504797173495996,0.06554050488991353,-0.6493879244704825,0.550094737935599,0.1442585757803211
4161.TWO,2026-10-08,聿新科,上櫃,生技醫療,0.5196056773214445,-0.06085002574035522,0.869902201259674,-0.5497302067218817,-0.5038104636141989,-0.3971382586757387,-0.5444996892307588,1.0244811865246444,0.9314895612724321,0.1432722202661402
6899.TWO,2026-10-08,創為精密,上櫃,光電業,0.5680154381687846,-0.6390722510122329,0.2566149752037573,-0.04824109863854428,-0.06555130703830257,0.20394007643490994,-0.4692036830928755,0.7145462036058489,0.7645559454928564,0.14284492212491134
5292.TW,2026-10-08,華懋,上市,綠能環保,-0.1679189415113651,-0.6390722510122329,-0.3898898202231252,1.1340716908096407,1.0375710703431322,1.6625270415534148,-0.2632699706612649,-0.3000573347195823,-0.7888087931477774,0.14279474349231555
2433.TW,2026-10-08,互盛電,上市,其他電子業,0.6565135309060793,-0.6390722510122329,0.869902201259674,-0.3509114232505669,-0.4302898478004158,0.010213407051197129,-0.3227242441846115,0.11516507333364524,1.3738740489320511,0.14251894391498
2247.TW,2026-10-08,汎德永業,上市,汽車工業,1.0255561471029164,-0.06085002574035522,0.6464357672937696,-0.500923737340791,-0.22887776381988412,0.11561965774128032,-0.334060639961626,-0.5941765741558126,1.2109339075987726,0.1421840820798078
6840.TWO,2026-10-08,東研信超,上櫃,其他電子業,-0.4996941021653272,-0.6390722510122329,0.869902201259674,0.625836148167,1.343822747060703,0.5611992577284605,-0.24685286048449734,0.5245236060098825,-1.2662145843087325,0.14149446247277
6762.TWO,2026-10-08,達亞,上櫃,生技醫療,1.6587341882542277,-0.6390722510122329,-0.20684311624699306,-0.5914276649217874,-0.26026038520606515,0.9276540063654406,-0.0335773792967257,0.10793375577709945,0.3101731068142454,0.141479362280801
2063.TWO,2026-10-08,世鎧精密,上櫃,鋼鐵工業,0.8003812073854882,-0.6390722510122329,0.7984257304181385,-0.3992768107164334,-0.5233981808111026,-0.545259523578366,-0.4867527027940595,1.0987593697201206,1.1690500936364807,0.14142854802755933
8415.TWO,2026-10-08,大國鋼,上櫃,鋼鐵工業,0.8640534310180866,-0.6390722510122329,0.6784800729444935,0.21781351561761061,0.08747370365427237,0.24964051677190824,-0.010764257073545886,-1.013550567899029,0.8354065757203816,0.1410534155268828
8462.TW,2026-10-08,柏文,上市,運動休閒,0.4781139141313171,-0.6390722510122329,0.6559247878443372,0.09217866030941162,0.15133030681097934,0.32014049444077836,-0.19546262539705875,-0.3658586330621115,0.7704296321230957,0.14085825402094623
8104.TW,2026-10-08,錸寶,上市,光電業,0.18012180218073462,2.2520388753471554,0.8169149134252897,-0.5736486752516463,-0.43559191237167616,-0.7774802637623329,-0.2046389707719253,0.46222025660063215,-0.4531235420934862,0.14075694258919386
6174.TWO,2026-10-08,安碁,上櫃,電子零組件,-2.9636013376513746,-0.06085002574035522,-2.4895431893611186,2.2731934775676,4.724051076494504,1.0035492626677855,-0.05631118896499772,0.4661295945050178,-1.6338534208564395,0.14030713874006914
1337.TW,2026-10-08,再生-KY,上市,塑膠工業,0.6114460455653704,0.5173721995315225,0.869902201259674,-0.3758220879002287,-0.9350725488834576,-1.0458520370481812,-0.2026237477921121,1.0721317710026763,0.7510873156806207,0.1402854568239872
4121.TWO,2026-10-08,優盛,上櫃,生技醫療,0.5094412157975289,0.5173721995315225,-0.3111523006849908,-0.41054052174204353,-0.9036836065468146,0.015855475623113967,-0.3053864476936611,1.1159770656659784,1.0331242026549903,0.14011192028951377
9911.TW,2026-10-08,櫻花,上市,居家生活,0.5847640076049824,-0.6390722510122329,0.8285271943488202,-0.16506024422216045,-0.313841582917917,0.46792094519363275,-0.2815551842918822,-0.588639079917329,1.364466765833783,0.13972339673552187
1434.TW,2026-10-08,福懋,上市,紡織纖維,0.38896293276625704,1.0955944248034002,-0.9031398454865353,0.34569839572690114,0.3691224758669999,0.846322729568512,-0.4021801972824532,-0.9510187822820177,0.4672118542664977,0.1396193319941735
3188.TWO,2026-10-08,鑫龍騰,上櫃,建材營造,1.1461832208810157,0.5173721995315225,0.4229676132930257,-0.3111517705011883,-0.9185186434359163,0.15498809493109672,-0.978231104397896,0.28321485015356596,0.9373809636099247,0.1393561582294612
3168.TW,2026-10-08,眾福科,上市,光電業,0.24149457620274636,-0.6390722510122329,0.8308848471471577,-0.29267477381754686,0.09709998580613477,-0.4311908914497762,-0.004271897973656034,0.4734658285282147,0.978053161909713,0.1393098428156394
2613.TW,2026-10-08,中櫃,上市,航運業,0.38071264914309216,0.5173721995315225,0.7933784196472292,-0.3431998518648973,-0.5114630057521584,-0.4417602550683999,-0.32533483023465926,0.4538203431390267,0.7270044248204356,0.13894778815124345
1725.TW,2026-10-08,元禎,上市,化學工業,0.04104196006382169,-0.06085002574035522,0.18027919782386487,0.22188613614252264,0.1503007976167197,0.20175484190702664,-0.07518082243133514,0.050790387360995976,0.5337998878462137,0.13820248450994166
2108.TW,2026-10-08,南帝,上市,橡膠工業,-0.5284235337408371,1.0955944248034002,-0.3591622598303003,0.5134880522361435,0.4777127908383962,0.11786495108723917,0.021364273859185955,-0.4697534413713279,0.37355063408271616,0.13802621021829065
6968.TWO,2026-10-08,萬達寵物,上櫃,居家生活,1.0674453118201181,-0.6390722510122329,0.7064249102323675,-0.8690545209050292,-0.5811650581596949,-0.2995441854154241,-0.24987428281910118,0.7276771614975097,1.3738740489320511,0.13741234824117382
6151.TWO,2026-10-08,晉倫,上櫃,其他電子業,-0.1836527017369724,-0.6390722510122329,0.09872094376089076,0.30552468119940995,0.44478930339509537,0.3790998401900448,-0.17956723423138832,0.7702892147637042,0.24023759218197965,0.1373743765011701
1234.TW,2026-10-08,黑松,上市,食品工業,0.8819019194489066,-0.6390722510122329,0.869902201259674,-0.33845180763685256,-0.36182152694083125,0.16924586624213186,-0.33477399272736913,-0.3869220130572788,1.3648907989513799,0.1360999105030586
9907.TW,2026-10-08,統一實,上市,其他,0.8748372907861323,0.5173721995315225,0.641367626465293,-0.2984292504460593,-0.5289565609661097,0.021949136196484326,-0.42713373431843565,-0.7451700735878944,1.1669888262240518,0.13586949554277605
8354.TWO,2026-10-08,冠好,上櫃,其他,0.4900997513990188,-0.6390722510122329,-0.046311731366253786,0.3595726503014407,0.10486055186418873,0.5567675615476019,-0.40102706055287035,1.0004722626536875,-0.20859818298797728,0.13519595020517816
1617.TW,2026-10-08,榮星,上市,電器電纜,-0.2470872325643136,-0.6390722510122329,-0.4418141014481701,0.5030580779358055,1.5673608725837282,1.556109706806186,0.06512199826415542,0.31733643452270655,-1.4702267757176308,0.1345318588189149
5315.TWO,2026-10-08,光聯,上櫃,光電業,0.6673703377920971,-0.06085002574035522,0.5134644187944299,-0.3570370089046534,-0.4741183951785825,-0.10525913367529892,-0.5571503502128515,0.7382219609708872,0.8445535759526793,0.1343550421998169
9918.TW,2026-10-08,欣天然,上市,油電燃氣,0.3273412634441589,-0.6390722510122329,0.7143717315116306,0.14113038145068008,-0.16122028119196785,-0.1736500824440725,-0.2062470176679961,-0.07234058432372545,1.2713921172669813,0.1335228085592729
8930.TWO,2026-10-08,青鋼,上櫃,鋼鐵工業,0.6783250263519134,-0.6390722510122329,0.7503485300752681,-0.05603455889230213,-0.3801076689775745,-0.31657983741501217,-0.4230460922594057,0.6697892820883591,0.9175188747079135,0.13346014496299186
3083.TWO,2026-10-08,網龍,上櫃,文化創意業,0.8867420644490283,-0.06085002574035522,0.869902201259674,-0.7911644319946035,-0.7215980915560691,-0.077493974967085,-0.4184096982253274,0.7570786188107717,0.7549472311964942,0.13323932147028086
2373.TW,2026-10-08,震旦行,上市,其他電子業,0.681157924060271,-0.6390722510122329,0.35701027927835594,-0.1324930272648199,-0.1951655712455562,0.4544795544957402,-0.30908689430156655,-0.3579228561620886,1.3357418612518506,0.13273877989999483
2482.TW,2026-10-08,連宇,上市,其他電子業,0.7329135258303239,0.5173721995315225,-0.6423878976641566,-0.549060817148062,-0.16739813035040663,-0.07211307288299669,-0.24954475742022406,1.0349852458621938,0.5895818834757764,0.13270535324821897
8091.TWO,2026-10-08,翔名,上櫃,半導體業,-0.3353753055887777,-0.6390722510122329,-2.4817486524919254,1.729611782408382,1.7757626040107435,2.2126676254802913,0.27802418981777843,-0.3923700020029705,-0.9555759328511764,0.13243600641890138
7714.TWO,2026-10-08,創泓科技,上櫃,數位雲端,0.024964758455728667,0.5173721995315225,0.5708417807296342,0.02403300306235618,0.6842654148769406,0.6524652212427684,-0.20961289432671962,0.39947462097537595,-1.4743447147270967,0.13216215442450113
2023.TW,2026-10-08,燁輝,上市,鋼鐵工業,0.5767659529483241,1.0955944248034002,0.626465525804004,-0.3259641726971175,-0.2723722389710246,-0.5521183068007911,-0.46396287044716134,-0.7960294916113733,1.2999643921907251,0.13203813502433173
2608.TW,2026-10-08,嘉里大榮,上市,航運業,0.9937691853962224,-0.6390722510122329,0.8110664329234255,-0.3985179871877955,-0.2424972588998221,0.022290954349628366,-0.17983146687557786,-0.4043075167802178,1.214665636537284,0.13084063649454603
8931.TWO,2026-10-08,大汽電,上櫃,油電燃氣,0.832552602849998,-0.06085002574035522,0.7123690706916096,-0.5928551352256641,-0.2265486172038458,-0.7323018096968269,-0.010373924649014326,0.1701327782069191,1.0838015171709217,0.13065849515597133
6118.TWO,2026-10-08,建達,上櫃,電子通路業,0.08614538202998905,1.0955944248034002,0.765573193497083,-0.8386368104833717,-0.46823299853327577,-0.9015554717533097,-0.08402633528000009,0.94278928419589,0.5756916274157774,0.1303713662102425
6184.TW,2026-10-08,大豐電,上市,其他,0.7420013385377785,-0.06085002574035522,0.7857068628867304,-0.4576889114982993,-0.4731242228071883,-0.2530188327737344,-0.34527543228943514,0.05064183598609794,1.1817704037340564,0.13001811289285006
6207.TWO,2026-10-08,雷科,上櫃,電子零組件,-2.653482120595339,-0.6390722510122329,-0.06652856964507556,1.6432095857178586,4.724051076494504,0.2764528112344738,-0.03068712213732299,-0.4147757375297785,-1.6722182579129081,0.1296610460682423
2745.TWO,2026-10-08,五福,上櫃,觀光餐旅,0.20024505138664184,0.5173721995315225,0.5935652807049411,-0.5317331017471957,-0.44432602235489455,-0.3082205531170607,-0.25018884392873897,0.5245183892820506,0.8632436064495864,0.1293862229118725
1583.TW,2026-10-08,程泰,上市,電機機械,0.5957370552706306,-0.06085002574035522,0.10056130054917535,-0.2164590319035864,0.06376844093105413,0.3458760601235972,-0.4278511470606741,0.17333907414288915,0.5848821141404713,0.1287782044948002
8916.TWO,2026-10-08,光隆,上櫃,其他,0.9624508184785813,-0.6390722510122329,0.828733154784538,-0.5186383335456007,-0.560072825384075,-0.1729219295899703,0.026639233705119194,0.07612117384922112,1.1402067396914828,0.12704953121967372
5878.TWO,2026-10-08,台名,上櫃,金融保險,0.6747936279713144,-0.6390722510122329,0.869902201259674,-0.30821975223236264,-0.43508163391012966,-1.2117934896156006,-0.39731004063382425,1.2134402432595301,1.3738740489320511,0.1267258837798244
3716.TW,2026-10-08,中化控股,上市,生技醫療,0.08161849415072141,-0.06085002574035522,0.3707275744714469,-0.02625832703522004,-0.031590282268015496,0.1617585584652388,-0.3505068371186652,0.17716035788357037,0.8167435581699757,0.12653367455318856
7732.TW,2026-10-08,金興精密,上市,汽車工業,0.515367373214271,-0.6390722510122329,0.09938722138812625,-0.23169329631327873,-0.24558116041326145,0.20505412465304826,-0.3026236706006376,0.7027515359040972,1.0314332885757618,0.1261136850439882
2017.TW,2026-10-08,官田鋼,上市,鋼鐵工業,0.5343751614978309,0.5173721995315225,0.4542241075329347,-0.24707375320246122,-0.4457888151926572,-0.538365304226512,-0.489754161503056,0.32686955252889144,1.0182139200076867,0.1255636563304644
8401.TWO,2026-10-08,白紗科,上櫃,其他,0.5821119104031747,-0.6390722510122329,0.7212536105878564,-0.4992286631289101,-0.486637273579847,-0.4102400490889232,-0.3566052102571177,0.8867992397804074,1.3297199918859117,0.12534458951003546
4923.TWO,2026-10-08,力士,上櫃,半導體業,-1.461702344392222,1.0955944248034002,0.14854807654866867,1.147511277583038,1.193364599066457,0.8417153109327167,-0.09145445566963259,0.6758094442916495,-2.4280715922419214,0.1245905267691282
3531.TWO,2026-10-08,先益,上櫃,光電業,0.36016495261057174,-0.6390722510122329,0.23753661315539012,-0.27900789302317003,-0.0104112735254469,-0.2531550415118152,-0.3970889976361267,1.003538456435417,1.0966093353159536,0.12434598897872674
5481.TWO,2026-10-08,新華,上櫃,其他,1.0937641932786102,-0.6390722510122329,0.7875609673124936,-0.5764942208382484,-0.2841724219333291,-0.12691391774540317,-0.3672245050288768,0.9440949744951691,0.2856209563285359,0.12412930831741316
3490.TWO,2026-10-08,單井,上櫃,光電業,-0.7383237659925199,-0.6390722510122329,-0.4738764807431882,2.0054036604997183,2.1220183548830063,1.337494348802081,-0.3861762214745511,0.6198653938103275,-2.7408421721756855,0.12294342962188394
8099.TWO,2026-10-08,大世科,上櫃,資訊服務業,1.0214519720091628,-0.6390722510122329,0.8141887298711228,-0.5801036380982139,-0.17114689971791677,0.10800328030205879,-0.570171895770304,0.09608513479949335,1.0189930691686657,0.12202527795020399
1444.TW,2026-10-08,力麗,上市,紡織纖維,0.4388099672612147,0.5173721995315225,-0.17063177579544797,0.058207260431553075,0.057809213872462815,0.20344567031527971,-0.4661072019266943,-0.008034320080742802,0.4607820381581308,0.12129478352969761
8049.TWO,2026-10-08,晶采,上櫃,光電業,0.5005374453878089,-0.6390722510122329,0.5256967255278756,-0.2853689450927581,-0.3125894599436455,-0.19991607991629406,-0.18218558387899284,0.5277940303543772,1.156729611743401,0.12129172146328211
2504.TW,2026-10-08,國產,上市,建材營造,1.1360786226615065,0.5173721995315225,-0.0040990180714488575,-0.2701153005141421,-0.36482510276450786,0.5610827437419702,-0.4100130879523732,-1.0364724459973997,0.9590690823022651,0.12089752143748805
6161.TWO,2026-10-08,捷波,上櫃,電腦及週邊設備,0.030308381169626895,-0.6390722510122329,0.869902201259674,0.17953136236463219,0.3755079826621734,0.2570014801847495,-0.4990242019507006,0.5572057574819756,-0.05136541228126055,0.11999947776429305
8906.TWO,2026-10-08,花王,上櫃,其他,0.8638058701387374,-0.06085002574035522,0.45733828257756876,-0.5846511915890977,-0.2967789492591686,-0.3856312914352767,-0.3692017558548458,1.0341803119149175,0.41348947763680677,0.11907785870992073
2235.TWO,2026-10-08,謚源,上櫃,電機機械,0.8532486631742598,-0.6390722510122329,0.3299904195336763,-0.5092995550633008,-0.5519958277248025,0.22520900096801993,-0.40164661907370763,1.1611469332604807,0.5999486067316533,0.11861437453267182
2102.TW,2026-10-08,泰豐,上市,橡膠工業,1.0823638175463022,-0.6390722510122329,0.7681023791520301,-0.2948756665425065,-0.6105593553950923,-0.04069141936766317,-0.08096853924741321,-0.07371879259728256,0.9565957126784677,0.11857509835717882
2633.TW,2026-10-08,台灣高鐵,上市,航運業,0.8113191032410171,0.5173721995315225,0.7389291698425129,-0.19345913286905592,-0.08416353735799707,0.13497871044670642,-0.3538252002121659,-1.8556028982979689,1.3442200909753346,0.11775205614443397
4536.TW,2026-10-08,拓凱,上市,運動休閒,0.7943572458733705,-0.6390722510122329,0.6572790752710153,-0.29153918084953984,0.03670269357611996,0.11023912907088379,-0.2733664889022591,-0.45185318306713274,1.113828368197582,0.11739726757308966
6180.TWO,2026-10-08,橘子,上櫃,文化創意業,0.9390248575333651,-0.06085002574035522,0.869902201259674,-0.7504244759195688,-0.4461399415646089,-0.13914723856483358,-0.08954471843057754,0.0006454178978092215,0.7294854929436553,0.11699461882383994
1540.TW,2026-10-08,喬福,上市,電機機械,0.20383721243958083,0.5173721995315225,0.7810259486133556,-0.48237353012082834,-0.4880710542169543,-0.2959353871829261,-0.7805997838358647,0.8809272761048293,0.7108101784160143,0.11633256219430324
5299.TWO,2026-10-08,杰力,上櫃,半導體業,-0.38952356179194514,-0.6390722510122329,0.5453181055475189,0.6213174665355383,0.6362966632523277,0.592542013787608,-0.368217572449458,0.1952035820120538,-0.1477820104970143,0.11623138170937741
2012.TW,2026-10-08,春雨,上市,鋼鐵工業,1.1773287861987798,-0.06085002574035522,0.7499215510493885,-0.48312127932182436,-0.6097443178380566,-0.4490881095960469,-0.3992784249083457,0.29392108815046114,0.8252500099115728,0.11603769754506373
1264.TWO,2026-10-08,德麥,上櫃,食品工業,0.6508284916914288,-0.06085002574035522,0.32142132115832145,-0.3731357351849591,-0.34846460444618643,0.016555070191667534,-0.26050031263581264,-0.18015660107723164,1.2769213095948482,0.11584654595019123
1535.TW,2026-10-08,中宇,上市,電機機械,0.6391958283109679,-0.06085002574035522,0.2766232178806936,-0.40910032987024464,-0.38796344950512235,0.22540808831191042,-0.5869053061093519,0.11792501341195241,1.2280525641553264,0.1158206223161974
4736.TW,2026-10-08,泰博,上市,生技醫療,0.4199253223996247,-0.6390722510122329,0.10348880415987494,0.0007581509025723963,-0.0013992619126052092,0.6402490185379118,0.02876837306779091,-0.37971921618257126,0.8680850711459549,0.1156760012340356
6680.TWO,2026-10-08,鑫創電子,上櫃,電腦及週邊設備,0.7894536400879621,-0.6390722510122329,0.869902201259674,-0.5347053860780302,-0.5878533444059899,-0.23371509918078381,0.07133738627407143,1.0358224063729875,0.26590735340216437,0.11523076741331363
5013.TWO,2026-10-08,強新,上櫃,鋼鐵工業,0.6133079166925998,-0.6390722510122329,-2.4816572873660894,-0.08995970852278531,2.1992004371224354,2.4345733604072657,-0.13839952860034832,-0.016875707445403086,-0.8440684876164029,0.11522763818433764
3356.TW,2026-10-08,奇偶,上市,光電業,-0.22996786552986834,-0.6390722510122329,0.30743483356382306,0.5925510403781613,0.8983099837519632,0.6500792731973067,-0.16188285633555355,0.24872705389952618,-0.6304730420031245,0.11507846332333349
4943.TW,2026-10-08,康控-KY,上市,電子零組件,1.5864525582081281,-0.6390722510122329,0.7192557680938798,-0.6781912355439137,-1.3747122832176337,-0.34612186281818186,0.026336964313021263,1.2800246474784451,0.45921655629829405,0.11479876242220069
8064.TWO,2026-10-08,東捷,上櫃,光電業,0.0894084651110835,-0.6390722510122329,0.745937426698023,1.3154209700357573,0.5510583785867035,2.425687180709431,-0.7162399009433326,-0.7781920513500494,-1.964455707520297,0.11439472336834294
5493.TWO,2026-10-08,三聯,上櫃,其他電子業,0.4290909944846867,-0.6390722510122329,0.4602114519095642,-0.25551571536023804,0.03608737290727063,0.35967725388803085,0.04474332054284644,0.3318952842679568,0.25882956527570666,0.11399414187817682
8112.TW,2026-10-08,至上,上市,電子通路業,-0.9557489064250706,-0.6390722510122329,0.3079871660794106,2.3694401233287885,-0.3397625535663926,1.4407004711944134,0.9982338260091206,-1.184951238436076,-0.9720095903631172,0.11386856075653817
5321.TWO,2026-10-08,美而快,上櫃,數位雲端,0.6894948019021507,1.0955944248034002,0.1843003386371528,-0.4605583503647007,0.3922072460660544,0.0013267127906480913,-0.0383716180638847,0.29820235225212527,-1.1466941383821367,0.11283352996008994
6535.TWO,2026-10-08,順藥,上櫃,生技醫療,0.529531211991746,-0.6390722510122329,-0.8326590738513434,-1.4631094771778417,-1.4510481833552455,-1.7913145482238895,7.074429064439638,-0.4173595620003903,0.0015413349351410402,0.11232650174950903
7780.TW,2026-10-08,大研生醫*,上市,食品工業,0.5360693172605049,1.0955944248034002,0.03784219725833118,-0.53638004118285,-0.4475727435177993,-0.2936977438689881,-0.010548199080439845,-0.4065695120794604,1.03277611948918,0.11194597989798649
3260.TWO,2026-10-08,威剛,上櫃,半導體業,-2.289243087953004,-0.6390722510122329,0.6930892859638424,2.4305520625154635,-0.5020743852340522,0.3559554515375171,2.0785548757927508,-1.7517115810238713,0.6312494864761089,0.11192220634028027
7740.TW,2026-10-08,熙特爾-創,上市,綠能環保,0.32543670227044297,-0.6390722510122329,-2.396225261843875,-0.837603942984269,-1.0701508996242923,-1.066416722217158,7.074429064439638,-0.020222347984061577,-0.36464678908596526,0.11172528355091409
6642.TWO,2026-10-08,富致,上櫃,電子零組件,-1.0324813951407164,-0.6390722510122329,0.6270513448421278,1.139305834889044,1.0417681844215632,-0.10052187919493026,0.10803026023700583,0.5256339726838299,-0.6687416819321157,0.11121915442150837
1475.TW,2026-10-08,業旺,上市,紡織纖維,0.8787611713681662,-0.6390722510122329,0.21118741878501165,-0.4758013878783512,-0.35261147835698725,-0.2358483517086969,-0.1303231442744133,0.8455979985132234,0.8986601022686381,0.11117223085603976
1512.TW,2026-10-08,瑞利,上市,汽車工業,0.5624685569536114,-0.06085002574035522,0.21652609521167537,-0.6642417491551649,-0.5769326473607453,-0.3736075776018496,-0.5178291203801705,1.4702610808871528,0.9430303837271291,0.11098055517125369
2948.TWO,2026-10-08,寶陞,上櫃,居家生活,0.2646958957090002,,0.1796052031869062,-0.2887467650339026,-0.35737322611528766,-0.03595516237410287,-0.3519877521975276,1.075125300128583,0.39889770764344595,0.11053265011838931
4904.TW,2026-10-08,遠傳,上市,通信網路業,0.9058911747792588,-0.6390722510122329,0.38768515954377236,0.41890969888516305,0.4006597241557152,1.4062643544139182,-0.2049337038313792,-2.447870976185659,0.7587808087262701,0.10959044327498076
6624.TWO,2026-10-08,萬年清,上櫃,綠能環保,0.6764592376826264,-0.6390722510122329,0.5604809484674614,0.3402517610684137,-1.1685675247004337,0.8424346702334505,-0.7354783707277157,1.2624148545774112,-0.16250445915736988,0.10849098515906791
1402.TW,2026-10-08,遠東新,上市,紡織纖維,0.5107874635191534,1.0955944248034002,0.02702966769658282,0.07444589122786509,0.13919109526462153,0.24330628740485483,-0.2088753447799367,-1.8858955872794183,0.9805050629786126,0.10845432898174838
3669.TW,2026-10-08,圓展,上市,通信網路業,0.7026291392763571,-0.6390722510122329,0.8177376973783785,0.12462268160917964,-0.3483944871616833,0.37542629972695807,-0.538795348986708,0.506123068507048,-0.029821151620037283,0.10782840530191777
3537.TWO,2026-10-08,堡達,上櫃,電子零組件,-0.535138920088716,-0.06085002574035522,0.20044844174866758,0.987113220797022,0.675654034035918,0.480085533583592,-0.28316345410655364,0.46608664947859757,-0.9623210106353708,0.10754605211920014
8107.TWO,2026-10-08,大億金茂,上櫃,電機機械,0.6373187760767965,-0.06085002574035522,0.4428551513265163,-0.5883493556197853,-0.4975284185877037,-0.16570386889057123,-0.555079081264675,1.2439986516981072,0.5095189636083872,0.10735342140074632
1313.TW,2026-10-08,聯成,上市,塑膠工業,0.10640136071504644,1.0955944248034002,0.19259464199158238,0.3945257221195527,-0.15306619868079277,-0.037364570155002004,-0.2880367414736028,-0.5525115264073759,0.20730621096775578,0.1072714804311738
1806.TW,2026-10-08,冠軍,上市,玻璃陶瓷,0.7452721943825571,-0.06085002574035522,0.39915131464557724,-0.41837154478860894,-0.3705293161442996,-0.598292032816903,-0.48486050211753773,0.4870451613203491,1.2600358016666133,0.10651122782304356
6712.TWO,2026-10-08,長聖,上櫃,生技醫療,0.6121725445092894,-0.6390722510122329,0.554954195888978,-0.04400162969438343,0.45957132082069396,0.6429508704930661,-0.15779988433975486,-0.5229878829709239,0.042050506608581596,0.10531531003370152
6492.TWO,2026-10-08,生華科,上櫃,生技醫療,0.28725833717753346,1.0955944248034002,0.5708425480500673,-0.2765733975123477,-1.2351133994264725,-0.003296949202676936,-0.3714790480840345,0.3463601774033142,0.531136943632001,0.10496995964897608
1446.TW,2026-10-08,宏和,上市,紡織纖維,0.868568692887629,0.5173721995315225,0.6182597988831876,-0.7451194616526202,-0.57070261677775,-0.6287633356516543,-0.573805235619306,0.8037719399067275,0.654424114393518,0.10488956621125047
5223.TWO,2026-10-08,安力-KY,上櫃,電腦及週邊設備,0.43247045577601856,-0.06085002574035522,0.869902201259674,-0.4896962351694812,-0.7872696559820801,-0.29523182920362334,-0.28374444953214106,1.175987053641834,0.3773006032197819,0.1043186798077364
6558.TW,2026-10-08,興能高,上市,其他電子業,-0.1915302582900709,3.408483325890911,0.6679320563068488,-1.202638974072055,-0.6070493577901996,-1.3855931826860663,-0.02937762838251988,0.6531476674464949,-0.38072762762820045,0.10362733564390476
3499.TWO,2026-10-08,環天科,上櫃,通信網路業,0.34985886563166957,0.5173721995315225,0.7477400846819344,-0.37998377492125557,-1.0665031071056204,-0.4186317478505833,-0.3081456562111768,1.3724208761614516,0.11777697928546452,0.1035449688003785
2106.TW,2026-10-08,建大,上市,橡膠工業,0.7603618221104972,0.5173721995315225,0.46269514600053213,-0.39415856766150265,-0.29847629382408675,-0.2083521818497794,-0.2704167487491304,-0.5159352066688017,0.8716500975217998,0.10274891849011675
2423.TW,2026-10-08,固緯,上市,其他電子業,-0.9290009596756192,-0.6390722510122329,0.3933851245758733,0.859632292149305,1.1983576168792243,0.30910542568143795,-0.09689407333456092,-0.24419990961700264,0.0723024850985129,0.10262397230499308
1760.TW,2026-10-08,寶齡富錦,上市,生技醫療,0.42326228831647833,1.0955944248034002,0.0037458957240457252,-0.5213801777638642,-0.35359366019313854,-0.29326265943208096,-0.5812763139372283,0.22221874829093713,0.926727544125851,0.10244845443715557
2387.TW,2026-10-08,精元,上市,電腦及週邊設備,0.20448561448211544,-0.06085002574035522,0.8233696447928979,-0.18535101118166766,-0.48924875597393735,0.05546871704005969,-0.4882391702389557,-0.015778657880090627,1.077379307942499,0.10235951813806282
8429.TW,2026-10-08,金麗-KY,上市,貿易百貨,0.6203120536343943,-0.6390722510122329,0.8128644702176171,-0.6202491030771791,-0.6287579416437618,-0.7604518900942804,-0.2764720119527749,1.1189234051621304,1.289433014358853,0.10183663839919622
6629.TWO,2026-10-08,泰金-KY,上櫃,居家生活,0.38158457533443807,-0.6390722510122329,0.7027656146616218,-0.2672171111132984,-0.17051953058228764,-0.011744050909796884,0.04218359284575982,0.34932277225039965,0.5221262249964056,0.1010477596078899
3026.TW,2026-10-08,禾伸堂,上市,電子零組件,-3.104901471462261,0.5173721995315225,-0.9448735750807,3.7671969327427077,4.37850050663374,0.9388293559907784,-0.05307630048509273,-1.8591248497627977,-2.7408421721756855,0.09989784732580127
4173.TWO,2026-10-08,久裕,上櫃,生技醫療,0.7963072247891981,-0.6390722510122329,0.18629713820415642,-0.7033828439032784,-0.4589232695530819,-0.24098708909950467,-0.2216935061090065,1.0107840049300658,1.1674744217164081,0.09964486999585824
8940.TW,2026-10-08,新天地,上市,觀光餐旅,0.4372750310871227,-0.06085002574035522,0.41745208671340955,-0.6804970244882521,-0.7671636122512325,-0.3183559503214812,-0.3727163209594704,1.1611671250283881,1.0749323659868186,0.0990270750061053
1541.TW,2026-10-08,錩泰,上市,電機機械,0.4931953809428337,-0.06085002574035522,0.7080006009759152,-0.5082837285815962,-0.7273607202888906,-0.13774531110840046,-0.7314339195517332,0.8825561336734198,0.965831685870049,0.09821223291013799
7812.TW,2026-10-08,稜研科技*-創,上市,通信網路業,1.4781989915057137,-0.6390722510122329,0.14071946126340068,-0.05771001707239857,-0.8880286559989929,0.459866444324077,,0.30345481743543407,-0.012601746545489984,0.09810338048743888
6570.TWO,2026-10-08,維田,上櫃,電腦及週邊設備,-0.3074617666077357,-0.6390722510122329,0.7277029121215634,0.20292536649527138,0.5389005294003879,-0.05709312857601548,-0.14486583702881647,0.8330958269711359,-0.27454341166802165,0.09773202667728181
3209.TW,2026-10-08,全科,上市,電子通路業,-0.3476506537568648,-0.6390722510122329,0.21404404990575196,0.9161379886693389,-0.04750470833066797,0.8057447133069322,-0.10299828332863592,-0.31343315838380775,0.391878904202252,0.09746073347467396
2612.TW,2026-10-08,中航,上市,航運業,0.18946316569262384,-0.06085002574035522,0.049190807008770154,0.2908250224416765,0.16433142129840334,0.29901986387614854,-0.10544235185127546,-0.356235959833185,0.4027079043463965,0.09700109413768924
6846.TWO,2026-10-08,綠茵,上櫃,食品工業,0.8155980757098593,-0.6390722510122329,0.5205673517599342,-0.5660279626199063,-0.5396888055549441,-0.11931205215346573,-0.43779323966304134,0.8968454394755505,0.9402413428738858,0.09681754431284882
3332.TWO,2026-10-08,幸康,上櫃,電子零組件,-0.6314980336085824,-0.6390722510122329,0.7131653130740789,0.2251936403409895,0.173145254996912,-0.34689185697416364,0.13277970155295318,0.483991964659039,0.7597210025478667,0.09672608173076229
2643.TWO,2026-10-08,捷迅,上櫃,航運業,0.5130993878096954,-0.6390722510122329,0.3280561705143858,-0.23783220532072244,-0.2998617035164333,-0.09505364156443838,-0.2727677282161528,0.6939758497062823,0.876749433642928,0.09636592356036798
4541.TWO,2026-10-08,晟田,上櫃,其他,-0.31618850505878926,-0.06085002574035522,0.31092624852860373,0.3345207743661548,1.2214004420700861,-0.08758232286208517,-0.1364678924429793,0.3336053911256913,-0.7320894591785004,0.09636385008975852
2606.TW,2026-10-08,裕民,上市,航運業,0.0331023747750369,-0.06085002574035522,-0.2270602563725378,0.8002295986128658,0.6549713920824268,0.6862153110596456,-0.18328395379028153,-1.3521053925835174,0.513836427818375,0.09611727509573982
1256.TW,2026-10-08,鮮活果汁-KY,上市,食品工業,0.060194671229565434,-0.6390722510122329,0.6681337093304945,-0.06332121519324306,0.14220810563189462,-0.047134169974836285,-0.11939986731451324,0.08385658646160148,0.775773509348209,0.09569323094521551
4915.TW,2026-10-08,致伸,上市,電子零組件,0.6522969944267936,1.0955944248034002,0.6562662021357019,-0.4940906046546059,-0.39112848431762903,-0.4348675537097612,-0.16407960887068562,-0.8946334169196322,0.8358626187784552,0.0956911746302263
2610.TW,2026-10-08,華航,上市,航運業,0.6268705690973513,0.5173721995315225,0.45206074269459123,-0.1112687963635193,0.24652899155215766,0.10700296952379096,-0.10490126155140937,-1.7608997845170582,0.8854137595926469,0.09535326550667485
1531.TW,2026-10-08,高林股,上市,電機機械,0.539125357955775,-0.6390722510122329,-0.3407075541822215,-0.08825832507801507,-0.40556493389630793,0.5082848265460028,-0.2685067673939744,0.7113017612076973,0.8396316003079007,0.09513707938384713
3018.TW,2026-10-08,隆銘綠能,上市,其他電子業,1.5594914704973177,-0.06085002574035522,0.869902201259674,-1.0753125940444404,-1.244949848892528,-0.5719148530987586,0.7877998075462758,1.2888473262090274,-0.6999142402454742,0.09478880483230429
4942.TW,2026-10-08,嘉彰,上市,光電業,0.5088101951412726,-0.6390722510122329,0.7634217484189131,-0.18106298337165194,-0.4989589267182449,-0.17620794149017013,-0.4569174609995733,0.25763580195428426,1.2652223224323047,0.09365227826165573
6191.TW,2026-10-08,精成科,上市,電子零組件,0.3636905729552605,3.9867055511627885,0.03697940563760123,-0.7975213453613538,-0.454935356038297,-1.0153283866409335,-0.16349626294661776,-1.1290524808612208,0.014813209033356945,0.09353943410450943
1784.TWO,2026-10-08,訊聯,上櫃,生技醫療,0.8440329662944748,1.0955944248034002,0.5875958659133902,-0.7114406035911588,-1.075457118826413,-0.2747713491382136,-0.21594855062347207,0.47570667452117293,0.10008520749247536,0.09171083520507291
7743.TWO,2026-10-08,金利食安,上櫃,食品工業,0.6019340619704294,-0.6390722510122329,-0.9262374260135091,-0.5195227046640033,0.6005670457948459,0.3022158457377825,-0.4833801904190155,1.2068829895589537,0.6816158769193423,0.09166702754139923
1309.TW,2026-10-08,台達化,上市,塑膠工業,0.091940896392153,1.0955944248034002,-0.6013887067416622,0.46092760982354086,-0.36395375794084944,-0.04593943299548437,-0.28514819127555774,0.113857979090487,0.35824998827194177,0.09157120104755215
6961.TWO,2026-10-08,旅天下,上櫃,觀光餐旅,0.5426265239698393,-0.6390722510122329,0.869902201259674,-0.7405348154991931,-0.6448368295048406,-0.5585226474637597,-0.2706006087022335,1.0517665006957615,1.2109894645013235,0.09130194869381542
6179.TWO,2026-10-08,亞通,上櫃,其他,0.13012065667243125,-0.6390722510122329,-0.09651289383577977,-0.4135719977719499,0.706709114989126,0.08551786886402286,1.5898656198336003,0.015699588291610157,-0.5600478708205454,0.09096753724558695
1532.TW,2026-10-08,勤美,上市,電機機械,0.8866875860765808,-0.6390722510122329,0.7147309188078887,-0.39564789963587194,-0.22700110130727155,0.24292484347359308,-0.7088024633980403,-0.17665909974459026,1.1188900521977936,0.09067228727309437
2722.TW,2026-10-08,夏都,上市,觀光餐旅,0.5396407930367978,-0.06085002574035522,0.5552018633022254,-0.6876234549502933,-0.3877563884730517,-0.2857350326366467,-0.35839793424999544,0.48978010445810133,1.011173274685058,0.09060368882576
2642.TW,2026-10-08,宅配通,上市,航運業,1.1165800985652448,-0.6390722510122329,0.5372857615728441,-0.7246884619331966,-0.5069761531526166,-0.4364806543118531,-0.4878996307519253,0.768650235633861,1.1813254801940822,0.08985826942268976
6515.TW,2026-10-08,穎崴,上市,半導體業,-0.8262947380232909,-0.06085002574035522,-0.87677651136812,3.724055320415513,-0.7714172066572568,2.0977971632846426,1.6771006068641552,-2.06695873083509,-2.0884169553591705,0.08980432473122531
3607.TW,2026-10-08,谷崧,上市,電子零組件,0.32393217937540897,-0.6390722510122329,0.2590939484195339,-0.05220587338771955,-0.1773988876950012,-0.13738224473023292,-0.13242586342574705,0.8568504984941252,0.5028121672974654,0.08935596370395554
2723.TW,2026-10-08,美食-KY,上市,觀光餐旅,0.5602392962034441,1.0955944248034002,-0.39206634071304564,0.03982643021934818,0.2021662863745535,0.6571373552797869,-0.36820547927795794,-0.44862241672875214,-0.5441670476426893,0.08910027872423196
8071.TWO,2026-10-08,能率網通,上櫃,電子零組件,-0.22819735290638518,0.5173721995315225,0.2590945309316734,0.1674832135200182,0.6142627356790806,-0.4765854316276558,-0.09304589490979914,1.0116908147129706,-0.9775949330518414,0.08827554243106484
6491.TW,2026-10-08,晶碩,上市,生技醫療,0.04627147481038357,0.5173721995315225,-0.40101030464982895,0.39966159561831205,1.0537720115279459,0.8242257709352425,-0.17703629660424625,-0.9257228519568713,-0.5500917636923772,0.08749353728000919
3095.TWO,2026-10-08,及成,上櫃,通信網路業,-1.415652163935735,-0.6390722510122329,0.46392536008072566,0.7666414980765857,-0.10070710436615224,-0.4350560125171285,-0.274263714196952,1.6227326633058436,0.7976072732459932,0.0873506165201053
2064.TWO,2026-10-08,晉椿,上櫃,鋼鐵工業,-0.05246363679541348,-0.06085002574035522,0.869902201259674,-0.3088189770254043,-0.2681988274572766,-1.0779636860073478,-0.4142088959174634,1.291887738376198,0.8024693799431614,0.08686169673730805
6803.TWO,2026-10-08,崑鼎,上櫃,綠能環保,0.727975284576537,-0.6390722510122329,0.4852328817229398,-0.15010093413701198,-0.30657741980672204,0.3136372870942931,-0.4013036658719224,-0.6282669564294064,1.3738740489320511,0.08615536389650282
1752.TW,2026-10-08,南光,上市,生技醫療,0.9040593024334442,-0.06085002574035522,-0.9964563490852101,-0.4316938055256441,-0.29724576475296655,0.3265297170660592,-0.23339504102781547,0.4367937642883245,1.125387290555842,0.08590323202351983
2884.TW,2026-10-08,玉山金,上市,金融保險,0.8522893596642538,-0.6390722510122329,0.6481571985721069,0.6458277411290072,0.9692913419408822,0.6357675592281895,-0.17349736775411045,-2.8956560190750404,0.7272706206696798,0.08559757592919284
1805.TW,2026-10-08,寶徠,上市,建材營造,0.23203810291526544,-0.6390722510122329,0.701085202752815,-0.5174723064959275,-0.2372659746642295,-0.5718906032875014,-0.34775084918510796,0.9926361472061526,1.1444421562915692,0.08408329161342258
3591.TW,2026-10-08,艾笛森,上市,光電業,0.24392223608417937,-0.06085002574035522,-2.0132054341774968,0.6756282051300023,1.1048447857679302,1.5481705337835772,0.04126946260577392,0.36236061664998787,-1.147195727377048,0.08388273919183901
1526.TW,2026-10-08,日馳,上市,電機機械,0.951088447673078,-0.6390722510122329,0.6451892749219819,-0.2939143019607056,-0.6215868893513374,0.4449453232591619,-0.5945015953237032,1.2429756495385025,-0.3844688343325741,0.0834060914902412
1732.TW,2026-10-08,毛寶,上市,化學工業,0.6273453287245625,-0.6390722510122329,-0.6999320934229346,-0.2947210429905754,-0.008248157512381584,-0.10694893356090958,-0.3505714078688625,1.0695479162046544,1.1494396292051332,0.08298210975182818
6248.TWO,2026-10-08,沛波,上櫃,鋼鐵工業,0.6169018105002009,-0.6390722510122329,0.869902201259674,-0.4773486125938815,-0.5941088379056425,-0.7326188885974305,-0.3423859762205925,0.8463748988218686,1.1979339361886439,0.08284203116006748
6527.TWO,2026-10-08,明達醫,上櫃,生技醫療,0.2931769859062876,-0.6390722510122329,0.5534013365715922,-0.35656374451469103,-0.0064422597013862205,-0.1338474735771304,-0.3648667930723136,0.7888747810244492,0.6026349844323056,0.0819217295618756
1580.TWO,2026-10-08,新麥,上櫃,電機機械,0.5099825772306446,0.5173721995315225,0.5905293686226464,-0.5930791748074162,-0.7386280848009528,-0.2812123414342358,-0.42729163382455676,0.22091347638015402,0.9379136155039408,0.08183333360019407
6201.TW,2026-10-08,亞弘電,上市,其他電子業,0.5047791682539159,-0.06085002574035522,0.6790246222471312,-0.6406766271584915,-0.5836013628404312,-0.3804638689442724,-0.05281892749116699,0.3396801975374461,0.9255917723466297,0.08118499424560063
3276.TWO,2026-10-08,宇環,上櫃,電子零組件,0.20499239443577913,-0.06085002574035522,-0.5802190729971075,-0.24223885812070872,-0.17549029123267296,-0.4987456912744371,0.016532413731995536,1.1808875460276849,0.8801746502529885,0.08056034056479629
6924.TW,2026-10-08,榮惠-KY創,上市,電子零組件,-0.4264520425993845,-0.06085002574035522,0.11497065280556207,0.6071504150999495,0.20952108338380335,0.33204767471894714,0.39445554462371646,0.5577215992451733,-1.0078715929003155,0.08007703429301073
5403.TWO,2026-10-08,中菲,上櫃,資訊服務業,0.5545188697195569,-0.6390722510122329,0.7965501851420603,-0.5372241865766929,-0.5002246762623475,-0.18354003976013905,-0.1215272529141355,-0.025467614703948618,1.3738740489320511,0.07976523139601911
1457.TW,2026-10-08,宜進,上市,紡織纖維,0.6399762493993351,-0.6390722510122329,0.2721361256342562,-0.29096472967931347,-0.3569912798681178,-0.13308525365253873,-0.26943827592860303,0.2544931929737058,1.240485765067913,0.07972661588160049
1586.TWO,2026-10-08,和勤,上櫃,電機機械,1.126638223220293,-0.6390722510122329,0.869902201259674,-0.8651349306497247,-0.8395609549641205,-0.21181900582369909,-0.23199800673582438,0.6659597788106489,0.8370406924811529,0.0791061940651297
1714.TW,2026-10-08,和桐,上市,化學工業,-0.8920918604609662,-0.6390722510122329,-3.416629635410816,2.3268004590051166,2.827727529896208,2.263668091851273,0.14478565142379965,-0.6437447932315055,-1.2604371742304052,0.07900066864783008
6616.TWO,2026-10-08,特昇-KY,上櫃,居家生活,0.24690661288513457,-0.6390722510122329,-0.039122389341176685,-0.4957224210092405,-0.5333600642184662,-0.10048599145902613,-0.3586907774421328,1.698545179347424,0.929537252093949,0.07872612776047026
5903.TWO,2026-10-08,全家,上櫃,居家生活,0.6244346930688879,-0.6390722510122329,0.869902201259674,-0.23655075810412896,-0.2679929948209352,0.39947874498481184,-0.3113944710691716,-1.0935971719638582,1.3614695940235804,0.07851973181851414
6482.TWO,2026-10-08,弘煜科,上櫃,文化創意業,0.9670200961863257,0.5173721995315225,0.08863419313088247,-1.0068521752148212,-0.9155575645526528,-0.5345296931355646,-0.5230635673875563,1.4238715922043004,0.6817456318585026,0.07762674584677097
5450.TWO,2026-10-08,南良,上櫃,其他,0.29100383511804156,-0.6390722510122329,0.4097046534475834,0.1729052242006332,-0.13778843726638224,0.3220999951863613,-0.2546065246928408,0.8127361731859308,-0.2811880524994291,0.07731051285196282
1903.TW,2026-10-08,士紙,上市,造紙工業,0.5713484876451598,-0.06085002574035522,0.7277029121215634,-0.3473496644994481,-0.31944955177712936,-0.3922659057036196,-0.3065472968172683,-0.3560419300953303,1.1767331014563982,0.07703112517666338
6782.TW,2026-10-08,視陽,上市,生技醫療,0.28036112837646854,-0.6390722510122329,0.7247857696993799,0.4317356316088056,0.2151322421543204,0.9240011739414112,0.21346872642801712,-0.4539429102327191,-1.0063273443090626,0.07668246296159868
4155.TW,2026-10-08,訊映,上市,生技醫療,0.8608879526694416,-0.6390722510122329,-1.4826992294014358,-0.26794365994038666,0.29432231992585406,0.7210674996971469,0.08636611452417733,0.7575643946361187,0.35903323895882944,0.07661404222861251
2501.TW,2026-10-08,國建,上市,建材營造,0.9733622061527064,-0.6390722510122329,0.20466614979031095,-0.17693969551470387,-0.36760516477294847,0.20950459590386583,0.17997284288316875,-0.7599405409100791,1.06073183565624,0.07607555313070308
8924.TWO,2026-10-08,大田,上櫃,運動休閒,1.2543227506830539,-0.6390722510122329,0.6986766435188636,-0.5210402527500316,-0.8183908126238396,0.0918619660445731,-0.6830637537914325,0.31051005513978913,0.9889832107800463,0.07586528399875438
9940.TW,2026-10-08,信義,上市,其他,0.8641647049815135,-0.6390722510122329,0.7861235875424715,-0.448941877205548,-0.12634517883197244,-0.19902806810628393,-0.11338138065905246,-0.4642369900538038,1.0221341125032126,0.07571296212870046
3028.TW,2026-10-08,增你強,上市,電子通路業,-2.2924790252197,0.5173721995315225,0.16663499234971996,2.2888536094121954,0.18059534428209167,0.4033290207501571,0.42007940097423474,-0.47860114193151976,-0.5286052810260418,0.07524212434696222
9902.TW,2026-10-08,台火,上市,其他,0.6403593750963767,-0.06085002574035522,0.22633029675390126,-0.46765075156968916,-0.4495643984624099,-0.38712364005416067,-1.0455591564772406,1.012985067237378,1.2068571193128292,0.07508709845518106
5704.TWO,2026-10-08,老爺知,上櫃,觀光餐旅,0.6861155025386282,-0.6390722510122329,0.3473212375956795,-0.4960319060935325,-0.03182500078515518,0.04176539484380017,-1.070985694825554,0.9941587866378763,0.8431512706927553,0.0749552599546961
2351.TW,2026-10-08,順德,上市,半導體業,-3.014886025773549,-0.6390722510122329,-0.24197097766919423,4.105801163327376,3.2293094058975553,0.822542979892702,0.18899208873668405,-1.1000254571059374,-2.6766435264873443,0.07489415553400663
6208.TWO,2026-10-08,日揚,上櫃,半導體業,0.435055204312456,-0.6390722510122329,0.4895869839432531,-0.15046736642955932,-0.03174161839478742,0.4166842478310896,-0.2730271722773972,-0.04428031568685785,0.46897474005160206,0.07463471692639624
1210.TW,2026-10-08,大成,上市,食品工業,0.8615226678997384,-0.6390722510122329,0.869902201259674,-0.1710183419909115,-0.28128618011232986,0.4608290760861204,-0.22421365390002135,-1.1563696429176855,0.9476363220924874,0.07421446637831546
6133.TW,2026-10-08,金橋,上市,電子零組件,-0.1721805594983195,-0.6390722510122329,0.7452493613914164,0.6001194047432694,0.020968919594727634,0.9038480410487717,-0.3216456310675679,0.4728254936757081,-0.9423424979555206,0.07419669788002807
2357.TW,2026-10-08,華碩,上市,電腦及週邊設備,-0.29854134272358845,-0.06085002574035522,-0.4571136495052969,1.1208257007506233,2.0234776178684717,1.1454383786886848,0.10207775144817448,-2.8498511178917667,-0.06506375137096473,0.07337772905822022
7704.TWO,2026-10-08,明遠精密,上櫃,半導體業,0.3048313864978643,1.0955944248034002,-0.23882567834758936,-0.1928606151451291,-0.21921204601112487,0.23552980294749218,-0.22081999485806306,0.7186860083905472,-0.8268747482228439,0.07289428222828373
5211.TWO,2026-10-08,蒙恬,上櫃,資訊服務業,0.7974251917149799,-0.6390722510122329,0.4622025254816688,-0.8242935746544019,-0.45793630937575935,-0.2555624221410429,-0.08774996289038392,1.4281139591299368,0.23290254262595772,0.07289218876430248
7753.TWO,2026-10-08,星亞,上櫃,光電業,0.08506171741510582,0.5173721995315225,0.6806369502237373,-0.7803077589796303,-0.3809494863396044,-1.1557912427203751,-0.5506093829034691,1.2439986191505488,0.993100215890616,0.0725013145853835
3550.TW,2026-10-08,聯穎,上市,電子零組件,-1.0175999876952269,-0.06085002574035522,0.7391864802548487,1.1032248040669999,0.412146648118779,0.2019537994808223,-0.04921859892746955,0.5995870997085566,-1.278630893369414,0.07219992509972675
1710.TW,2026-10-08,東聯,上市,化學工業,-0.4054883674932482,0.5173721995315225,-0.08448567311725129,0.5599853227899935,0.7856119455893708,0.4019423865816443,-0.1330373628396389,-0.5155201500027913,-0.47826424271734946,0.0720128953691391
5285.TW,2026-10-08,界霖,上市,半導體業,-1.3051636260491633,-0.6390722510122329,-0.8419182498655559,1.5825002751984825,2.6103719223923503,1.087121851727992,-0.16797865307710622,-0.20520909132054788,-1.473418276706087,0.07191487792090351
4584.TWO,2026-10-08,君帆,上櫃,電機機械,0.43321679458783924,-0.6390722510122329,0.42197614917689913,-0.64533896617545,-0.41359093135270425,-0.31393003930173985,-0.3338616868566758,1.0948450672066141,1.042457274893814,0.0718557123518182
1454.TW,2026-10-08,台富,上市,紡織纖維,0.4975511607322331,-0.6390722510122329,0.5922636837547647,-0.4637560373978921,-0.328206253524219,-0.4324000465903272,-0.6904613282381891,0.8945246320275695,1.2134019936026685,0.07153839481715284
2061.TWO,2026-10-08,風青,上櫃,電器電纜,-2.277334051342906,-0.6390722510122329,-2.451430751503619,2.220022901799554,4.270924736553158,1.3429776327059275,0.026477080430850966,0.3516520172996101,-2.2004330290537713,0.071531587319619
3308.TW,2026-10-08,聯德,上市,電子零組件,-0.44077971301315966,-0.6390722510122329,0.17960402081877663,0.6949958656169584,-0.1726597145334461,0.18338763630484228,-0.3107464096808726,0.9987000172613355,0.1481637285000015,0.07128813114024476
6220.TWO,2026-10-08,岳豐,上櫃,電子零組件,-0.17167151790557153,-0.6390722510122329,0.6707235649371018,0.7692042500154846,-0.897574010862594,0.4243519382532131,0.24769746234287718,0.3719828820582517,-0.13552970494855235,0.07112362365310862
6578.TWO,2026-10-08,達邦蛋白,上櫃,農業科技,0.8899218342874482,-0.6390722510122329,-0.0632746567671611,-0.5936829996938137,-0.38309938028291807,-0.5368724701675481,0.5013872999550317,1.064747457749798,0.3983536096786998,0.07093427152747822
6590.TWO,2026-10-08,普鴻,上櫃,資訊服務業,0.5838209003035623,-0.6390722510122329,0.6634838734790147,-0.4854761447205834,-0.43251780029111464,0.261873080008091,-0.15973146157620957,0.8044030131922821,0.04003024970966398,0.07075705101027484
5907.TW,2026-10-08,大洋-KY,上市,貿易百貨,0.649233545106834,-0.6390722510122329,0.6531657225866315,-0.4681276093218462,-0.7020201653568041,-0.607622500739523,-0.3073965329205432,1.2287745405067854,0.8281702498443131,0.07056722207706827
2420.TW,2026-10-08,新巨,上市,電子零組件,0.1537186102211113,-0.6390722510122329,0.7540588148497429,0.00852785269354705,0.040366235338849324,-0.08899851767704318,-0.047765586244727834,-0.13894876129040448,0.5886407460668996,0.07005857143841576
1101.TW,2026-10-08,台泥,上市,水泥工業,0.36098866929484524,0.5173721995315225,0.46996925537858275,0.16394042692506117,0.06512013597161626,0.47025225754574584,-0.24817825806459823,-2.0323809838159206,0.8624634451979449,0.06994968310719996
3060.TW,2026-10-08,銘異,上市,電腦及週邊設備,0.07234279828070436,-0.6390722510122329,0.15765182308314576,0.40596121116476097,-0.4000482744359209,1.0216088055415318,0.060778771872827084,0.33709285906040054,-0.38813692065115574,0.06979764698934009
6641.TW,2026-10-08,基士德-KY,上市,綠能環保,-0.006405734233640978,-0.6390722510122329,0.5734813029853196,-0.4155562642957805,-0.40974498292817774,-0.5015139279634029,-0.19093106438352636,1.456548157989851,0.7589918652708321,0.0695330112699157
1524.TW,2026-10-08,耿鼎,上市,汽車工業,-0.19901518389696535,1.0955944248034002,-0.22417052740654017,-0.20599097487330356,-0.2394110810705792,-0.2441416971285533,-0.33250963571932063,0.26454556711437605,0.7107114741752738,0.06951248511086532
6125.TWO,2026-10-08,廣運,上櫃,電機機械,-0.3855672610362422,4.564927776434667,0.13229786365634855,-0.9352261253123203,-0.6860938392068577,-1.034052223346202,-0.35313672554610015,-0.39996614902843197,-0.2805330969974085,0.06918335773527248
2892.TW,2026-10-08,第一金,上市,金融保險,0.8591766498809944,-0.06085002574035522,0.5648921885105236,0.43090826050694875,0.7505144314195056,0.31160434832227135,-0.22008625728846193,-2.6756108335931543,0.6593821860100014,0.06888121644758596
1203.TW,2026-10-08,味王,上市,食品工業,0.752098977710681,-0.6390722510122329,0.0476609491304566,0.13218765336161253,0.1061835148154,0.7236890223840738,-0.3585158673841345,-0.24364508782001082,0.0987172397908181,0.06881157233074044
3268.TWO,2026-10-08,海德威,上櫃,半導體業,-0.8712753356973902,2.2520388753471554,-3.0093650618046572,-0.26426871623353804,1.5543719273603347,0.12301046186949989,-0.2608653111632389,1.2757404982147669,-0.18033180341147687,0.0687839482757173
1909.TW,2026-10-08,榮成,上市,造紙工業,0.6172404075405367,-0.6390722510122329,0.7035955674641108,0.07543336163119793,0.1272251120522263,0.019606126342898385,-0.13991469205177032,-0.41274078830057104,0.2532955716488278,0.0671853794794693
1614.TW,2026-10-08,三洋電,上市,電器電纜,0.5379733149589233,-0.6390722510122329,0.5989791858870299,-0.47474731810550524,-0.22524840292797185,-0.05186003278260159,-0.36707080778759205,-0.12055046911300792,1.3462227514376288,0.0671806633949634
3632.TWO,2026-10-08,研勤,上櫃,通信網路業,0.7511370573160133,-0.6390722510122329,0.7750054888078932,-0.724064795643665,-0.8918404543397283,-0.6866830158918658,-0.3262371005955213,1.698545179347424,0.6435301273261189,0.0667022483682707
2227.TW,2026-10-08,裕日車,上市,汽車工業,0.9499206509019632,-0.06085002574035522,0.4159242645492932,-0.49297356515993046,-0.5038804344585578,-0.05413014396676156,-0.3702006377131167,-0.4026535047796479,1.118003067572754,0.06657329680062674
4726.TWO,2026-10-08,永昕,上櫃,生技醫療,0.8525934827792112,1.0955944248034002,-0.7580205649849753,-0.901348610865779,-0.9330237205590537,-0.5814067572927079,0.7960163536550975,0.2031398823112424,0.8137978294054073,0.06526025769464919
4912.TW,2026-10-08,聯德控股-KY,上市,電子零組件,0.22163937353407537,-0.6390722510122329,-0.2393486352660564,0.6301081458315316,0.37648373211679603,0.9407289721872379,-0.06168883046328357,-0.038899901758183225,-0.6030259813867416,0.06521384708701593
6233.TWO,2026-10-08,旺玖,上櫃,半導體業,-0.7118551212395241,2.2520388753471554,-0.342637058215398,-0.10857987486127678,-0.5820079924160788,0.02079948923866201,-0.10184436772064562,0.7414530204469939,-0.5832047872615365,0.06490690925759461
9934.TW,2026-10-08,成霖,上市,居家生活,0.313837958330056,-0.6390722510122329,0.3840341336804878,0.06861336641829979,-0.10091727870655708,0.21012887296065813,-0.47036709396281695,0.32408515790507153,0.4915522942819046,0.06465501776609678
1315.TW,2026-10-08,達新,上市,塑膠工業,0.6879254145161058,-0.6390722510122329,-0.5907262294450163,-0.017088346699766405,0.32296594594201444,0.0026720805342411637,-0.25596972395365497,-0.02910309035290235,1.0955070343563431,0.06412342598723685
6504.TW,2026-10-08,南六,上市,其他,1.4212666645380079,1.6738166500752778,-2.4497078017869156,-0.6629022400454717,0.008003119136329923,0.2999135770631893,-0.30254128235236444,0.4999033941127659,0.08821420148162869,0.06399625358027193
2029.TW,2026-10-08,盛餘,上市,鋼鐵工業,0.7054136886681036,-0.6390722510122329,0.4043883539043257,-0.12427261179980198,0.039841273773554384,-0.17565648945713364,-0.48745056438985734,-0.01087371342387294,0.861392711823009,0.06374559978734379
6523.TWO,2026-10-08,達爾膚,上櫃,生技醫療,0.7709043809665374,-0.6390722510122329,0.8321561998040319,-0.6145810302471604,-0.78388885890181,-0.2008381043019726,-0.4616651999062535,0.32947104562584917,1.3402202625034103,0.0636340493922666
6763.TWO,2026-10-08,綠界科技*,上櫃,數位雲端,0.3666054395915114,0.5173721995315225,0.5016310643705998,-0.6562360280596936,-0.544522259433768,-0.17445793078479255,-0.21134031972370543,-0.06456468597318675,0.8368705459000837,0.06348422504650789
2059.TW,2026-10-08,川湖,上市,電子零組件,-2.0712606431428586,-0.6390722510122329,-1.7717366196895674,3.3691638552444387,2.6329944139375736,0.09470669929241865,2.637059494970145,-3.0404694535065375,-0.6521878819234312,0.06213306824110538
9927.TW,2026-10-08,泰銘,上市,其他,0.6290114835652465,-0.6390722510122329,0.7620544244690287,-0.25455760590659104,-0.43519950358513615,-0.33454562647157016,-0.11899584955227752,-0.04786068900071428,0.9920915010632289,0.06143620928544245
2904.TW,2026-10-08,匯僑,上市,其他,0.8040205966247002,-0.6390722510122329,0.46676977960655447,-0.6380921636831647,-0.7578119740208166,-0.49330479463948274,-0.5043158211482323,1.1865793953405896,1.1226700311417614,0.06082697757885295
1303.TW,2026-10-08,南亞,上市,塑膠工業,-3.084326263708177,-0.6390722510122329,-3.3940092560667128,4.47481788178391,4.724051076494504,4.217575206772922,0.06386927006957419,-3.0763720142865325,-2.7408421721756855,0.0606323864301745
1229.TW,2026-10-08,聯華,上市,食品工業,0.6805306677259433,0.5173721995315225,0.6157203562791627,-0.2853888137104862,-0.3253280098687888,0.062110907896246195,-0.45372905096721877,-1.4405423962181099,1.1671831562070296,0.05976989076392231
6569.TWO,2026-10-08,醫揚,上櫃,生技醫療,0.6143412334743963,-0.6390722510122329,0.6859238179995788,-0.7380460279334411,-0.23697804138398385,-0.4692011482308927,0.03318921584450246,0.3434607567377025,0.9426907226353431,0.059589808681219186
4930.TW,2026-10-08,燦星網,上市,電器電纜,0.5227997132665205,-0.6390722510122329,0.869902201259674,-0.7651284502331462,-0.7381473688319374,-0.5813484525483658,-0.06856853710115665,1.0358604651959415,0.8982282448578449,0.0593917294281269
2849.TW,2026-10-08,安泰銀,上市,金融保險,0.7248242636004906,-0.6390722510122329,0.6496098598899753,0.2347265408458713,0.4186615387947904,-0.20507572239352623,-0.1768716187201828,-0.8982782369596147,0.4241175023943663,0.05918243071554858
3004.TW,2026-10-08,豐達科,上市,鋼鐵工業,0.4198941827662122,-0.6390722510122329,0.7310821437960018,-0.3612261767857465,0.2744610965555813,-0.7553658112165834,0.19829598857002284,-0.07337114168282792,0.7297334247326818,0.058270161747012134
7803.TW,2026-10-08,雲象科技-創,上市,生技醫療,-0.18870280835255315,-0.6390722510122329,0.77446487010231,,,,-1.070985694825554,0.8723156273357334,0.5948183608321342,0.05713968401330627
5287.TWO,2026-10-08,數字,上櫃,數位雲端,0.9570440059176027,-0.6390722510122329,0.6237889858295804,-0.5948754054234702,-0.5865684514781292,0.3061414867509627,-0.32028775886735,-0.11173698174862048,0.8796206182191717,0.05711713868750165
1762.TW,2026-10-08,中化生,上市,生技醫療,-1.1211006928015046,0.5173721995315225,-0.5670256291027598,0.697893323186219,0.3318560951358601,0.06842611567080445,-0.07830504850332355,0.5653479053663246,0.09630967479074004,0.05675266036376476
5225.TW,2026-10-08,東科-KY,上市,其他電子業,0.9706735543819445,3.408483325890911,-0.9613729498540087,-1.061109349580464,-1.1572628137897727,-0.77494605278103,-0.41774960348568935,0.2666766809383329,0.2347358006804403,0.05645873248896264
3515.TW,2026-10-08,華擎,上市,電腦及週邊設備,-0.9710462780766412,3.408483325890911,0.635522290286133,-0.49335392996496086,-0.08126051203492184,-0.9876111030671872,-0.3115301749169956,-0.8328515822346139,0.12905182672527624,0.05504487362300001
2328.TW,2026-10-08,廣宇,上市,電子零組件,-1.684701412093179,4.564927776434667,0.7291919099135813,-0.4179019146175942,-0.07176380467076152,-1.5834249886010343,-0.17022730925675614,-0.7839267046066328,-0.09211998979428161,0.05445039585644545
6844.TWO,2026-10-08,諾貝兒,上櫃,生技醫療,0.6140160306725844,-0.6390722510122329,0.869902201259674,-0.8504977969604994,-0.3638949517193389,-0.7584747739735901,-0.33846214107443956,0.7228076139718361,1.2335647075476868,0.05443207096796448
2880.TW,2026-10-08,華南金,上市,金融保險,0.9140165121633411,-0.6390722510122329,-0.2018686013110495,0.9338289517823785,0.7379996427455721,1.2200153332524255,-0.23693393713483707,-2.765159372452868,0.5244204300360445,0.05413852311875272
1570.TWO,2026-10-08,力肯,上櫃,電機機械,-0.8108884235302871,-0.06085002574035522,0.19280309117894034,0.3869471868312354,0.03323988133208627,0.16293400952831008,-0.720651635128818,0.8581242840735406,0.44397371440741723,0.05395912032800773
8440.TWO,2026-10-08,綠電,上櫃,綠能環保,0.6647211526783102,-0.6390722510122329,0.6179444377264706,-0.6417333893727374,-0.6378931231236962,-0.4112696307490862,-0.22038922138290176,1.1685745794994074,0.5837484287882231,0.053847887005750765
6474.TWO,2026-10-08,華豫寧,上櫃,電子通路業,-0.34793840232740214,0.5173721995315225,0.5856057182010804,-0.5436630132424213,-0.21289625320347785,-0.9223777966762778,-0.12302298904661312,0.7959910255361787,0.733035869295848,0.053567373118715254
8114.TW,2026-10-08,振樺電,上市,電腦及週邊設備,0.7921789077244245,-0.06085002574035522,0.7755357577029082,-0.37959822762375506,-0.13129855205983662,-0.02503835137587917,-0.005245273166628801,-0.4142766558987049,-0.07065533540131301,0.05341691601787331
7810.TWO,2026-10-08,捷創科技,上櫃,半導體業,0.8021350573108206,-0.6390722510122329,-0.5596490287917281,-0.47874044085146045,0.31627766975051236,0.3953671562836308,0.6954328971001772,0.19899324205359953,-0.25367532211822125,0.05300766441389973
2228.TW,2026-10-08,劍麟,上市,汽車工業,0.4751037548464542,0.5173721995315225,0.8244435536251966,-0.7776122705614931,-0.5406357159346329,-0.5864958495435226,-0.3456180473229801,0.09304134036817638,0.8169965372459537,0.052955055806074944
6592.TW,2026-10-08,和潤企業,上市,其他,0.8534623213681871,-0.06085002574035522,0.3270847648171678,-0.2080572084010356,-0.3186317695284037,0.0096442525096606,-0.3752230263438576,-1.0149551537958694,1.2639252247161412,0.052933264400181694
2712.TW,2026-10-08,遠雄來,上市,觀光餐旅,0.6718291467548241,-0.6390722510122329,0.6153977880452228,-0.7654601083474372,-0.5629537684301998,-0.504498478948645,-0.3596108674804955,0.97126318351378,1.0493312379788056,0.05291398689706913
8093.TWO,2026-10-08,保銳,上櫃,電子零組件,-0.05729867014854168,-0.06085002574035522,-0.4605712207683628,-0.10006855909545692,0.713693821079937,-0.499933068026138,0.6068988216167586,0.9327131158566566,-0.6033908022211354,0.05235482361704023
6637.TWO,2026-10-08,醫影,上櫃,生技醫療,0.5689759465759083,1.0955944248034002,-0.11816900243861767,-0.8398402147594627,-0.8658139292900072,-0.6284901233661502,-0.3324636623586761,0.9271560771086796,0.6625694318435514,0.05216877201318066
1307.TW,2026-10-08,三芳,上市,塑膠工業,0.4815759544398611,-0.6390722510122329,0.6552403298363573,0.034995936298685325,-0.21985776970815057,-0.3655548276539339,-0.2465867892973195,-0.36158827436345,1.130350697473967,0.05216700066819821
4721.TWO,2026-10-08,美琪瑪,上櫃,化學工業,-0.35143065725742967,0.5173721995315225,0.33205867611711826,-0.07235237521879608,0.3363401543895306,-0.3520911758136861,0.28515398974404027,0.06899614963829287,-0.29897343393584014,0.051674836354972505
1294.TWO,2026-10-08,漢田生技,上櫃,食品工業,0.555911088407417,-0.06085002574035522,0.7686113601139509,-0.5470828053759111,-0.9376143192937716,-0.4480047498441701,-0.556320908714708,0.810417969861627,0.8783276694040565,0.05148836431312614
1707.TW,2026-10-08,葡萄王,上市,生技醫療,0.9518888722056484,0.5173721995315225,0.5906115555366467,-0.7133429267970092,-0.8958131011716033,-0.35251973640019607,-0.5143326102013893,-0.3712581250168931,1.2481186567110045,0.05119164271085901
3058.TW,2026-10-08,立德,上市,電子零組件,0.4973761902637926,0.5173721995315225,0.37827650395053175,-0.8024932479462557,-0.7358767736326789,-1.0125644532127198,-0.12862717303234442,0.8592734758574795,0.8863946273800574,0.051014594351042795
2740.TWO,2026-10-08,華軒,上櫃,觀光餐旅,0.7848016989833674,,-0.8677419663028033,-0.39794823155711206,-0.7705836532623943,0.3994818097126707,-0.8495388506905879,1.5666874705802414,0.5390169862803764,0.0505219079679698
4994.TW,2026-10-08,傳奇,上市,資訊服務業,0.9898017773501167,-0.6390722510122329,0.11591065694158277,-0.3642487503944945,-0.5265713636812132,0.4045276274200598,-0.43482650184900057,0.15373538869221975,0.7539556814668812,0.05035691832599101
6123.TWO,2026-10-08,上奇,上櫃,資訊服務業,-0.14715014811819516,-0.6390722510122329,0.7916858084802166,-0.44669401602845005,-0.03947744822331668,-0.4872288268940082,-0.3678231899100141,0.5835984386238218,1.2032872927624696,0.050125073297810095
8473.TW,2026-10-08,山林水,上市,綠能環保,-0.016837719908941836,0.5173721995315225,-0.12197313490965414,0.19497607179665302,-0.13444436349981662,0.1929782147887839,-0.2971825027025688,-0.03258963499725047,0.14828202105217386,0.05006457235010016
5701.TWO,2026-10-08,劍湖山,上櫃,觀光餐旅,0.5808272523162595,1.6738166500752778,-0.7258348398577191,-0.9962396894601316,-0.8781690138882102,-0.8168491251411504,-0.3998284056556192,1.5150220204040643,0.49719276887179426,0.04999306862939614
2912.TW,2026-10-08,統一超,上市,貿易百貨,0.6934264165099971,1.6738166500752778,0.3911213854942392,-0.3615626943224952,-0.13752563805070553,-0.31275533893784263,-0.2985868326833409,-2.1150301585398577,0.9138036064949735,0.049634155115582876
2024.TW,2026-10-08,志聯,上市,鋼鐵工業,0.917657752353806,-0.6390722510122329,0.6064152831508175,-0.7361313075217102,-0.5180128634927903,-1.0295639579414957,-0.23566925096435046,1.037378041265886,1.0422971882903553,0.04947762601425392
4706.TWO,2026-10-08,大恭,上櫃,化學工業,0.7509761950334023,-0.6390722510122329,-3.509081147411912,0.44157333552369893,1.251631529489707,1.9721861141957788,-0.18153674105565681,0.40180764465804214,-0.04406014127443251,0.049380504238488304
7791.TW,2026-10-08,皇家可口,上市,食品工業,0.7044933229366216,-0.6390722510122329,0.7472942358341548,,-0.6506089416602138,-0.5094600983994041,-0.39899901410338456,0.28443645491254715,0.8563271944751477,0.049301362872904486
1338.TW,2026-10-08,廣華-KY,上市,汽車工業,0.48345571606999804,-0.6390722510122329,0.7579202610634115,-0.8562713962636923,-0.21530957286954192,-0.6084930834015648,-0.25214445198004637,1.031037067107395,0.7338496703515346,0.04833021767391786
8942.TWO,2026-10-08,森鉅,上櫃,其他,-0.11298479159906903,-0.6390722510122329,0.7440789941936219,0.15775957880758193,0.04184643985416758,-0.1826323351447167,0.07140339768619794,-0.0915721020148849,0.44484859676958827,0.0481861697266949
1445.TW,2026-10-08,大宇,上市,紡織纖維,0.12256827884114575,1.6738166500752778,-0.3059049669843155,-0.7820582551319949,-0.6093013559971242,-1.0305416525090427,-0.4758647011872161,0.9849565111954832,0.8470097924026958,0.047186700078323235
4958.TW,2026-10-08,臻鼎-KY,上市,電子零組件,-2.3097161114023574,3.9867055511627885,-2.4895431893611186,1.614661494969464,3.893407783238311,0.401456699467367,0.01464216565109449,-2.7903697600716466,-1.8976424318602487,0.047066911310405905
1441.TW,2026-10-08,大東,上市,紡織纖維,1.1060761540102937,-0.6390722510122329,0.42516869941557034,-0.6440157046447071,-0.27008197806654055,-0.050605407144335805,-0.45489629577662216,1.4933180857294202,-0.5424088145809667,0.04705360976998654
8201.TW,2026-10-08,無敵,上市,其他電子業,0.15943524658304048,-0.06085002574035522,0.08406778912844824,-0.7736918482737195,0.488593056810348,0.10502515427294519,-0.16880566442236186,1.1444872922494094,-0.5551447461801211,0.04701291715862596
4108.TW,2026-10-08,懷特,上市,生技醫療,0.8966264542009476,-0.6390722510122329,0.27793002964835073,-0.7936657156221276,-0.5431056577436834,-0.34364210911052345,-0.11691216701188174,0.6688897893566603,1.0154966167968018,0.046949443278034596
1516.TW,2026-10-08,川飛,上市,其他,0.5867201835181387,-0.06085002574035522,-0.11816900243861767,-0.2753295738264901,-1.22573627513989,-0.14835242862854675,-0.3579746215751904,1.698545179347424,0.3230972274918832,0.046883407000928426
6556.TWO,2026-10-08,勝品,上櫃,光電業,0.5989094680113617,-0.6390722510122329,0.20685333902529723,-0.37130331208525363,-0.26190439391641573,-0.22471620154026814,-0.4308981602150245,0.8235737906285534,0.7175453523965561,0.046554181254730403
6885.TW,2026-10-08,全福生技,上市,生技醫療,0.7680784686809189,-0.6390722510122329,-0.4509049500863742,-0.6970007733467939,0.3476885743554828,0.2418744770231445,1.0178982175298237,0.3396143784246885,-0.5177760848311571,0.04560000630416669
6588.TWO,2026-10-08,東典光電,上櫃,通信網路業,1.5436823107739284,-0.6390722510122329,-0.35171430442061363,-0.15580696572814273,-0.9052276349529481,1.0006454398382059,1.2937312174307944,0.3727105789923863,-1.7623281323315207,0.0440689176210952
3158.TWO,2026-10-08,嘉實,上櫃,資訊服務業,0.54860079483648,-0.6390722510122329,0.27355094848674966,-0.7676281712390725,-0.19555511516426902,-0.4199291720759614,0.0003921940411922139,0.59107721331735,1.0043325473797167,0.04397433206332809
3567.TWO,2026-10-08,逸昌,上櫃,半導體業,-0.6914065346732381,-0.6390722510122329,0.6764580747880492,-0.07296042367700761,-0.14461266257503716,-0.33499677823953433,-0.275914270401864,1.2459848564160942,0.630542571247117,0.04378028687470516
912000.TW,2026-10-08,晨訊科-DR,上市,其他／未分類,-0.002216255926258321,-0.6390722510122329,0.593404909530203,-0.20948460428259,-0.30827472823834035,-0.10350398280979015,0.20367621332536803,0.11006684870069107,0.7465301262635878,0.043458475061182035
6516.TWO,2026-10-08,勤崴國際,上櫃,資訊服務業,0.10341168961579456,-0.6390722510122329,0.8104438980817569,-0.36097730572301184,-0.30207564662060693,-0.20429827595030092,-0.20877947148969275,0.46721487927042904,0.7252538928506307,0.043457934335862876
1466.TW,2026-10-08,聚隆,上市,紡織纖維,0.3863851675900434,0.5173721995315225,-0.07976572436954256,-0.25817016023801,-0.7787645492351976,-0.4981959516451574,-0.4072322486099963,0.8945173673066286,0.6136137258628354,0.04330664735479179
6916.TW,2026-10-08,華凌,上市,光電業,-0.10351686764352439,-0.6390722510122329,0.06577823839660014,-0.0719958872616075,-0.0422206429300109,-0.3294674037395042,0.11758039376788967,1.0295875249769708,0.36070210958550364,0.04304169046000937
3321.TW,2026-10-08,同泰,上市,電子零組件,-0.5716330733585921,-0.6390722510122329,0.7781119711426154,0.45320676821446537,0.14702672840090245,-0.3406734673802457,-0.19378555884322599,0.9301196887395571,-0.18292186955239315,0.042264326261205604
2034.TW,2026-10-08,允強,上市,鋼鐵工業,-0.13973476450992695,-0.06085002574035522,0.3005052296491531,0.13084815516479228,0.4918145413576477,-0.08940504237192658,-0.10898504948270418,-0.3746872247009702,0.2265555916567866,0.04178460122472183
2406.TW,2026-10-08,國碩,上市,光電業,-0.2601752771668306,0.5173721995315225,0.4930429923307205,0.40326680006524657,-0.6850527191222343,0.4274487589786427,0.40410032712045124,-0.260319988873224,-0.6661735646012017,0.041501058695899214
3038.TW,2026-10-08,全台,上市,光電業,0.18753887901530578,-0.6390722510122329,0.7048182630329738,-0.18412078710721047,-0.4044435591466058,-0.24481931659851633,-0.435280248025804,0.4640172513051611,0.9181253444887816,0.04075150843909476
1783.TW,2026-10-08,和康生,上市,生技醫療,0.7222031887986784,-0.06085002574035522,-0.5355331292760872,-0.3783307341586557,-0.5655289944982915,0.12870858215656458,-0.3615442966972727,0.42607018613472447,0.985652930859422,0.04009418973096966
6168.TW,2026-10-08,宏齊,上市,光電業,-0.8026146649425476,-0.6390722510122329,0.869902201259674,0.4544527252995695,2.083752785720134,0.8366870871865666,-0.18014611002944128,-0.11467992413227941,-2.1489770909664054,0.03992275093144867
5236.TW,2026-10-08,凌陽創新,上市,半導體業,-0.12973136041012157,-0.6390722510122329,0.869902201259674,0.19361045941117994,-0.1441147292749857,-0.0004940388325717171,-0.22591936296446033,-0.05279484772321039,0.48780270944181603,0.039909864432787476
6263.TWO,2026-10-08,普萊德,上櫃,通信網路業,0.13113923168399905,-0.6390722510122329,-0.319282007809634,0.2858338307038842,1.1833291018747945,0.5102940126634214,-0.4131329635612326,-0.28608032697364344,-0.09610239319898285,0.03965847048559704
6668.TW,2026-10-08,中揚光,上市,光電業,0.6567216279438193,1.0955944248034002,-2.0744914516361983,-0.26111272331823077,1.1540805663253066,0.5449996387653059,-0.349771752702092,0.1391187043054787,-0.5490215520711507,0.03956860915729318
6139.TW,2026-10-08,亞翔,上市,其他電子業,-0.880035279698091,-0.6390722510122329,0.0029485520672098797,2.003812698189243,0.75536414465684,1.8476412100421362,0.020132337760400854,-1.999803338217915,-0.7592321113116105,0.03908399583066448
8021.TW,2026-10-08,尖點,上市,其他電子業,-1.0753110882431327,-0.06085002574035522,-2.4695059444624743,3.1362685483662998,0.35448968526886904,4.202237367121223,0.50479147393444,-1.500770579901145,-2.7406577786877384,0.0389657397395541
2949.TWO,2026-10-08,欣新網,上櫃,數位雲端,0.6400758959705914,-0.6390722510122329,-0.36637534284297274,-0.3776335011448161,0.11346430401165691,0.5494312917996536,-0.007901087587031853,0.7568730434469073,-0.31991837691950686,0.038771552858027664
7728.TWO,2026-10-08,光焱科技,上櫃,其他電子業,-0.577213271978379,-0.6390722510122329,0.869902201259674,0.5864729730343449,-0.40542922239195006,0.4682493707841641,0.8468900224518396,-0.15216092758557345,-0.6489419035700553,0.038744110110203546
4190.TW,2026-10-08,佐登-KY,上市,生技醫療,0.9858679349042627,-0.6390722510122329,-0.097840354427929,-0.6288488826753093,-0.5458185949454566,-0.20185007681948933,-0.3490212048504035,0.9272888361043966,0.8911199241837366,0.03798059227350839
6158.TWO,2026-10-08,禾昌,上櫃,電子零組件,0.5128331868400228,-0.06085002574035522,0.09761662414360614,-0.7266463815904721,-0.24231751301829474,-0.9028674300675577,-0.2219730091834457,1.1839133070480483,0.6999774449702726,0.037742911489091584
4430.TWO,2026-10-08,耀億,上櫃,其他,0.5685437800287656,0.5173721995315225,-2.432923464792005,-0.29406281405947404,0.05742790308515104,0.18007532104913385,-0.06619069027349071,1.1165705690864725,0.6861989664138719,0.03700130778554973
5519.TW,2026-10-08,隆大,上市,建材營造,0.7185544956713968,-0.6390722510122329,0.8020356531879138,-0.057304988633369525,-0.5942841365910789,0.1319063890820128,-1.070985694825554,0.11605000745410653,0.9258653746205879,0.03697387210597584
8024.TWO,2026-10-08,佑華,上櫃,半導體業,0.22610430305914347,0.5173721995315225,0.4568540547338878,-0.8716189455460425,-1.118293923540535,-0.9314892968516776,0.22065122437152548,1.5304157422327969,0.2988427791155855,0.036537570789578505
1301.TW,2026-10-08,台塑,上市,塑膠工業,-0.5204198518734114,2.2520388753471554,-2.460161853632825,1.5255832128257205,1.882372930345385,1.4140859958437308,-0.2815711371253981,-2.6321925385836304,-0.8518313706486668,0.036433806944228896
3047.TW,2026-10-08,訊舟,上市,通信網路業,0.4337842730191685,1.0955944248034002,0.5187415645553591,-0.7908762077371444,-0.5667202370607621,-0.7421870086752124,-0.09799220805405466,0.4613265765942847,0.014908149701390483,0.03628659190515884
8067.TWO,2026-10-08,志旭,上櫃,電子通路業,0.4373707668999485,,-0.49819712808111966,-0.28679178929934834,-0.8671542060445944,-0.128790288628833,-0.42833722399742624,1.698545179347424,0.3625475269483987,0.03614910464305621
2754.TWO,2026-10-08,亞洲藏壽司,上櫃,觀光餐旅,0.5480231813388228,-0.6390722510122329,0.820499346413318,-0.8183027436904353,-0.33051448273411554,-0.5157902155895335,-0.27987923679149423,0.4744017897272474,1.0636029211516491,0.035885367645913976
4735.TWO,2026-10-08,豪展,上櫃,生技醫療,-0.20045031459875723,-0.06085002574035522,-1.183092916078986,0.215543434738829,0.6462186665588351,0.27646060679692885,-0.1366061157786443,0.8954028096173264,-0.133469551832336,0.035461843742537864
2756.TWO,2026-10-08,聯發國際,上櫃,觀光餐旅,0.9071806626525718,-0.6390722510122329,0.869902201259674,-0.9317170590455619,-0.6902925786682109,-0.4828126556934476,-0.49211628259351553,0.9265265194821903,0.8425042968875774,0.03445587258544942
4582.TW,2026-10-08,聚恆-創,上市,綠能環保,1.6587341882542277,-0.6390722510122329,0.7171995555374958,-1.068751655394737,-1.568570898339408,-0.3581067628381543,0.23784790979371698,0.8657592236376321,0.4492937237035673,0.03270367037134532
5468.TWO,2026-10-08,凱鈺,上櫃,半導體業,-0.9859427587271643,-0.6390722510122329,0.869902201259674,0.16503200312509395,0.6084558486207662,-0.41075284712905713,1.6729724647655653,0.9648825216419397,-1.9537045290310544,0.03241918372372562
6674.TW,2026-10-08,鋐寶科技,上市,通信網路業,0.6884097034823354,-0.6390722510122329,0.7778640059294731,-0.6478645684766321,-0.31761337092303243,-0.07662198905744302,-0.7331825124646419,1.0378610126735779,0.20117236471793754,0.0323280438743713
2421.TW,2026-10-08,建準,上市,電子零組件,-1.4956836940282696,3.408483325890911,-0.5467313971948786,0.8158966631532932,0.7725549317717659,-0.6481317321717064,-0.11520794870892077,-1.186217511538334,-0.7175962445886302,0.03192959917613672
2881.TW,2026-10-08,富邦金,上市,金融保險,-0.10076161119082774,-0.6390722510122329,-0.02297365006810908,1.561264740258094,2.1082140438159347,0.6888534387973777,-0.7553297408629319,-3.0763720142865325,0.5195189299963752,0.03148243171634968
5276.TWO,2026-10-08,達輝-KY,上櫃,其他,0.6455593035859669,-0.6390722510122329,-0.19813183972651374,-0.4166589929769168,-0.6648909890519458,-0.285369907947792,-0.27779414947000003,1.3825016718124261,0.7355424678456446,0.031298368117626284
4564.TW,2026-10-08,元翎,上市,電機機械,0.1278966619230313,1.0955944248034002,0.5489348528487488,-0.4949794575842631,-0.7880288247307353,-0.325724860689284,-0.4455445599791259,0.3774658079396664,0.16894902140995652,0.029395896215710544
4162.TWO,2026-10-08,智擎,上櫃,生技醫療,0.844613454286786,-0.6390722510122329,0.02702966769658282,-0.36156646896725664,-0.22380502749767422,0.23161012146985002,-0.40059229840953137,-0.10847559890774039,0.8927774136951505,0.029168779150437092
8482.TW,2026-10-08,商億-KY,上市,居家生活,0.49836138678893677,-0.06085002574035522,-0.5998540891979953,-0.24642417791816656,0.0653616267391116,0.37927706814168927,-0.5912268938830041,0.14929645692058804,0.6640559727171754,0.028666369396442206
8072.TW,2026-10-08,陞泰,上市,電子通路業,0.2664811463367107,-0.6390722510122329,0.869902201259674,-0.6319692538694965,-0.22348825960625707,-0.5901515480970848,-0.21466249219623149,0.7078297686165498,0.7037248291872219,0.027621571179872628
7757.TWO,2026-10-08,金色三麥,上櫃,觀光餐旅,0.6785476247338889,-0.6390722510122329,0.7564091602427463,-0.9305381988943741,-0.4522068136111476,-0.5603566983096636,-0.37548952820484205,0.710527837902799,1.0569067343555476,0.02719198524474685
2006.TW,2026-10-08,東和鋼鐵,上市,鋼鐵工業,0.32013586168572566,-0.6390722510122329,0.0757070591289246,0.8282897735170324,0.3230140570090767,0.9941246157461301,-0.20949384364891988,-1.3423311070679331,-0.1083073687222493,0.02689631073728379
4192.TWO,2026-10-08,杏國,上櫃,生技醫療,0.41958903360621275,,0.2939987417552122,-0.7607782705077134,-0.507119080756422,-0.7015957958623305,-0.44360537215584167,1.4533289234112414,0.4596405354451479,0.026682339366938347
2353.TW,2026-10-08,宏碁,上市,電腦及週邊設備,0.025072701497532438,0.5173721995315225,0.5994154481866644,0.03723736553986644,0.17024754772690712,0.10592585108700027,-0.00815638017084204,-1.6020305457859756,0.3937988266242835,0.026542557137439922
3017.TW,2026-10-08,奇鋐,上市,電腦及週邊設備,-2.6190740464135027,-0.6390722510122329,-1.5227260565952496,4.47481788178391,2.8121231863248752,2.1814128804118273,0.1295099494131674,-3.0763720142865325,-1.5033471690392644,0.02636359562077743
2014.TW,2026-10-08,中鴻,上市,鋼鐵工業,0.37184727761996006,-0.06085002574035522,0.7705080486544839,0.06384003880047119,-0.22291982202178628,-0.19454362193510918,-0.5936414872806798,-0.7697213078998131,0.860723576313456,0.025026964056736385
6997.TWO,2026-10-08,博弘,上櫃,數位雲端,0.7851343214858103,-0.06085002574035522,0.017507139790775998,-0.8613591016437813,-0.6877027444525722,-0.28927371861948087,-0.11995752559866812,0.9383174507201236,0.4975425473660143,0.02437314925642962
2838.TW,2026-10-08,聯邦銀,上市,金融保險,0.8699457671746039,-0.6390722510122329,0.455155856738587,0.47706895764386104,0.11834918549669482,0.15072932202778624,-0.3066816090260417,-1.593036346066074,0.6846290951024316,0.024120886453290715
4420.TWO,2026-10-08,光明,上櫃,紡織纖維,0.6448191772086834,-0.06085002574035522,0.48596412058677074,-0.5740118431389276,-0.8234102006131208,-0.6832095626655296,-0.22344635610948452,0.9490801178265044,0.501813722890599,0.024083238916126664
6982.TWO,2026-10-08,大井泵浦,上櫃,電機機械,0.4235619989242356,-0.06085002574035522,0.6444366448992411,-0.7716280703896178,-0.5775038906875949,-0.5663057999894495,-0.4325242933819161,0.808000067156459,0.7494472305316786,0.024070429035853422
3071.TWO,2026-10-08,協禧,上櫃,電腦及週邊設備,0.004331396109616583,-0.6390722510122329,0.6469307328699746,0.11552093069428973,-0.5429428597965571,0.03392126534619383,-0.30114314683427706,0.6159067031850421,0.2754723503686243,0.023213902325630458
5880.TW,2026-10-08,合庫金,上市,金融保險,1.2410044021503788,0.5173721995315225,0.09315382014044027,0.07824126573527698,0.2526948575174873,-0.027868642375648855,-0.13620627397302634,-2.51237472874204,0.7016347506085878,0.02307240562144202
4169.TW,2026-10-08,泰宗,上市,生技醫療,0.7893389504278273,-0.6390722510122329,0.4204780687351539,0.5077227200995857,-0.8496940640845757,1.459087950022549,-0.1518161750529043,-0.21561789111444457,-1.1137693265645119,0.022961997939605207
6742.TW,2026-10-08,澤米,上市,光電業,0.6030786626379886,0.5173721995315225,-0.39895448994106464,-0.5881743724265353,0.845995035482689,0.1430016521016677,-0.3997545963683682,0.31123680865405784,-0.8288293630520501,0.022774615179989726
6722.TW,2026-10-08,輝創,上市,其他電子業,0.6425429205304962,-0.06085002574035522,0.30138146224797685,-0.8311472558006706,-0.5203686637973288,-0.5483045731680288,-0.32665812698072977,0.5197335154408714,1.0228712261495854,0.022133386542424076
6203.TWO,2026-10-08,海韻電,上櫃,電子零組件,-0.20257217852291673,0.5173721995315225,0.8137228981646083,-0.252850726086413,-0.4587352904267993,-0.8031132304110986,-0.6184834930650404,0.2021211008126978,0.9997422307661898,0.021911501195861174
2323.TW,2026-10-08,中環,上市,光電業,-0.5259169693984945,-0.06085002574035522,0.869902201259674,0.35141015653510027,0.14404130595984513,0.22936519622394966,-0.16654373826741706,-0.33820556355167347,-0.30651818800178054,0.021853819446538685
2032.TW,2026-10-08,新鋼,上市,鋼鐵工業,-0.21150993604137458,-0.6390722510122329,0.09860294014922409,0.33766730720316585,0.4408175515716604,-0.07982557185334113,-0.38573941063212225,0.6360329651422534,-0.0015546724305465869,0.021713213566298486
6264.TWO,2026-10-08,富裔,上櫃,建材營造,0.786131532798747,-0.6390722510122329,-0.9128862935544063,-0.6305985297237441,-0.37540736329709207,-0.3391714954037565,-0.021292058550815077,1.2909388419403862,1.0366687854842636,0.021701240964594422
2440.TW,2026-10-08,太空梭,上市,電子零組件,-0.34665036482030837,-0.6390722510122329,0.5199586288760074,0.18702068091943672,-0.3593974625119457,-0.36415343749797513,0.051313091164324656,0.7621218973581148,0.38359030910223996,0.0216367879530735
8105.TW,2026-10-08,凌巨,上市,光電業,-0.1529133428991503,1.0955944248034002,0.5437412063702104,0.22417614749384593,0.09872251460348562,-0.02451845182211346,-0.4303829708068862,0.02298648519739204,-1.1845235596634947,0.021431383697409972
2542.TW,2026-10-08,興富發,上市,建材營造,0.31816183612212195,1.0955944248034002,0.34224197403235873,0.16491718717439544,0.10006660523618131,-0.21913499975231318,-0.5207058022922886,-1.5250819434570895,0.43520679479744784,0.021251786296023804
6109.TWO,2026-10-08,亞元,上櫃,通信網路業,-0.04214027319920117,-0.6390722510122329,0.21758334211520192,-0.008038109116067083,-0.5655288574838172,-0.23425923368326598,-0.20513069499311412,1.2240781556378089,0.43751171345016204,0.020555976857274925
3594.TWO,2026-10-08,磐儀,上櫃,電腦及週邊設備,-0.6526858083596507,-0.6390722510122329,0.869902201259674,0.23263564791533453,0.1533922799671225,-0.17121741961170658,0.09641820549486033,0.26694375767962225,0.02554070074574854,0.020206368230974645
8489.TWO,2026-10-08,三貝德,上櫃,其他,1.1700369674800106,-0.6390722510122329,0.869902201259674,-1.1127182444430954,-0.5933215933635174,-1.024499494085525,-0.058777411141673036,1.0088774885481593,0.5584128621072744,0.01987116948323051
8279.TWO,2026-10-08,生展,上櫃,生技醫療,0.9813818695516724,-0.6390722510122329,0.4895869839432531,-0.7965394737815379,-0.8395610812094881,-0.27483669329266003,-0.3353253815710908,0.6964828570713943,0.896600406808254,0.01985747072306269
6672.TW,2026-10-08,騰輝電子-KY,上市,電子零組件,-2.9621921356232703,1.0955944248034002,-2.456643288908897,1.5203334233884636,4.724051076494504,1.3393913759751237,0.8115992666206632,-1.1534614819616407,-2.7408421721756855,0.01975894317918457
2484.TW,2026-10-08,希華,上市,電子零組件,-0.7694120835187218,0.5173721995315225,-1.9296342959754247,0.8635851033850618,2.7636964292632133,0.9978833930273558,-0.12334936878671082,-0.45198666265263676,-1.6905129842724713,0.019737970000132013
4974.TWO,2026-10-08,亞泰,上櫃,電子零組件,0.13235108653332922,-0.6390722510122329,0.869902201259674,-0.2707655002701189,-0.1966052446687368,-0.6922090736826175,0.0016480762592236602,0.19483171173366234,0.7736070249892424,0.019298670126825054
8472.TWO,2026-10-08,納維康,上櫃,數位雲端,-0.02962145870983592,-0.6390722510122329,-0.09428989277876179,-0.1487563767712205,-0.5948914013297341,0.10478005682426624,0.7083467847214768,1.0614869247557934,-0.19682816685997853,0.019017135426641418
3054.TW,2026-10-08,立萬利,上市,電子通路業,-0.8924743731455177,-0.6390722510122329,0.532270361643869,1.084306755657906,-1.1404889758308903,0.6838030024669562,0.3133958279847162,0.23378783034547906,-0.008306291673721752,0.018580209604062654
1467.TW,2026-10-08,南緯,上市,紡織纖維,1.3951123337147544,-0.6390722510122329,-2.007203935355166,0.03514443069676045,0.22607651502589424,1.141153082224688,-0.4097731666090228,0.7786809705737219,-0.35687344244018654,0.018138281868801245
5011.TWO,2026-10-08,久陽,上櫃,鋼鐵工業,-0.4712482040437692,-0.6390722510122329,-2.4714822754669283,1.1878708063041568,1.5039996039493586,1.3290853156838156,-0.6114700572139583,0.677964249176153,-0.3495938462201135,0.017339260128497975
1215.TW,2026-10-08,卜蜂,上市,食品工業,0.7775657019666063,0.5173721995315225,0.38998143117099143,-0.3981769284408099,-0.9016072274251506,-0.0027039405809807554,-0.3289365909890583,-0.9249693793424795,1.0244078179863996,0.016992564875226737
2941.TWO,2026-10-08,米斯特,上櫃,居家生活,1.3687104509677361,-0.6390722510122329,0.20135542135843754,-1.0017897942958212,-0.7150018679579316,-0.5011879680504434,-0.5271978462774749,1.6226100595867814,0.3444546285432748,0.016986759206925113
6958.TW,2026-10-08,日盛台駿,上市,其他,0.6356453725181782,-0.6390722510122329,0.5734813029853196,-0.2312322125518473,-0.27136973707418843,-0.09705149108516971,-0.37899823958251433,-0.012219288419058168,0.5730645542381483,0.016916445557403927
6023.TWO,2026-10-08,元大期貨,上櫃,金融保險,0.43917647546577043,-0.6390722510122329,0.869902201259674,0.2653070710158985,0.01307712344570107,-0.6010435943354675,-0.14438035273655728,-1.0360441763176431,0.9842247595819901,0.016794139596348137
3055.TW,2026-10-08,蔚華科,上市,電子通路業,-1.7296344194436595,2.8302611006190332,-0.624932984262459,-0.011156202231325116,1.6081662484732504,0.3233765494080908,0.59540732797065,-0.8015934506902432,-2.041147546548893,0.016527402588271616
6165.TW,2026-10-08,浪凡,上市,數位雲端,-0.15326048757471816,-0.6390722510122329,0.7643688117937137,-0.3004623770984083,-0.16055019842513138,-0.08761686679714333,-0.28959990060375096,0.373689242932867,0.6373687113213952,0.01609607605962122
2426.TW,2026-10-08,鼎元,上市,光電業,-1.1025195387597986,-0.6390722510122329,0.3853668083816772,3.0374029878188034,0.19498304498774552,1.9237708960347149,-0.006774222232293575,-0.9165472129144024,-2.7408421721756855,0.015085371125391964
6910.TWO,2026-10-08,德鴻,上櫃,數位雲端,0.28460002344407764,0.5173721995315225,0.7376400651832185,-1.243144017317846,-0.6497014305069717,-0.9800043051374242,-0.4477249689074063,1.3274176273360172,0.5878352210428814,0.014921157185340976
3617.TW,2026-10-08,碩天,上市,其他電子業,-0.14841791285307293,-0.6390722510122329,0.6629548466013117,0.26493828343024256,0.9949762092369641,0.28998517613814206,-0.22520665098158985,-0.732360051648107,-0.3353438016291742,0.014717094142498159
2038.TW,2026-10-08,海光,上市,鋼鐵工業,0.5905728688054896,0.5173721995315225,0.325862997529025,-0.4690384111626864,-0.6474702252075162,-0.8209431182672442,-0.4831683472044696,0.6346496102311774,0.48359365130353194,0.014603469506536657
2616.TW,2026-10-08,山隆,上市,油電燃氣,0.8041389149031258,-0.6390722510122329,0.869902201259674,-0.9000575666375857,-0.5825472429937901,-1.3668214499940077,-0.24514418436914387,0.8148624792074707,1.3738740489320511,0.014348327699506816
2441.TW,2026-10-08,超豐,上市,半導體業,-0.990818486740816,-0.6390722510122329,0.3302322589912748,1.634667504523119,1.0042474883816668,1.4759299997431807,0.022699038997661136,-1.4326655177581331,-1.2770513516185735,0.014240964834127413
1563.TW,2026-10-08,巧新,上市,汽車工業,-0.6576409096766044,2.2520388753471554,-0.4509805993643047,0.39250344329751313,0.8746885336529365,-0.1587733560779735,-0.3189811814673246,-0.4071211705627078,-1.3987084455298568,0.014113909957648114
5522.TW,2026-10-08,遠雄,上市,建材營造,1.1590475208383344,-0.6390722510122329,0.19801269595994103,-0.01090029521414612,-0.107195875489569,0.752756641586903,-0.7442491392952071,-1.1774927182511312,0.690861175228046,0.013529750483437594
3019.TW,2026-10-08,亞光,上市,光電業,-1.2097469757273764,3.9867055511627885,0.3794722172274425,-0.2598635800863917,0.24554341947305072,-1.2513669234736122,-0.208076850272982,-1.0453816840485866,-0.5174922141886553,0.013310328896186366
2201.TW,2026-10-08,裕隆,上市,汽車工業,0.525028247965164,1.0955944248034002,0.035998702950234614,-0.41263424497133794,-0.0868528460213798,-0.2329995289015348,-0.3577348378595924,-0.9157389267653762,0.4689870288027155,0.013294224444699224
4530.TWO,2026-10-08,天意能創,上櫃,觀光餐旅,0.9976509671946865,-0.6390722510122329,-1.0616058856648456,-0.2487299785732046,-0.42262925268211193,0.44871038824207954,-0.20116980177449034,1.2243732916802081,0.02162322862025843,0.013238967336705262
4148.TW,2026-10-08,全宇生技-KY,上市,生技醫療,0.5374045183364697,-0.6390722510122329,0.23000946847694112,-0.5028313912739104,-0.7146528379306888,-0.15606193284402978,0.10884329104776001,0.7089119011515399,0.5457094535735316,0.013140024391708952
4137.TW,2026-10-08,麗豐-KY,上市,生技醫療,0.4917937459841651,0.5173721995315225,0.46943783335695266,-0.5620719996414236,-0.7945435966826213,-0.34550611961991634,-0.4328413865061908,0.04688206397422807,0.71437151646982,0.011654917429615157
3029.TW,2026-10-08,零壹,上市,資訊服務業,-0.18447159614302225,-0.06085002574035522,0.869902201259674,-0.24775981086223092,-0.11672543971102585,-0.15159260353220194,0.04396055794868797,-0.6229250418749285,0.5743082703003072,0.011538501293878282
3489.TWO,2026-10-08,森寶,上櫃,建材營造,0.18130440856995556,-0.6390722510122329,0.6459397447857179,0.22506589169119504,0.14000077297021085,0.35806336204166556,-0.3424194000987751,0.7377851413845243,-1.2103607424619092,0.010700769763372456
7811.TWO,2026-10-08,民盛,上櫃,運動休閒,1.4029992735579986,-0.6390722510122329,0.49766304913935366,-1.0238782553519843,-0.9473823006805676,-0.5896493918033644,-0.36149248851474297,0.6321838107334598,1.1235161093527584,0.010543061713408698
3322.TWO,2026-10-08,建舜電,上櫃,電子零組件,0.30563653628395937,0.5173721995315225,0.869902201259674,-0.5604743501619879,-0.784978618781117,-0.9722726368918858,-0.5074747337734444,0.9477344024987032,0.2729980473474859,0.009827005256989997
2375.TW,2026-10-08,凱美,上市,電子零組件,-1.3436433641289605,-0.6390722510122329,-0.20083736547205092,2.1700902606391113,1.364799781596117,0.9969878161003796,-0.015271168272723819,-0.44085985734391203,-1.8051536751109636,0.00967113077719597
6881.TWO,2026-10-08,潤德,上櫃,其他,0.11114905194748644,-0.6390722510122329,0.7917755642684913,-0.1852298841001325,-0.2709187263368967,-0.2710529318751306,-0.4752074706358283,0.45856185368996827,0.5639711021054651,0.009330700894576684
5490.TWO,2026-10-08,同亨,上櫃,電腦及週邊設備,0.9117101887138497,-0.6390722510122329,0.4762182016053948,-0.5198650347824997,-0.19804087377674431,-0.014858796588960645,-0.3987324473176244,0.6307491308657901,-0.16442663989606746,0.009297941978989468
7794.TWO,2026-10-08,宏碁智新,上櫃,居家生活,-1.736936835811462,-0.6390722510122329,0.5361833175934239,,,,0.5482613251218583,1.2953139020087034,0.051224791093329614,0.009162374832270106
6283.TW,2026-10-08,淳安,上市,其他電子業,-0.5731561633326052,1.0955944248034002,0.869902201259674,-0.5790760817878505,-0.4234643536644105,-0.9663476708515376,-0.44991971715029205,0.5546656745073685,0.5531255839607526,0.009035988638277715
3552.TWO,2026-10-08,同致,上櫃,其他電子業,0.8472456825763635,1.0955944248034002,-0.26760754427447947,-0.8930402767364338,-0.40322610041889456,-0.5226826276496168,-0.35877483769699425,0.2961225407090015,0.28667798907167724,0.00892325004266927
8917.TWO,2026-10-08,欣泰,上櫃,油電燃氣,0.5415855192340543,-0.6390722510122329,0.6139434808110719,-0.3501122928648292,-0.16941423874257053,-0.6527968593414513,-0.2487457655732612,-0.13643342818659232,1.1196896890849113,0.008738205934344427
6290.TWO,2026-10-08,良維,上櫃,電子零組件,-1.4482508306837838,-0.6390722510122329,-0.7067328196092888,2.976294800592006,0.7007332404443003,1.6003428998585074,-0.1830266605974183,-1.1783439797633006,-1.0443157607180686,0.008625404278968926
1305.TW,2026-10-08,華夏,上市,塑膠工業,0.3418747924450573,1.0955944248034002,-0.48471291727650184,0.04556567629007879,-0.35467781538781396,-0.35258656244692627,-0.43743259403214274,-0.05709663286066313,0.28093149756310987,0.008606652121955364
6996.TWO,2026-10-08,力領科技,上櫃,半導體業,-0.39193120085107624,-0.6390722510122329,0.869902201259674,0.4506782846920827,-0.11526438091395884,0.0772888678506147,-0.2805355234842416,-0.00959089085018283,0.1145944316698217,0.008452170928944526
6929.TWO,2026-10-08,佑全,上櫃,生技醫療,1.560419598883079,-0.6390722510122329,-0.692630538563952,-0.765181213886978,-1.0334784250051072,0.060506978956970596,-0.32271634853130055,1.1796210462394332,0.727773565277019,0.00836026803965901
1110.TW,2026-10-08,東泥,上市,水泥工業,0.6295804105873061,-0.6390722510122329,0.6357958543317572,-0.27394502048414693,-0.3395487298134439,-0.4118622846768415,-0.5838228912678612,-0.11195330928688504,1.1686463499037043,0.008202014253484016
6589.TW,2026-10-08,台康生技,上市,生技醫療,0.8239400657172122,-0.06085002574035522,0.405156270942956,-0.5876945710274424,-0.5473865247033689,0.07464881467658434,0.7481605846898619,-0.4948378369107648,-0.28818614074527676,0.00810562632215626
8048.TWO,2026-10-08,德勝,上櫃,通信網路業,0.4288272598065749,-0.6390722510122329,0.5392481224137516,-0.3370096532553273,-0.4650017008743457,-0.23234993166469153,-0.19206124265901683,0.4943671596384219,0.4750344213498668,0.007998020415889009
3628.TWO,2026-10-08,盈正,上櫃,其他電子業,0.011980852488882596,-0.6390722510122329,0.5891693290322734,-0.25816652185284267,0.2607456677230362,-0.0784531246446667,-0.2655373146703129,0.46280713429455567,-0.013104902108656205,0.007818763250004057
5904.TWO,2026-10-08,寶雅*,上櫃,居家生活,-0.390774811254788,-0.6390722510122329,0.1852982883192841,1.2768303584026626,0.9961147082579909,1.2748065527746333,-0.2510221891314281,-1.4471232704398287,-0.9355725392673115,0.0077205385165535455
1611.TW,2026-10-08,中電,上市,電器電纜,0.0397509418637371,-0.6390722510122329,0.7205929476646549,-0.1760524680515354,-0.45172962947596645,-0.12258755718002368,-0.33949877057473843,0.38379956598373344,0.6532459632756009,0.007605415832581046
2611.TW,2026-10-08,志信,上市,航運業,0.5783144823324277,-0.06085002574035522,-1.1269695621321418,-0.2191985151765225,0.00698103028653225,0.11211131349815608,-0.28175206132229497,0.5318323052196053,0.5246326947247631,0.007233517965574427
2836.TW,2026-10-08,高雄銀,上市,金融保險,0.6877243494082329,-0.6390722510122329,0.5899473507690103,0.0208091742124446,-0.09845098385557995,-0.6897930494143966,-0.35355866439682626,-0.7191114325503751,1.264212533166836,0.006967447369679198
8277.TWO,2026-10-08,商丞,上櫃,半導體業,-0.27561261924164604,-0.6390722510122329,0.20685333902529723,0.36458402400547224,-0.803881246904619,-0.15250613682602004,-0.5027144333025175,1.475564031640073,0.38700268429096,0.0066908212971963305
1468.TW,2026-10-08,昶和,上市,紡織纖維,0.2832143238749039,-0.6390722510122329,0.48814558143799347,-0.251852402450936,0.0025925849296529993,-0.2659374846644238,-0.7952261961969745,0.7200306037690338,0.5048860838925445,0.005197871508840169
2646.TW,2026-10-08,星宇航空,上市,航運業,0.8105960050706082,-0.06085002574035522,0.7019292909652802,-0.5212739860241121,-0.366422918556333,-0.3908840933916612,0.07286749692358445,-1.324349461801658,1.1250579228618671,0.0051855811452467355
1440.TW,2026-10-08,南紡,上市,紡織纖維,0.0971842825685858,1.0955944248034002,-0.24991245430772902,-0.07823810928329826,0.14630880157402434,-0.11200332148617424,-0.37679070101722195,-0.7556096092675165,0.28012255093754473,0.005183984946846126
3043.TW,2026-10-08,科風,上市,其他電子業,-0.18812775178162755,-0.6390722510122329,0.04040951221749998,-0.4300791539483982,-0.23275962121773855,-0.522961411930896,0.3049715515181261,1.3099311867007755,0.39867679131748385,0.004554316873665815
1225.TW,2026-10-08,福懋油,上市,食品工業,0.8844635626543216,0.5173721995315225,-0.05733546360358974,-0.5070341437221193,-0.8111495096097334,-0.09861563838911322,-0.5462468554666418,0.10232208612104993,0.5523327666339617,0.004012111572184223
3380.TW,2026-10-08,明泰,上市,通信網路業,0.770368663107928,-0.6390722510122329,0.17225214271754802,0.07869141333710655,-0.5691578424847861,0.6972763748884324,0.23790851060089133,-0.5298974242815467,-0.1841705999924834,0.0037998874312063593
3494.TW,2026-10-08,誠研,上市,電腦及週邊設備,0.12917440259287552,-0.6390722510122329,0.8224513210559209,-0.932223070757613,-0.5621463852536459,-0.938274666943924,-0.22092638408547396,1.41674920521385,0.953919652228656,0.003294647004268045
6843.TWO,2026-10-08,進典,上櫃,電機機械,0.44296844390377915,-0.6390722510122329,0.7388465161012672,-0.9028173383662155,-0.5625741257610444,-0.6256883898634221,-0.4911624738930222,1.0312449976704912,1.0366318981873595,0.003153030774106632
4552.TW,2026-10-08,力達-KY,上市,電機機械,0.6375311418003778,-0.6390722510122329,0.869902201259674,-0.6559781772145585,-0.9515759743387215,-0.33031692001890045,-0.4598797335611822,0.8232401231488662,0.730693017257544,0.0027270474800962724
6438.TW,2026-10-08,迅得,上市,其他電子業,-0.14204048143879044,1.0955944248034002,0.15512658623397674,-0.32305694968655896,0.025922210394569985,-0.21237652778839733,-0.2059038979741688,-0.4118650478276744,0.04142616174492177,0.002536275384586527
2020.TW,2026-10-08,美亞,上市,鋼鐵工業,0.9226491465299824,-0.06085002574035522,-0.02765805079223576,-0.23109009737327157,0.04276511776408581,0.1844675633290147,-0.6605467192224259,0.03923950183669328,-0.19950114132807167,0.0010528105559351156
6934.TW,2026-10-08,心誠鎂,上市,生技醫療,0.869372047364941,-0.6390722510122329,0.869902201259674,-0.7876146392859854,-0.45260334113449696,-0.34882591677379915,-0.4813684440597063,0.5789093873696631,0.3997441215942144,0.000938129480252434
6425.TWO,2026-10-08,易發,上櫃,電機機械,0.9169568952954198,-0.6390722510122329,0.869902201259674,-0.59989952980846,-0.9324379143602874,0.496667235423829,0.47200726171752355,0.37691780376204087,-0.9585223836492658,0.0002799242920267848
8027.TWO,2026-10-08,鈦昇,上櫃,電機機械,-2.914925543202735,-0.06085002574035522,0.22848064696453674,2.186487536318514,2.2302363501400517,0.5767786891204593,-0.017865510090984138,-0.7145178749717355,-1.5116747694005588,0.00023883323746597284
2237.TW,2026-10-08,華德動能-創,上市,汽車工業,0.7771068115456009,-0.6390722510122329,0.8071097876231829,-0.1990491327315301,-0.6981441387589284,0.16388410084447286,-0.08034007984222723,0.45949588584727125,-0.6007669287741335,-0.0010862161398360233
6574.TWO,2026-10-08,霈方,上櫃,生技醫療,-0.9256266391524466,-0.06085002574035522,0.03004085360447951,0.18239291517242634,0.06745815022275449,-0.1816159882275614,0.3755253358255573,0.5685559939707595,-0.069232850280848,-0.0014835838450260135
9960.TWO,2026-10-08,邁達康,上櫃,運動休閒,-1.6726614757614922,-0.6390722510122329,-0.9400480289131111,0.7778965969527051,1.7103997201924763,0.34239263325466684,-0.4199846763785717,1.018818708705604,-0.19111171713166833,-0.0014856100101804043
8996.TW,2026-10-08,高力,上市,電機機械,-0.40194627043638337,1.6738166500752778,-1.1324162434811968,0.8818697515817249,0.2682492192556866,2.11739633750466,0.6351703122427591,-1.916628437113174,-2.145545992862013,-0.002226074803628809
6576.TWO,2026-10-08,逸達,上櫃,生技醫療,0.49302184470065297,-0.6390722510122329,0.6559247878443372,-0.18974693615425164,-0.1735229296438029,0.1786761533971646,-1.041720668177753,-0.3550939068417088,1.0302809687307797,-0.004583659684090518
2929.TW,2026-10-08,淘帝-KY,上市,貿易百貨,0.7399479344052816,-0.6390722510122329,0.028539243631082564,-0.9328839722843957,-0.5330201941623427,-1.101568851788554,0.09476308205967653,1.4555238667090673,0.844866312345039,-0.004767203344153148
4804.TWO,2026-10-08,大略-KY,上櫃,觀光餐旅,1.0782065902772804,,0.869902201259674,-1.4631094771778417,-1.1511881531171007,-1.3752537712932118,-1.070985694825554,1.698545179347424,1.3738740489320511,-0.005001134574659838
6517.TWO,2026-10-08,保勝光學,上櫃,光電業,0.34004678935214533,-0.6390722510122329,-0.45271409426031967,-0.058827398137208636,0.2363364166038862,-0.14669863065005204,0.26566811413289626,0.7469297098356849,-0.34063636414328063,-0.005440856475386804
7736.TW,2026-10-08,虎山,上市,汽車工業,0.7682919403791586,-0.6390722510122329,0.05170067373154504,-0.5542598053657559,-0.5161663319189568,-0.037267004510754764,-0.49457343470963416,0.1504002513165025,1.2207680455220071,-0.005575324063124566
8349.TWO,2026-10-08,恒耀國際,上櫃,鋼鐵工業,0.554167733249958,-0.6390722510122329,0.2878226387837959,-0.3916581483848948,-0.18439904978308008,-0.5234453658288066,-0.23573140237634752,-0.13711040986370338,1.2158128651473044,-0.005957043340889657
2719.TWO,2026-10-08,燦星旅,上櫃,觀光餐旅,0.7082714374266932,0.5173721995315225,0.519044940391928,-1.1073160938267574,-0.9505664718228556,-0.8636641047392166,-0.5385733808115918,0.9970224098648763,0.6576612215427813,-0.0067497602714022215
6767.TWO,2026-10-08,台微醫,上櫃,生技醫療,0.6361201039664203,-0.6390722510122329,-0.26408668605117475,-0.5130094380948269,-0.5286639210434286,-0.21834381245515583,-0.35911352801039514,1.1995848457772098,0.6257314308066979,-0.006761472901876255
3706.TW,2026-10-08,神達,上市,電腦及週邊設備,-0.3583727358171137,1.0955944248034002,0.618885758960609,-0.26561429732250064,-0.2953462484071818,-0.39222890785813097,0.6961828277830204,-1.7298603787119091,0.5617317577283057,-0.0076697554268334205
1727.TW,2026-10-08,中華化,上市,化學工業,-2.4590332567825595,-0.6390722510122329,-2.4295530931000333,3.5840686102267854,2.454885865179384,1.3419517702448505,0.20152902094796446,-0.4197048282268346,-1.7041433183236385,-0.007674608982923801
1722.TW,2026-10-08,台肥,上市,化學工業,0.33044528089669,1.0955944248034002,0.665307472084389,-0.3762109858933886,-0.49106369194094646,-0.8349965808043261,-0.4377423094778208,-1.0819175318401117,1.0614042524129552,-0.007686629973239927
6146.TWO,2026-10-08,耕興,上櫃,其他電子業,0.10149835005425212,1.0955944248034002,-0.9810318982559091,-0.009725627206311505,-0.16809873576996623,0.36068005331987196,-0.2497838642324225,-0.6350833364264452,0.41676320405220685,-0.0076874921845914955
2726.TWO,2026-10-08,雅茗-KY,上櫃,觀光餐旅,0.3364807124260993,-0.6390722510122329,0.7859141442040825,-1.2432812130134476,-0.7957087795171736,-1.1882042281667202,-0.2449770046712215,1.698545179347424,1.2155782738983336,-0.008302796278317363
6585.TW,2026-10-08,鼎基,上市,其他,0.09661207138457625,-0.6390722510122329,0.21440066162634858,0.11790482310922658,0.40706903734012534,-0.29119438547552917,-0.2356877509099391,-0.024121341478463905,0.2758631485702211,-0.008691776316185241
3213.TWO,2026-10-08,茂訊,上櫃,電腦及週邊設備,-0.10369094800167848,-0.6390722510122329,0.1870880974749625,0.04169281926362024,0.5434569375163157,0.02267880723746695,-0.28413518743586164,-0.03190495434513231,0.17993399704361487,-0.009328075806547218
4441.TW,2026-10-08,振大環球,上市,紡織纖維,0.034550023123270546,1.6738166500752778,0.572606148992347,-0.6263247651414201,-0.7673789669143762,-0.9754947893565162,-0.16251364161581835,-0.3232434930562829,0.48762800829632813,-0.009594980621910061
6872.TWO,2026-10-08,浩宇生醫,上櫃,生技醫療,0.5922495980639726,-0.6390722510122329,0.7238388010036733,-0.4857114879624827,0.4710937359700142,0.34778995441591265,-0.9050448118264621,0.9107424970777964,-1.1042882571279313,-0.009822469044193309
2618.TW,2026-10-08,長榮航,上市,航運業,0.2185667445903833,-0.6390722510122329,0.5464886496279827,0.1829333850324432,0.774903053165477,0.14002222625714542,-0.12484502756957741,-2.1208860822431053,0.9305979685770954,-0.01014348150826536
6291.TWO,2026-10-08,沛亨,上櫃,半導體業,-1.443408865715381,-0.6390722510122329,0.5082826758968313,1.7908087408384672,0.8339256717279706,0.7183992345563329,-0.05129735769448698,-0.6007315616788768,-1.210260435337075,-0.010372683157605596
4924.TWO,2026-10-08,欣厚-KY,上櫃,綠能環保,0.11758582464467264,1.0955944248034002,-2.4190643739923074,-0.3948645815873614,1.5814685581241226,0.650371355983988,-0.4574827737737764,1.4491005606637086,-1.7216569107633513,-0.010994212877433875
5364.TWO,2026-10-08,力麗店,上櫃,觀光餐旅,1.188746144406606,-0.6390722510122329,0.6675252055556251,-1.2146750628001008,-0.9998798388772147,-0.7680072938428107,-1.0369797082457055,1.5578738925615492,1.1455005659473854,-0.010996482922988764
3231.TW,2026-10-08,緯創,上市,電腦及週邊設備,-1.4978479062375347,-0.06085002574035522,0.23433145168276684,1.4048142348401869,1.3217852211613461,0.35946971622639484,1.0989363546024922,-2.767760188377343,-0.19509781481369737,-0.01135766185063817
3303.TWO,2026-10-08,岱稜,上櫃,其他電子業,-0.7796703815418974,-0.06085002574035522,0.29707645229392965,0.0864080550627295,0.15478481297196275,-0.283603540429895,-0.3524102173651711,0.21837586054614916,0.6163324306112995,-0.011506283732360907
4438.TW,2026-10-08,廣越,上市,紡織纖維,0.336352677005655,-0.06085002574035522,0.5086701311713951,-0.6070108665866437,-0.2845821172012082,-0.8076528171225703,-0.391363406593557,0.041978153898911394,1.1581885741287525,-0.011807744115513379
9941.TW,2026-10-08,裕融,上市,其他,0.6591498503408482,0.5173721995315225,0.46890672162061264,-0.49016342365952115,-0.2165429769156348,-0.4914987743253669,-0.32408762318772855,-1.1439551365000626,0.9091061042402916,-0.012412562095004373
3629.TWO,2026-10-08,地心引力,上櫃,文化創意業,0.9699429105129217,,-2.381174946320364,-0.6549906909570113,-0.5106337857210494,-0.4027702103217921,2.953317087289993,1.5918718682429422,-1.6684696047761436,-0.012863421506312894
2514.TW,2026-10-08,龍邦,上市,其他,0.8510162438383884,-0.6390722510122329,0.5699505706258214,-0.5755268761922622,-0.6200230499590098,-0.43614328499943655,-0.5505780916461633,0.2611281587270383,1.0221676333106329,-0.013008994145247095
1460.TW,2026-10-08,宏遠,上市,紡織纖維,-0.12781795893246853,-0.6390722510122329,0.48312299569821454,0.06292480685276575,-0.5344348249882995,-0.38706764157743806,-0.22400942052793,0.2920901598828365,0.9529037258531435,-0.013484489861267638
6167.TWO,2026-10-08,久正,上櫃,光電業,0.785803961544147,-0.06085002574035522,0.21824449855255681,-0.5665372661812779,-1.1697926357299937,-0.3311735471874774,-0.4489927424986959,0.9261670835700245,0.5246505066285414,-0.013608907449170019
2603.TW,2026-10-08,長榮,上市,航運業,0.09163259694591878,-0.6390722510122329,0.5875958659133902,0.6452404864974296,0.36704961531450037,0.7015936484257577,0.0801986824655819,-2.615289673577494,0.6579370307984541,-0.013679333136521551
6741.TWO,2026-10-08,91APP*-KY,上櫃,數位雲端,0.3254397224556557,-0.6390722510122329,0.869902201259674,-0.5883788934026943,-0.44312387181396146,-0.3430036850610815,-0.07722618142228206,0.03112049722409948,0.7404105864402907,-0.013770208370281374
6171.TWO,2026-10-08,大城地產,上櫃,建材營造,0.9262366884608371,-0.6390722510122329,0.7299247760143459,-0.43165455797954644,-0.5206986435165,-0.1849036105054034,-1.070985694825554,0.6388511114599184,0.42675661209720184,-0.013949507756325962
6192.TW,2026-10-08,巨路,上市,其他電子業,-0.07146113320973121,-0.6390722510122329,0.5631035354495525,0.19265337857027348,-0.30641441094706784,0.2107545076945737,-0.22790426439184583,-0.27044112360085754,0.42183958300671004,-0.01410468649340284
1314.TW,2026-10-08,中石化,上市,塑膠工業,0.23495769677712375,1.0955944248034002,0.25560420138694473,0.10684774810199203,0.007202173029350518,-0.1967551502354267,-0.5512425371261002,-0.9787139166722936,-0.10107157902295096,-0.014175215439773367
4911.TWO,2026-10-08,德英,上櫃,生技醫療,1.006113754177562,-0.6390722510122329,0.631645032690013,-0.8834960044315584,-0.424060076422077,-0.5901900556486932,-0.8185541542737811,0.7751432035829787,0.8072084546180904,-0.015029121857744274
4128.TWO,2026-10-08,中天,上櫃,生技醫療,0.9343378602794493,0.5173721995315225,0.4321898750945904,-0.9467791236905432,-0.434418233321026,-0.4636520009660242,-0.3514014801504208,-0.17363000922535585,0.337439386415712,-0.016504614003566218
1231.TW,2026-10-08,聯華食,上市,食品工業,0.9322096539421637,0.5173721995315225,0.8267777588495401,-0.9598230557147568,-0.2467624029592553,-0.7394427076658219,-0.28069092284463876,-0.8000508388530183,0.5931536691252406,-0.017472960732113796
4590.TW,2026-10-08,富田-創,上市,電機機械,-0.26905726317007334,-0.6390722510122329,0.41283304178666275,-0.21437450588378376,0.327221053836982,-0.16161835020818582,0.20371160461638488,0.20966035286483883,-0.027332072327727684,-0.017558709944126113
6661.TWO,2026-10-08,威健生技,上櫃,生技醫療,0.477428273301528,,-0.6853965174475586,-0.6628820195246553,-0.4109572117802352,-0.30672316605020195,-0.6103431519362383,1.698545179347424,0.35727321919925775,-0.01788192436133495
3556.TWO,2026-10-08,禾瑞亞,上櫃,半導體業,-1.085947510320705,-0.06085002574035522,-2.0859576736264716,1.0761837930014864,1.4264904966747878,0.8995093350217797,-0.02671633753286609,0.3026081741474211,-0.611146173700952,-0.018425102452874962
6667.TWO,2026-10-08,信紘科,上櫃,其他電子業,0.34553987131853947,0.5173721995315225,-1.4514036348698518,-0.24848548005682053,0.2572582841786591,0.5798308419468109,0.2567431802443868,-0.4306280395205056,-0.0037973621319404,-0.019730015484355518
1799.TWO,2026-10-08,易威,上櫃,生技醫療,1.3286685036480954,0.5173721995315225,0.15002058843853525,-1.3054594524568808,-1.1276112304184398,-1.0529029958386682,0.37225066331431084,-0.020649805383558758,0.9559052486919193,-0.020267364497018207
3152.TWO,2026-10-08,璟德,上櫃,通信網路業,-0.0004008673310827329,0.5173721995315225,0.2347129467305353,0.07874883797338765,-0.2475117215263468,0.07842197787799327,0.002388932081336927,-0.19553709880810238,-0.6531349380753679,-0.020548859060680467
5009.TWO,2026-10-08,榮剛,上櫃,鋼鐵工業,-0.16831390984646563,1.0955944248034002,-0.10608422371932807,-0.20912805500756582,-0.19711477030209973,-0.8875437098369386,-0.003980293670920351,-0.6585344050967202,0.9479897109558477,-0.020790581302310054
3041.TW,2026-10-08,揚智,上市,半導體業,-1.3026524216351343,1.0955944248034002,0.6654739923896054,-0.4622303286278397,-0.1663953831799511,-1.0279782032009654,0.898820297745289,0.4311705667847619,-0.3193947990147177,-0.020843539326172427
1789.TW,2026-10-08,神隆,上市,生技醫療,1.135356592203783,0.5173721995315225,0.3295067683476987,-0.896682293070725,-0.5443169324719348,-0.39329379029046446,-0.7048882835830853,-0.47918951801067616,0.8446884760987847,-0.021271864582788562
6614.TW,2026-10-08,資拓宏宇,上市,數位雲端,0.487748322877556,-0.06085002574035522,0.395404285184038,-1.1687170986116167,-0.6117276424422341,-0.84686479080013,-0.10445532867943631,0.5381311857713869,1.164268288686453,-0.023006978194926475
3686.TW,2026-10-08,達能,上市,半導體業,0.08685880961919011,-0.6390722510122329,0.547909394124699,-0.5202507938663476,-0.632051150952084,-0.2656281382162851,-0.0436503577132828,1.070962535533703,0.18404441533658383,-0.02343083746067295
4806.TWO,2026-10-08,桂田文創,上櫃,文化創意業,0.3466060244792316,-0.6390722510122329,0.869902201259674,-1.0410405933665152,-1.0885143848231273,-0.9302369711793418,1.2081162985542888,1.3209082699134287,-0.25786727250253033,-0.02346651985301384
9938.TW,2026-10-08,百和,上市,其他,0.5721336759764242,1.0955944248034002,0.12336012128037381,-0.7004598619729064,-0.7029221750709085,-0.7895290605175804,-0.3676907272630325,-0.3280368527011128,0.8840725275997389,-0.02371976976284483
4413.TWO,2026-10-08,飛寶企業,上櫃,紡織纖維,-0.1727330039537543,-0.6390722510122329,0.11022731793701673,0.24714815689690656,0.16669663316015657,0.023945704336542254,-0.7737228418400082,1.4643660180273135,-0.6439608621562892,-0.024122792067149883
6284.TWO,2026-10-08,佳邦,上櫃,電子零組件,0.0756791636205833,0.5173721995315225,0.31497343005616835,0.295182215709261,-0.26300559550161245,0.08600259319624076,-0.3468698315321365,-0.32648802541149363,-0.5717775871286093,-0.02432571527334178
6015.TWO,2026-10-08,宏遠證,上櫃,金融保險,-1.9864787376986377,-0.06085002574035522,0.20933634809048,1.120306288816962,0.7612466889516962,-1.2176917177003856,0.8742758953506418,-0.03842034927710374,0.11652112380871277,-0.02463938726644327
6024.TW,2026-10-08,群益期,上市,金融保險,-0.16866001114147913,-0.6390722510122329,0.869902201259674,0.6223933341584966,0.1645740339150464,-0.843973001536563,-0.27279848603769913,-0.5010263374740889,0.5468289117699195,-0.024647956233214044
1533.TW,2026-10-08,車王電,上市,汽車工業,-0.17284881217966985,-0.6390722510122329,0.4805642108933507,-0.29937295447777645,-0.2648995095513756,-0.4091101862710865,-0.1668479484961618,0.5123324166471626,0.7251312968381907,-0.026013748623288795
6923.TW,2026-10-08,中台,上市,綠能環保,0.5325881970292398,-0.6390722510122329,0.869902201259674,-0.8119206671268148,-0.46429880953402236,-0.7764014402371391,-0.17484445588014977,0.021603768458171694,1.2067448580863829,-0.026188733217432276
8076.TWO,2026-10-08,伍豐,上櫃,電腦及週邊設備,0.06619473011371098,-0.6390722510122329,0.4810775101380477,-0.35539438408101276,-0.7417697147247935,-0.31914541228436855,0.7358337138178452,0.05798712213073806,0.47590528649724473,-0.02648704437831341
4157.TWO,2026-10-08,太景*-KY,上櫃,生技醫療,0.6405933264215086,0.5173721995315225,-2.1948538796291337,-0.19047585235238118,-0.6837002336251068,0.5618349385757658,1.1484468353148518,0.021311597726953145,-0.06116569278062483,-0.026737417868516102
8467.TW,2026-10-08,波力-KY,上市,運動休閒,1.4455252059799661,1.6738166500752778,0.0036763139286515316,-1.1413668508791954,-1.2855120325176694,-0.7412511935253222,-0.5734425982779653,0.2738645551138672,0.10314437861898527,-0.026838396831489378
6658.TW,2026-10-08,聯策,上市,其他電子業,-2.5813703354259214,0.5173721995315225,-3.0063809417643155,1.8682119572209184,2.935553322533136,0.6599937362502392,0.5592356113486275,-0.10936475105148012,-1.0876825846115594,-0.02715908732987033
8271.TW,2026-10-08,宇瞻,上市,半導體業,-1.0939609763856055,-0.6390722510122329,0.6191973213626032,0.7697745805815726,-0.17090942663620237,-0.04862123380586688,1.1907447669586582,-0.8067663227320158,-0.07105066264942941,-0.02785157825761321
1414.TW,2026-10-08,東和,上市,紡織纖維,0.43265878517638157,-0.6390722510122329,0.190244848602027,-0.27867872836884955,-0.36531232988090206,-0.2129392701518138,-0.38898500284977383,0.40219387790429656,0.6031914921389826,-0.028522064271320487
8936.TWO,2026-10-08,國統,上櫃,其他,-0.18597778071166485,-0.06085002574035522,0.29179397529949347,-0.13691745185713283,-0.15600897047451726,-0.24469245305598536,-0.23351780422518936,-0.4061295206647185,0.874138157751502,-0.02868465263095199
4906.TW,2026-10-08,正文,上市,通信網路業,-0.8452099519700372,-0.06085002574035522,-0.2499116632418574,0.927108923285369,0.5691726123489163,0.7482338719840006,0.1446746925450936,-0.6152056334250613,-0.8783691951378202,-0.028928485483527985
1905.TW,2026-10-08,華紙,上市,造紙工業,-0.2385110850756115,0.5173721995315225,0.205980167281954,0.07508399260664972,0.08327538865273774,-0.5481720133583163,-0.32599227045275897,-0.4380251567035054,0.40853451715228456,-0.02893936226278263
2885.TW,2026-10-08,元大金,上市,金融保險,-0.9400316439869681,-0.6390722510122329,-0.387375207851306,2.1948611142459815,1.4892156827650775,0.26834465475362945,0.16063013280870075,-3.000242302443997,0.5862509123096599,-0.029713212045717197
4729.TWO,2026-10-08,熒茂,上櫃,光電業,0.48629308790578885,-0.6390722510122329,0.6993745870743961,-0.5515870072930265,-0.33511121754897827,-0.5273243926888458,-0.1778002735972598,0.9112960752226714,-0.13513918093747757,-0.029896730319440488
3373.TWO,2026-10-08,熱映,上櫃,其他電子業,0.6678180931426405,-0.6390722510122329,-1.8805201147766424,-0.4160406222578421,0.03606362552490874,0.4340293719150435,-0.43742682910997904,1.2519355443185956,0.7113548234888694,-0.03020648430740426
1603.TW,2026-10-08,華電,上市,電器電纜,0.1676972825289138,-0.6390722510122329,0.6488852112568069,-0.5289527784384646,-0.3007768603523538,-0.3873855448951223,-0.16298576523526787,0.09697979246915793,0.8322372522805055,-0.03037485126645081
1216.TW,2026-10-08,統一,上市,食品工業,0.5714528791532218,0.5173721995315225,0.04941207836620952,-0.15314619258018192,0.1420403519687371,0.3039490617658296,-0.3074642796599341,-2.5186906800573854,1.1195063941068808,-0.030618687489455572
6128.TW,2026-10-08,上福,上市,電腦及週邊設備,0.30037630845768626,-0.6390722510122329,0.607446208008319,-0.7458468014555353,-0.5614145329839021,-0.6734910713831677,-0.2973683692485047,0.6304851689084439,1.1002115753525497,-0.030963751706260423
5530.TWO,2026-10-08,龍巖,上櫃,其他,-0.07038796391024905,0.5173721995315225,0.5539663523483302,-0.3950451753565693,-0.16929361102626764,-0.7586437942022368,-0.23539774490272444,-0.6571474958921693,0.9340185035087835,-0.031173192211286695
6560.TWO,2026-10-08,欣普羅,上櫃,光電業,-0.16562678064563355,-0.6390722510122329,-1.6575798527776173,-0.6815872681325275,-0.7600646322091295,-1.028050950532689,3.647682094588761,1.1177780222797578,-0.11611530416612892,-0.031404102511937766
6792.TW,2026-10-08,詠業,上市,通信網路業,-0.220089407118953,-0.06085002574035522,0.02723194202525286,-0.01675462654670192,0.1581896250635146,-0.20166003489846432,-0.2071526356771229,0.5188408407429693,-0.2872724030680963,-0.03216852502421743
3704.TW,2026-10-08,合勤控,上市,通信網路業,0.06291531681069566,-0.6390722510122329,0.45049577746228214,0.09445600154062692,0.22410796656636214,0.00801256459068795,-0.09725359863992843,-0.5235486852915411,0.12255330856408171,-0.033037066600996215
8234.TWO,2026-10-08,新漢,上櫃,電腦及週邊設備,-1.2645065055165003,3.9867055511627885,0.00014162188895650246,-0.6429957988333195,-0.44777026842387596,-1.2897478613291575,0.07431718615648583,-0.1606852085724036,-0.5573253251176983,-0.033540734287191586
5213.TWO,2026-10-08,亞昕,上櫃,建材營造,0.6448975403516458,-0.6390722510122329,0.869902201259674,-0.36005442726308545,-0.677341982188255,-0.16837582235904175,-0.5796157797905289,-0.452796287611598,1.0602605856503167,-0.03357735810701174
6612.TWO,2026-10-08,奈米醫材,上櫃,生技醫療,0.3841643782603978,-0.6390722510122329,0.869902201259674,-0.7317936981970249,-0.12298686119602388,-0.5425047864419221,0.05491107231811427,0.3682215021088308,0.04827423490422943,-0.034542689777328606
6921.TW,2026-10-08,嘉雨思-創,上市,半導體業,-0.6242797791110365,-0.6390722510122329,0.869902201259674,,-0.3966218790354379,,0.05147280154454107,0.7170686964948019,-0.22135903917744937,-0.034698464148162834
6965.TW,2026-10-08,中傑-KY,上市,運動休閒,0.5043231299117192,1.6738166500752778,-0.6789684700548281,-0.5913806819187895,-0.615675797478517,-0.692504367386532,-0.31933724046200856,-0.2452407550150387,0.6485125352200436,-0.035161666345408134
8087.TWO,2026-10-08,麗升能源,上櫃,綠能環保,1.2904069811205234,-0.6390722510122329,0.3005052296491531,-0.5466762241507291,-1.0881477931185202,-0.2614782610348491,-0.2599105925531332,1.2504749971900146,-0.363469741363961,-0.03526307280819271
3313.TWO,2026-10-08,斐成,上櫃,建材營造,0.7371264763277086,0.5173721995315225,0.7068217088481357,-0.96014681105915,-0.72733961025485,-0.9702926069969801,-0.2761706012621125,0.6703022793659108,-0.022873263355242673,-0.03613335876167308
3167.TW,2026-10-08,大量,上市,電機機械,-1.4121882277589444,2.8302611006190332,-0.46565712834491835,0.7821161455252494,-0.15650390136461725,1.037015349102733,0.9821887182509581,-1.5958620565971526,-2.328625413753578,-0.03636171270235961
2882.TW,2026-10-08,國泰金,上市,金融保險,-0.27923159439231676,-0.6390722510122329,0.565879993963676,1.5927174343126005,1.586941109673413,0.24976276357181632,-0.9407333459901891,-3.0763720142865325,0.6107861842759706,-0.03659130220931052
3149.TW,2026-10-08,正達,上市,光電業,-1.2739301290863,-0.6390722510122329,-0.48653598957616584,1.0481916160329723,1.7381416082885222,0.8159991411991936,-0.17364343000258603,-0.7062663017329412,-0.6524643598665778,-0.036620010639568434
4938.TW,2026-10-08,和碩,上市,電腦及週邊設備,-0.6639197970937415,-0.6390722510122329,0.5686054908719137,0.7759449371871023,0.8079383282508961,0.3592554153836494,-0.04534515525226164,-2.164091957676718,0.6518922762735392,-0.03875474589642812
3024.TW,2026-10-08,憶聲,上市,光電業,-1.1392936400486908,1.0955944248034002,0.5007309595263731,0.03558770851364809,0.7477539543280184,-0.8611351319075253,-0.7216508918949547,0.3508946206458408,-0.369789574229377,-0.04014528558480747
2379.TW,2026-10-08,瑞昱,上市,半導體業,-0.596356750935877,-0.06085002574035522,0.5072090416784787,0.43448983055351587,1.36334138300532,0.4531804162830662,-0.0974706601541499,-2.4537402685243004,0.08358639796313437,-0.04073451509679639
4557.TW,2026-10-08,永新-KY,上市,汽車工業,0.5001162953819136,-0.6390722510122329,0.8029820004928198,-0.9348259512306971,-0.6394750165765092,-0.7933107796207587,-0.30376757499749024,0.638097420083468,0.9951512547800409,-0.041567178077716226
3693.TWO,2026-10-08,營邦,上櫃,電腦及週邊設備,-0.47413649607831754,-0.6390722510122329,-1.8156272965216491,1.53936754127048,-0.4021679870140196,2.008661749818922,1.1380995467658064,-0.9297242926651359,-0.8168528391783847,-0.04349470273494793
2530.TW,2026-10-08,華建,上市,建材營造,1.5698301213301755,0.5173721995315225,0.5305629754681989,-0.8840873040617768,-0.7285217297780214,-0.2635598813881223,-1.070985694825554,-0.5464862398703172,0.4807943512143885,-0.04389791137550071
3652.TW,2026-10-08,精聯,上市,電腦及週邊設備,-0.8741913504595894,0.5173721995315225,-0.16453418296555272,0.1412208303183149,0.6933094567241808,-0.09065274161990516,-0.0811540936822534,0.5816654878332752,-1.1299804826768522,-0.04521609744409551
1584.TWO,2026-10-08,精剛,上櫃,其他,0.5015472583527575,-0.06085002574035522,0.869902201259674,-0.7293629292088818,-0.7834566792297368,-0.807654276605996,-0.29245378921037185,0.3095324071979543,0.584595184300841,-0.04535562765379056
6952.TW,2026-10-08,大武山,上市,其他,0.3330285142126632,-0.6390722510122329,0.6971827155127461,-0.5443460767855646,-0.22606472876856043,-0.5806157939877927,-0.19245283728531046,0.578257405040218,0.1643738881118709,-0.0455232405513292
6971.TWO,2026-10-08,惠民實業,上櫃,綠能環保,0.7338498427071506,0.5173721995315225,-0.4166933604560696,-1.1624269362977528,-0.6879298251303811,-1.1533686366566724,-0.2644682853562173,1.2101462660100324,0.8120974765042629,-0.04571347323823611
1476.TW,2026-10-08,儒鴻,上市,紡織纖維,0.8123282983329194,2.2520388753471554,-0.6005621111332614,-0.6140199855679621,-0.6499508261441173,-0.478292876198272,-0.35000158770431655,-1.532112163057849,0.7469615377494949,-0.045956759819578745
5351.TWO,2026-10-08,鈺創,上櫃,半導體業,-1.3426910412116364,-0.6390722510122329,-1.1242891265060897,0.9197828125338652,-0.40643590104902055,0.22111711573939583,4.200849579964692,-1.0379609160150411,-1.2084983596520373,-0.04635534302312272
4903.TWO,2026-10-08,聯光通,上櫃,通信網路業,1.2134648534152224,-0.6390722510122329,-2.4895431893611186,0.2147431283088198,-0.01580473462743141,2.3720078595110623,-0.7878368368838662,0.21399812926784645,-0.5037567422006974,-0.046866642620266186
3141.TWO,2026-10-08,晶宏,上櫃,半導體業,-2.022018429749437,-0.6390722510122329,-0.16377269690685836,2.338994046272427,1.711979049833237,-0.009755765282119843,0.34934340477645565,0.08634559049093433,-2.0935123794824126,-0.049052159006667435
1786.TW,2026-10-08,科妍,上市,生技醫療,0.9719692124472314,1.0955944248034002,0.5011819600809452,-1.139226280606664,-1.143164848430383,-1.0870980441037568,-0.5367499244773146,0.48149203360171533,0.41407320834919037,-0.04910313981507061
6130.TWO,2026-10-08,上亞科技,上櫃,生技醫療,0.961199715214074,-0.6390722510122329,0.6493702456125067,-0.8776609441472908,-0.8254297515288495,-0.7328414808961502,-0.32828299176365433,1.0981622825674602,0.2478857514802638,-0.04962993605265255
1528.TW,2026-10-08,恩德,上市,電機機械,-0.6207120822458059,0.5173721995315225,0.869902201259674,-0.5455807162431546,-0.17227726041799873,-0.2627830382334877,0.2721251338532673,0.25378000998687156,-0.7612675591186941,-0.04993790129197842
6020.TWO,2026-10-08,大展證,上櫃,金融保險,0.05319582444022581,-0.6390722510122329,0.7064249102323675,0.11698439114454365,0.01897425141300254,-1.0831207339989564,-0.6314195254693843,0.17350366186867203,0.833241824329139,-0.05014307189473588
6863.TW,2026-10-08,永道-KY,上市,通信網路業,1.278759152371184,-0.6390722510122329,0.6940150080334563,-0.7014034142404686,-0.057759110165157806,-0.4126322904355304,0.34183178805879244,-0.024431245040355223,-0.935060724295731,-0.05063923185844922
2630.TW,2026-10-08,亞航,上市,航運業,0.24881822607129492,0.5173721995315225,0.869902201259674,-0.46549201640383686,-0.459358477129557,-0.8488013996459085,-0.5756278570680501,-0.1946156560423052,0.43769769187810037,-0.052233898616562864
6752.TWO,2026-10-08,叡揚,上櫃,資訊服務業,0.1886901946150738,-0.6390722510122329,0.7651367229465931,-0.6887849044146561,-0.6029284589103253,-0.537575198013236,-0.2416962910054823,0.37586519399539814,0.9064024285096538,-0.05266250703213487
2614.TW,2026-10-08,東森,上市,其他,1.0567257307326796,-0.6390722510122329,0.869902201259674,-0.5527903449157822,-0.9083252218462786,-0.6057197353181414,-0.3959905902812514,0.1913950109888053,0.4883536209344326,-0.05505795327312165
2947.TWO,2026-10-08,振宇五金,上櫃,居家生活,0.09702463000198035,0.5173721995315225,-0.12467154645918924,-0.8123829165700531,-0.7710767296089079,-0.7663177412486113,-0.32510045669860815,0.9596956385108266,0.7269496299444804,-0.05538969917739554
3577.TWO,2026-10-08,泓格,上櫃,電腦及週邊設備,-0.5807765997927581,-0.6390722510122329,0.869902201259674,-0.01704054730771785,0.3766716400735705,-0.37777289050095725,-0.04588275016226433,0.008697469604564393,-0.09630014027318923,-0.05573042979014563
5245.TWO,2026-10-08,智晶,上櫃,光電業,-0.3419422978450711,-0.6390722510122329,0.869902201259674,-0.39053693897715,-0.7872695611201022,-1.1367919037030665,0.0631353768714551,1.2387068392516918,0.618778899941403,-0.05612107059259985
2002.TW,2026-10-08,中鋼,上市,鋼鐵工業,0.784461253311055,-0.06085002574035522,0.7812638372939522,-0.13707586313924375,-0.17369010292720644,-0.1533628040528537,-0.22810939211686898,-2.296285907856991,0.9756697898217211,-0.05644213504519899
6221.TWO,2026-10-08,晉泰,上櫃,資訊服務業,0.7774237581540507,-0.6390722510122329,0.25909479570991656,-0.9857029734758276,0.03569751798990239,0.08827632603084443,-0.15458810135938442,0.19437230864018024,-0.08841181934542192,-0.05699004874088582
1623.TW,2026-10-08,大東電,上市,電器電纜,0.022384552026954992,-0.6390722510122329,0.869902201259674,-0.2665324709930812,-0.2523796158375897,-0.3266825945903683,-0.4034626488820041,-0.37858476048120737,0.8590059697224838,-0.0572690687541523
6751.TWO,2026-10-08,智聯服務,上櫃,資訊服務業,0.41343516625920274,-0.6390722510122329,-2.417742809373885,-0.20452041623480652,-0.12934308485931698,0.9637175641776737,-0.11844648248517346,1.094316923611749,0.5214544101302424,-0.057355664420727454
8080.TWO,2026-10-08,泰霖,上櫃,建材營造,0.5943538311723646,-0.6390722510122329,0.3899818888590989,-0.8235006920290455,-0.3593974625119457,-0.7991039912241379,-0.6025989806883021,0.7834652670845621,0.9383059235443526,-0.05750738520058732
5465.TWO,2026-10-08,富驊,上櫃,電腦及週邊設備,0.3502024311679592,-0.6390722510122329,0.25816864690639585,-0.7290904611675554,0.5743805482321827,0.17104690225599417,-0.3779735099979644,0.21449389326897741,-0.3400694262104188,-0.057545914061851354
3419.TW,2026-10-08,譁裕,上市,通信網路業,0.5931846265848509,-0.6390722510122329,0.019411887597919505,-0.34884345798582417,-0.949033689730557,-0.060772189360382825,-0.21278367535897572,0.952686328449034,0.12583677310917862,-0.05770951641188772
6901.TW,2026-10-08,鑽石投資,上市,其他,0.9360861384191655,0.5173721995315225,-0.20747322178416477,-0.673821941718007,0.4384770973514593,0.036170465825370444,-1.070985694825554,-0.4792440982430928,-0.01986497927670074,-0.05814267052444463
5608.TW,2026-10-08,四維航,上市,航運業,0.3675428696162316,-0.6390722510122329,0.5734813029853196,-0.16122530909607202,-0.2644282264829355,-0.23791513518789928,-0.0018302971146641998,0.0416768801642627,-0.21037103878304986,-0.0591268005456711
3218.TWO,2026-10-08,大學光,上櫃,生技醫療,0.2918492894778919,-0.6390722510122329,0.744080276517322,-0.4133291194206493,-0.20775029072717538,-0.30300889704429423,-0.25916973174447133,-0.3007574731860882,0.5521976912480425,-0.05944005621018389
6177.TW,2026-10-08,達麗,上市,建材營造,0.7281241550767116,-0.6390722510122329,0.3118548130394454,-0.25383418131908536,-0.24900365729652837,-0.03319346567766158,-0.4156360431224578,-0.700121136678707,0.7062396851979839,-0.06051578686583689
6113.TWO,2026-10-08,亞矽,上櫃,電子通路業,-1.1545836208185898,-0.6390722510122329,0.7988763590522296,-0.02090997733462642,0.20035015861216268,-0.6807987742020226,0.7870376444194207,1.0410127517301802,-0.8852510565486058,-0.06148208512245382
2207.TW,2026-10-08,和泰車,上市,汽車工業,1.217300358456137,-0.6390722510122329,0.1523507586028036,-0.25109960217785016,0.05146480245043899,0.626821637318042,-0.24886811553706048,-2.2763573145188087,0.8064088086197261,-0.06233899086653386
2239.TW,2026-10-08,英利-KY,上市,汽車工業,1.1922904429533616,-0.6390722510122329,0.68378262519951,-0.985680581586801,-0.8574954720669884,-0.7330937978555888,-0.5782412463905785,0.7241004563099012,0.6301877861385836,-0.06258022647898148
6855.TWO,2026-10-08,數泓科,上櫃,其他電子業,0.02446234131803097,-0.6390722510122329,-0.3352800016536173,-0.1946286422410517,-0.25142816683599223,-0.26597559211670946,0.2186849790305471,0.5944191685746186,0.2843573964059755,-0.06271786317004792
3191.TWO,2026-10-08,雲嘉南,上櫃,電子零組件,0.6918363970011885,-0.6390722510122329,-0.32634021432855037,-0.6503396692143151,-0.8824760611591329,-0.7267719644287317,-0.18591595076363282,1.341280872402711,0.8111324647170679,-0.0629629307539587
3147.TWO,2026-10-08,大綜,上櫃,資訊服務業,-0.056937281994549005,0.5173721995315225,-2.622904915642852,-0.5488199337176829,0.41671751569645754,0.29679391744383327,1.678066838524779,-0.4088213093616773,0.14393643330898567,-0.06495517069013151
2743.TWO,2026-10-08,山富,上櫃,觀光餐旅,0.5441705920996068,0.5173721995315225,0.06844353467024382,-0.8847468754192505,-0.9491619009963544,-0.7132256437252422,-0.33484445710967103,0.6338892599686586,0.5194987426351483,-0.06651161648281535
8109.TWO,2026-10-08,博大,上櫃,電子零組件,-0.9343307381034609,-0.6390722510122329,0.4049270606893228,0.5289085983000722,0.9578389135960578,-0.26815422560203855,0.14485288875714566,-0.2956279521528417,-0.502004699210118,-0.06696248941534372
6228.TWO,2026-10-08,全譜,上櫃,電腦及週邊設備,1.0938170876302336,-0.6390722510122329,0.01580812440260748,-1.0041078419579832,-0.9486969928155286,-0.4777836548159314,-0.6784381161351366,1.5707459696298114,0.46495793685332576,-0.06697441535787049
2104.TW,2026-10-08,國際中橡,上市,橡膠工業,0.2892690048655397,-0.06085002574035522,-0.021986507535162604,-0.1834332065386362,-0.4083895721243963,0.18186160633883244,-0.3378178975198756,-0.3090532818886551,0.2378413098349836,-0.06806206336752502
6021.TWO,2026-10-08,美好證,上櫃,金融保險,-2.0535025966467964,-0.06085002574035522,0.22694674707383503,1.9555184191276096,1.038923060823711,-0.5946836517765955,-0.6489924464046537,-0.41057157552474,-0.0658657071426322,-0.0681197529122908
7738.TWO,2026-10-08,東聯互動,上櫃,數位雲端,0.7303504195670459,-0.6390722510122329,0.23203282329369784,-0.9043564396736601,-0.6653122260597836,-0.3935620072261749,-0.2081410434817807,0.27153628158104076,0.9559128067834141,-0.06895684846982593
2439.TW,2026-10-08,美律,上市,通信網路業,0.7204354444425688,1.0955944248034002,-0.6936695200617349,-0.6129258237940155,-0.3265156455405131,-0.3350730053004264,-0.3981777660564799,-0.651502477528243,0.5713661780980198,-0.07005202121526934
2528.TW,2026-10-08,皇普,上市,建材營造,0.9128123660009918,-0.6390722510122329,0.869902201259674,-0.5315156573217827,-0.625104881468257,-0.342831235423159,-1.0005920339154886,-0.10035481267488074,0.822413784214609,-0.07048250226005848
3311.TW,2026-10-08,閎暉,上市,通信網路業,0.2784952231773754,-0.6390722510122329,-2.4783821280616825,-0.3060388598874701,1.0558054162352888,0.9510881061845369,0.5621027392331197,0.23324531496248324,-0.29462820199880474,-0.07082051568526514
2460.TW,2026-10-08,建通,上市,電子零組件,0.03873244742654237,-0.6390722510122329,0.4792685954980485,-0.036020325940652034,-0.6953803095453778,-0.16329288935136557,0.3137197687396006,0.17699456680237355,-0.11322565417653128,-0.07091956128439939
3264.TWO,2026-10-08,欣銓,上櫃,半導體業,-3.104901471462261,-0.6390722510122329,0.0636353075106837,3.641636530059928,2.5243631787208773,0.9077275460114166,0.062365779916849766,-1.7690224533833545,-2.32819072710021,-0.07127317341536703
6236.TWO,2026-10-08,中湛,上櫃,數位雲端,0.7671570092764265,,0.869902201259674,-0.9865795474432628,-0.7743348833785343,-0.6688446355481744,-0.273764728336044,1.3885695565836438,-0.9073262245235197,-0.07315265651372388
2072.TW,2026-10-08,世紀風電,上市,綠能環保,0.7828176536955384,1.6738166500752778,0.3470313233420432,-1.1648117612838869,-1.2668833479201584,-1.181693811683146,0.3931217158730153,-0.7899011186917846,0.5412259565741376,-0.0739196377798848
5906.TW,2026-10-08,台南-KY,上市,貿易百貨,0.808296932884207,-0.6390722510122329,0.869902201259674,-0.7669510220175992,-0.7484650332064224,-0.8072140691712492,-0.3889639166583505,0.9584932612525111,0.04729509058210256,-0.07407542289859552
1582.TW,2026-10-08,信錦,上市,電子零組件,0.6647127397308465,-0.6390722510122329,0.49190408278030595,0.13452954149740934,-0.7755700740802226,0.24908224596349887,-0.3264302524025829,-0.24349648329683907,-0.22763459923352528,-0.07466389445037133
3289.TWO,2026-10-08,宜特,上櫃,其他電子業,0.08412195473567935,1.0955944248034002,0.5137772481903298,-0.5437924501262501,-0.8830104042591655,-0.4352864390682155,-0.40853355329117075,-0.35715185870868593,0.2602523565112816,-0.07489208013475518
6028.TWO,2026-10-08,公勝保經,上櫃,金融保險,0.32338995598728565,2.2520388753471554,-2.4236717111136525,-0.4667962835848513,0.18512002066867234,-1.1728370828214112,0.05903446224578983,0.5393715781354065,0.02689489292453839,-0.07527281024567412
6884.TWO,2026-10-08,海柏特,上櫃,資訊服務業,0.26274610340690246,-0.6390722510122329,-0.434735557294624,-1.0366560658848019,-0.2288998697571319,-0.8272078722620336,0.5347128453077327,1.4958177295450592,0.192671640877877,-0.07562481078591701
7712.TWO,2026-10-08,博盛半導體,上櫃,半導體業,-0.47602290990386603,-0.6390722510122329,0.47583236071764623,0.036388672558638625,0.8120251958528724,0.15510063890175188,0.1395216721610788,0.11985471555939194,-1.3050722792926701,-0.07571602049526545
3036.TW,2026-10-08,文曄,上市,電子通路業,-0.3763316456882993,-0.6390722510122329,0.6338755930193373,1.0246535305919444,-0.5412999122783493,1.343062309974361,0.5087667448416955,-2.2443447682912554,-0.40240116795490855,-0.07701017408863411
3713.TWO,2026-10-08,新晶投控,上櫃,綠能環保,1.2467742655941731,-0.06085002574035522,-2.4895441386401647,-1.057136785192384,-0.60294761123779,-0.6377685011376962,1.2572562798823719,1.0110186678100315,0.63885243366712,-0.07714949055496595
1515.TW,2026-10-08,力山,上市,電機機械,-0.31658510042757837,0.5173721995315225,0.7511934275333262,-0.08053877700256613,0.22289608414938195,-0.2295294239623038,-0.4058432677635716,0.18226094783873167,-1.3411574783479685,-0.07777015427233624
6499.TWO,2026-10-08,益安,上櫃,生技醫療,0.7992551870604238,0.5173721995315225,0.4050739240802989,-0.7118013567181445,-1.1220349936005987,-0.06607758987960957,-0.08508982166808766,-0.07772052244903582,-0.36059708329164797,-0.07795778410387542
4999.TW,2026-10-08,鑫禾,上市,電子零組件,0.41599463832201344,-0.6390722510122329,0.48922704222330204,-0.713513517427565,-0.7234256280090462,-1.0845937295489696,-0.5730807321867183,1.0051659899933783,1.1164574320044842,-0.07853786173792823
6164.TW,2026-10-08,華興,上市,光電業,0.08466154018200277,-0.6390722510122329,-0.9964557840381749,0.23584350719262426,-0.19826527628832355,0.45969843609253697,-0.44443916540126316,1.1508225285222828,-0.3599607216208518,-0.07857413181904437
6986.TWO,2026-10-08,和迅,上櫃,生技醫療,0.6349206837263537,-0.6390722510122329,0.7171995555374958,-0.9089904269465011,-0.8553757941917322,-0.5777584515271715,-0.29843096938491664,0.6647906811437828,0.5551623290553289,-0.07861718262217703
2724.TWO,2026-10-08,藝舍-KY,上櫃,其他,1.6150015310639236,-0.6390722510122329,-1.963365553724647,-1.1242881586534292,-1.0690511139338574,-0.18462321933057554,1.6281529076446544,1.3202754794464648,-0.2907794877110409,-0.07863887402341554
3062.TW,2026-10-08,建漢,上市,通信網路業,0.07134910460625347,0.5173721995315225,0.2659575384634516,-0.413585256792001,-0.4542551967040435,-0.3790029994721569,-0.03993125838894503,-0.03860503399879207,-0.2418914058644687,-0.07917692317990885
2891.TW,2026-10-08,中信金,上市,金融保險,0.1352943572338241,-0.6390722510122329,0.32081087347265713,1.2361473455625693,0.8633359250368517,0.4058272602987756,-0.6169733628887814,-3.0763720142865325,0.639817146613387,-0.08124274666327574
7642.TWO,2026-10-08,昶瑞機電,上櫃,電機機械,-0.10816102647814142,1.0955944248034002,-0.422192179748325,-0.7176865108960792,-0.38735254753499715,-0.8974420374636968,-0.39834368812457027,0.7555679381259222,0.3441464111801774,-0.0817632462373678
2515.TW,2026-10-08,中工,上市,建材營造,0.10717644755981211,-0.6390722510122329,0.019411887597919505,0.2766878112077241,-0.7413279177112905,0.3421642157286069,-0.09093126064908418,-0.655641031546544,0.6400631469201783,-0.08238543910054563
3609.TWO,2026-10-08,三一東林,上櫃,電子零組件,0.9124339010675162,2.2520388753471554,-0.3770540918066988,-1.3542938758966734,-0.5253382325173713,-1.2201847219129498,-0.3410195254092295,1.1968447534005582,-1.289935818819544,-0.08294541517191521
2524.TW,2026-10-08,京城,上市,建材營造,1.2204479606033527,-0.6390722510122329,0.869902201259674,-0.8048978433838428,-0.5741395892348322,-0.42697524620544935,-0.21867921158609752,-0.35521466854152667,0.18134321300671968,-0.08303171501047056
3002.TW,2026-10-08,歐格,上市,電腦及週邊設備,0.033572037226359326,0.5173721995315225,0.4380968980663208,-0.7063575734484098,-0.39460867849641956,-0.5135666542194194,-0.1569247878698263,0.7797064934304063,-0.7536943538776963,-0.08404493551746249
5603.TWO,2026-10-08,陸海,上櫃,航運業,1.0732135971298478,-0.6390722510122329,-0.7416388995809853,-0.7885887157553068,-0.7504382459191324,-0.555825411808863,-0.24790362706848726,0.9407318882147943,0.9515120156666282,-0.08422329445930417
6204.TWO,2026-10-08,艾華,上櫃,電子零組件,-1.1560489731342156,-0.06085002574035522,-0.8982269516986345,0.9125154995762461,1.9148450894197637,0.45885150027703486,-0.19304898118894193,0.5982999011213214,-2.3346709439878564,-0.08425932059507085
2845.TW,2026-10-08,遠東銀,上市,金融保險,0.7953097277236878,-0.6390722510122329,0.4777500517600701,0.08196337814394085,-0.05418918386547984,-0.6280207514755369,-0.2964468897664968,-1.3565519016070293,0.8593327627627623,-0.08443611748181275
6190.TWO,2026-10-08,萬泰科,上櫃,通信網路業,-1.2192325740940466,-0.6390722510122329,-1.6923836494433302,1.3486140586201827,1.2624135179308167,0.8435113903850353,0.28063237244769257,-0.44457852115513213,-0.5005703758069163,-0.08451844801421457
6112.TW,2026-10-08,邁達特,上市,資訊服務業,-0.10113253320473772,0.5173721995315225,0.644688557878043,-0.315405663484213,-0.24639826158761877,-0.2941283230621165,-0.1778149739316285,-0.12796239109595903,-0.6600387722632312,-0.08453557346888213
1455.TW,2026-10-08,集盛,上市,紡織纖維,0.7082091837900387,-0.06085002574035522,-2.110251332477766,0.08843450264860904,0.12822737474583035,0.6286265274666718,-0.3471100638161302,0.14177623809678533,0.06047707428087408,-0.08471783566727138
1565.TWO,2026-10-08,精華,上櫃,生技醫療,0.5114821361449784,-0.6390722510122329,0.45040689313527954,-0.7687122974894816,-0.41445497235011064,-0.5859539032767261,-0.4479879149589921,0.2046233070190644,0.9271517895442656,-0.08472413480488392
2316.TW,2026-10-08,楠梓電,上市,電子零組件,-0.6131378760575458,-0.6390722510122329,0.003569579036549399,0.9196968654120926,1.327681157999081,0.5971998194447635,0.18871304926523955,-0.922119753286383,-1.6262297001298527,-0.08485545659203202
6835.TW,2026-10-08,圓裕,上市,電子零組件,0.74927470209684,-0.6390722510122329,-0.3723360207016011,-0.5505952152789818,-0.5689948939359872,-0.47232683758490673,-0.41312621920046455,0.7167202713345922,0.7857875099755488,-0.0849632171452437
6160.TWO,2026-10-08,欣技,上櫃,電腦及週邊設備,0.48087494620465393,-0.6390722510122329,0.6273443618956573,-0.7781681269559642,-0.6743833703503865,-0.6726116455527179,-0.6845779013468184,1.2024954468773141,0.36565054892801646,-0.08582755459027533
3128.TWO,2026-10-08,昇銳,上櫃,光電業,0.1926905920973167,1.0955944248034002,0.36724010643849925,-1.0155836364457724,-0.8144180289583419,-1.361096370959451,-0.5929770211533996,1.1667496199450824,0.18795107587643456,-0.08598324870624796
6124.TWO,2026-10-08,業強,上櫃,電子零組件,-0.5889119020110442,0.5173721995315225,0.5611296556355091,-0.1583797063064665,-0.7145465175882023,-0.8663338667995072,-0.29143324629767287,0.1931489462863555,0.5710354926132818,-0.08632432721513603
2545.TW,2026-10-08,皇翔,上市,建材營造,0.0098298738433759,0.5173721995315225,0.5189168995849252,-0.4687921590300554,-0.14690870598329955,-0.6588146256857927,-0.9940797263187862,-0.386335470070752,0.8302819782389047,-0.08650330398777306
4555.TW,2026-10-08,氣立,上市,電機機械,-0.9975037371633421,-0.06085002574035522,0.5116669023256422,0.014887659714770563,0.33461619051469726,-0.5253736292726127,-0.11948858052869767,0.520040629709601,-0.461238829118372,-0.08702704661762985
6649.TWO,2026-10-08,台生材,上櫃,生技醫療,0.9395513560448795,-0.6390722510122329,0.45171683203267304,-1.1850046268462886,-0.3629241307601671,-0.927079571757493,-0.6241303128876806,0.9127844447422924,0.6468524282397654,-0.08747842580047241
2035.TWO,2026-10-08,唐榮公司,上櫃,鋼鐵工業,0.6925464788834376,-0.6390722510122329,-0.2624946090912522,-0.28001406536207263,-0.240178860934932,-0.25359885526353176,-0.578374186437858,-0.20803807930562326,0.9598926531112774,-0.0899257528236431
6101.TWO,2026-10-08,寬魚國際,上櫃,文化創意業,0.03132662348955624,-0.6390722510122329,-0.15758915036359794,-0.09090649354085654,-0.09128962342656632,0.3529258413623425,-1.0252263755995665,0.2646720060198595,0.536279360981876,-0.09098667356546508
6791.TWO,2026-10-08,虎門科技,上櫃,資訊服務業,0.9544086617157793,-0.06085002574035522,0.19801312313551542,-1.1225164925248687,-1.0727155110730133,-0.7970579039649166,-0.3178111317329586,0.7314648724361912,0.6679030026432125,-0.09101793390060157
2105.TW,2026-10-08,正新,上市,橡膠工業,0.3709086612171375,0.5173721995315225,0.5345153502266063,-0.4535030856391719,0.03945004709802063,-0.5297772882311397,-0.3001538150803355,-1.6207638527138546,0.621936490345173,-0.09111281036067134
8499.TW,2026-10-08,鼎炫-KY,上市,其他電子業,-0.7351583603195063,-0.06085002574035522,0.7368548590568703,-0.22737164958204226,-0.3396296282726626,-0.5499034371622288,0.44851827130335176,-0.2539755877360546,0.16051210904507068,-0.09122260548972856
2641.TWO,2026-10-08,正德,上櫃,航運業,-0.04194196421332747,-0.06085002574035522,0.6762734904801686,-0.4403840027884796,-0.3478489686125608,-0.8573504967024093,-0.6967317050258841,0.11638641222290642,0.8100814671747534,-0.09359619924502088
2464.TW,2026-10-08,盟立,上市,其他電子業,-1.688357136061604,-0.6390722510122329,-1.0629293933440713,1.9078158179612346,1.6928558591686829,0.37651712012143185,0.2969325804748307,-1.0803895231737943,-0.6468930421627468,-0.09372444089202994
6757.TW,2026-10-08,台灣虎航,上市,航運業,0.015526346383836305,0.5173721995315225,0.5511692466120456,-0.742417513040912,-0.0279975711399028,-1.1856563665111517,-0.14994230827965466,-0.7737256734558418,0.9507675809317018,-0.09387822877426186
6198.TWO,2026-10-08,瑞築,上櫃,建材營造,0.33246341762009096,-0.6390722510122329,0.869902201259674,-0.8815154247298719,-0.42973162339410054,-0.9836661520249994,-0.3402339006789595,0.4334068919439336,0.7918642183899343,-0.09406473584739235
6435.TWO,2026-10-08,大中,上櫃,半導體業,-2.5608320291530116,-0.6390722510122329,-1.053444396423982,2.9299523150572853,1.3782837166974455,1.0187047408005805,-0.11695932364546972,-0.21078325591494948,-1.5935805391289413,-0.09419233585814174
4127.TWO,2026-10-08,天良,上櫃,生技醫療,-0.7807463886072847,-0.6390722510122329,-0.51627731848588,1.5267100816462909,0.23105155160987795,-0.1282981717413735,0.012761699610351063,0.7981166537703226,-1.3545947129676243,-0.09448320624195033
4961.TW,2026-10-08,天鈺,上市,半導體業,-0.3587325194383449,-0.6390722510122329,0.5037501150884728,-0.11633316035209611,0.6881385803988912,-0.0639374680392755,0.09329909181337011,-0.6966790685508832,-0.26745986947605827,-0.09522517217423963
4543.TWO,2026-10-08,萬在,上櫃,電機機械,-0.49583739549667655,0.5173721995315225,-2.455724214549027,0.3645025344894398,-0.2456264200672176,0.6155189721717855,-0.10405213321187007,0.7395341530585628,0.204031630790044,-0.09558674147593742
4935.TW,2026-10-08,茂林-KY,上市,光電業,0.6149994726405524,0.5173721995315225,-0.5065002406887453,-0.7167086907205696,-0.27993351030466307,-0.6750585900248871,-0.4995290290287447,0.26936101443032356,0.41265704512248924,-0.09592670322696914
8147.TWO,2026-10-08,正淩,上櫃,電子零組件,-0.27577690578156794,-0.6390722510122329,0.511242551015459,0.3350777210914969,-0.23822636804337974,-0.04516872811807715,0.48948709470422785,0.10251628942675377,-1.1070820386664655,-0.09633362615375396
4178.TW,2026-10-08,永笙-KY,上市,生技醫療,1.6587341882542277,0.5173721995315225,-2.0149423528336996,-0.851603337666562,-0.8212237297020284,0.6165697313326335,-0.262226525297474,0.29588177262025134,-0.00841072388301368,-0.09664986418268255
2462.TW,2026-10-08,良得電,上市,電子零組件,0.4434041610807273,-0.6390722510122329,0.360893362572465,-0.5126393672937328,-0.47744691100415576,-0.707494523752813,-0.344424557010508,0.5022684423328723,0.5044582715158847,-0.09667259695238811
6733.TWO,2026-10-08,博晟生醫,上櫃,生技醫療,1.6587341882542277,-0.6390722510122329,0.4593777641570621,-1.0095698124322487,-0.9867420861336093,-0.12221705502371213,-0.25964675667145,0.4392292810457716,-0.410183165167885,-0.09667665477600851
8054.TWO,2026-10-08,安國,上櫃,半導體業,-0.10170166945198106,-0.6390722510122329,0.869902201259674,-0.4967930185783385,-0.7085020423090825,-0.5851546537047382,1.0208270302588245,-0.15064069129207777,-0.09752877202507684,-0.0987404296505588
2380.TW,2026-10-08,虹光,上市,電腦及週邊設備,-0.2932084076381374,-0.6390722510122329,0.7635902340022996,-0.3517522428642112,-0.9425199241519773,-0.7311406492623796,-0.40780990314819116,1.2053223010236551,0.5014635461176505,-0.09945858854816934
6175.TWO,2026-10-08,立敦,上櫃,電子零組件,-0.7923232205322326,-0.06085002574035522,0.42786991302009875,0.5838659747944382,0.13843821547230245,0.020048893565546046,0.25570213521980906,-0.3233673689727579,-1.1456275019714488,-0.09958255390495556
5516.TWO,2026-10-08,雙喜,上櫃,建材營造,0.6731227342048751,-0.6390722510122329,-1.2385363620715923,-0.4279409195495237,-0.24132856812657644,0.025971318980223264,0.02685783761632494,1.4328278515551789,-0.5257467951017958,-0.10153835038945765
6126.TWO,2026-10-08,信音,上櫃,電子零組件,-0.4521983571491715,-0.06085002574035522,-0.6351309740926362,0.13444437280145385,-0.2918716292199464,-0.23561208094359568,0.15468328828471936,0.3079674479260949,0.16202147548667292,-0.10183849807186268
6469.TWO,2026-10-08,大樹,上櫃,生技醫療,0.7072276257836455,1.0955944248034002,-0.1464893004224478,-1.1491223971105353,-0.6868340343275837,-1.0427261710774338,-0.27773501209056883,-0.261390073835881,0.8420716831512188,-0.1021559172362429
6655.TW,2026-10-08,科定,上市,其他,0.3268538912376299,-0.6390722510122329,-1.2801428487376334,-0.003919989655808825,-0.15357660580189844,0.3107410618965723,-0.07929639097315748,-0.234779202501896,0.8304528647107097,-0.10252660787085723
3169.TWO,2026-10-08,亞信,上櫃,半導體業,-0.9050712833073846,-0.6390722510122329,0.869902201259674,0.03829333652306613,0.08553108220969917,-0.36049952308426253,-0.2571164917727068,0.012136236331388085,0.22099121435643845,-0.10387838649959122
4746.TW,2026-10-08,台耀,上市,生技醫療,0.26865700985528507,-0.06085002574035522,0.24066057260766616,-0.8195840743904103,-0.5137629167478402,-0.6054108380220561,-0.11812770325724987,0.09481543793851288,0.5782150755131371,-0.10393194024925671
5258.TW,2026-10-08,虹堡,上市,電腦及週邊設備,0.9506959840451595,-0.6390722510122329,0.3025646154445828,-0.9560115134252395,-0.423691601336769,-0.7419004073561006,-0.3124832172197247,0.2418410219735511,0.6395738468455615,-0.10427594689346799
4563.TWO,2026-10-08,百德,上櫃,電機機械,-1.4336314361763933,0.5173721995315225,0.491018351756089,-0.5909139367108471,0.42934676498485097,-0.7514686498439107,-0.0877130011418118,0.5212154687660762,-0.03495395364365182,-0.10441424360867514
3115.TWO,2026-10-08,富榮綱,上櫃,電子零組件,0.9099748046332137,-0.6390722510122329,0.09149191686656967,-0.7815433353973249,-0.6818920269618552,-1.015646893330686,-0.5232779867908129,1.509107000603596,0.1893983382785098,-0.10460671479011362
1506.TW,2026-10-08,正道,上市,電機機械,0.5715407667412545,-0.6390722510122329,-0.22633935744751327,-0.6745198110329866,-0.6075427351896309,-0.3463434446055103,0.07302324310212582,0.5295263018267612,0.37201659649108837,-0.10530118790296045
6114.TWO,2026-10-08,久威,上櫃,電子零組件,-0.18595329422654414,-0.06085002574035522,0.869902201259674,-0.5227519078985031,-0.8679370074091223,-1.3017337306166221,-0.557576457544583,1.179357158719543,0.4949627876529222,-0.10584225286706565
6148.TWO,2026-10-08,驊宏資,上櫃,資訊服務業,-0.24397882482406383,-0.6390722510122329,0.8246238916495191,-0.9165345897418862,-0.14994455934743223,-0.5631350228899362,0.4844526877564304,0.8403345804377844,-0.5905364630421427,-0.10597672789044002
6807.TW,2026-10-08,峰源-KY,上市,居家生活,0.8288650854939825,-0.6390722510122329,-0.4123288638627633,-0.7937421642747148,-0.6389846170907445,-0.2157340088933274,-0.26429346560967104,0.8045750606871794,0.37682708986277935,-0.10598757052216806
2360.TW,2026-10-08,致茂,上市,其他電子業,-2.1052863635546695,-0.6390722510122329,-1.5844871252212682,3.1336966986115247,1.2345123750535754,1.979756193574924,1.0108701160623457,-3.027839802051286,-0.9563633284683924,-0.10602372077838657
2442.TW,2026-10-08,新美齊,上市,建材營造,0.7156480558607456,0.5173721995315225,0.7494915112302477,-1.00292663147374,-1.119620033576243,-1.201308687792064,-0.16846532287060043,0.2512724553870106,0.29867445530895526,-0.10665133315490727
1781.TWO,2026-10-08,合世,上櫃,生技醫療,0.6047385053864833,-0.06085002574035522,-2.4117288380219426,-0.611808664584649,-0.48440429262910073,-0.14063402213773196,-0.053559601816651876,1.5769123509432268,0.615941533058617,-0.10726589506023383
8016.TW,2026-10-08,矽創,上市,半導體業,-1.5686951570668266,-0.06085002574035522,0.2926779073385781,0.8295596744970817,1.2414947495719284,-0.09607212167459611,-0.13542856548828627,-0.9904861635899486,-0.4807434030258074,-0.10761590057535911
4558.TWO,2026-10-08,寶緯,上櫃,電機機械,0.1122032076487321,-0.6390722510122329,0.5708425480500673,-0.8544162407103164,-0.45972183273608974,-0.7568241921297074,-0.1972044773156789,1.2719322770834591,-0.018247953373934703,-0.10783432383285572
4533.TWO,2026-10-08,協易機,上櫃,電機機械,-0.42473198920708055,-0.6390722510122329,0.8039023185711778,0.16630024432826299,-0.8056136251604541,0.16386496239535078,-0.2975758984657926,0.25289352018860267,-0.20225664160603846,-0.10914326221868939
1618.TW,2026-10-08,合機,上市,電器電纜,0.09090430297272802,-0.6390722510122329,0.5668574592498669,-0.44940658528113214,-0.4288458682296169,-0.43631172290899367,-0.35666661336123157,-0.03974612262055357,0.7069558346113979,-0.10948128517552978
4950.TWO,2026-10-08,金耘國際,上櫃,鋼鐵工業,0.03538940735691808,-0.6390722510122329,0.4419477773594263,-1.1024519051705761,0.0012406049742488367,-1.7913145482238895,0.2205494748783742,1.2269082233374704,0.6197652919108368,-0.10967088050993597
1590.TW,2026-10-08,亞德客-KY,上市,電機機械,-0.9814380952718887,-0.6390722510122329,-0.11403577925687232,1.8113614083725,0.39249371598319377,0.8954748185946853,0.034290812542460324,-2.166596912398381,-0.22167541044895253,-0.10991085476616534
4188.TWO,2026-10-08,安克,上櫃,生技醫療,0.8225420863080526,-0.6390722510122329,0.7490583775875711,-0.9275463615116172,-0.9147000573264247,-0.6970167661677844,-0.31539767073047154,1.250177138248395,-0.3190897367227573,-0.11011613792525216
2211.TW,2026-10-08,長榮鋼,上市,鋼鐵工業,0.7544786480040487,-0.6390722510122329,0.5726041990954266,-0.2528840257036451,-0.6154224738132781,-0.45010513113222383,-0.2378157627729616,-0.9597949577463395,0.836855284565254,-0.11012849672399465
6859.TWO,2026-10-08,伯特光,上櫃,光電業,0.3602863482806732,-0.6390722510122329,0.31231790406120463,-0.18098281748125172,-0.28733462362625656,-0.021073293876740718,-0.4306532870201592,0.1928630071555528,-0.300380990204756,-0.11044777819155183
9910.TW,2026-10-08,豐泰,上市,運動休閒,1.6587341882542277,-0.6390722510122329,0.869902201259674,-0.9388716501478093,-0.7570578680901344,-0.2764872652664214,-0.36438035418756576,-1.372691677244352,0.8212274079336107,-0.11096636316677815
2356.TW,2026-10-08,英業達,上市,電腦及週邊設備,-1.680858270350548,-0.6390722510122329,0.869902201259674,1.2025230857900282,1.1809618228264098,-0.22268184711207975,-0.03052857978836068,-2.0718284536289273,0.38163844481362613,-0.11221598302249006
5410.TWO,2026-10-08,國眾,上櫃,資訊服務業,-0.7757713941794261,-0.6390722510122329,0.5654176345344109,0.21160770178381394,0.23770676386868242,-0.2580234770149865,-0.8211131609835552,0.4800224781519401,-0.020210678246972362,-0.11327070923314733
5531.TW,2026-10-08,鄉林,上市,建材營造,1.1773438771373026,-0.6390722510122329,-0.372496199951796,-0.594523086776432,-0.8013806304903369,-0.16838731780829597,-0.4618451521071297,0.005700582019041226,0.8341338062033355,-0.1133918191985049
4133.TW,2026-10-08,亞諾法,上市,生技醫療,0.5307796138778295,-0.6390722510122329,-1.2709227664134453,-0.5778809655013205,-0.22963396227059985,-0.03164086824989324,-0.46697083301441306,0.9822504718825382,0.680027331802095,-0.11367380321104914
8431.TWO,2026-10-08,匯鑽科,上櫃,其他電子業,0.44981264387823106,-0.6390722510122329,-0.7245981264340415,0.950512431564234,-0.6761256192062087,1.2247735074722788,-0.4561432884996951,0.5245906335239641,-1.6772553404207802,-0.11372282323713895
8436.TWO,2026-10-08,大江,上櫃,生技醫療,0.20069466861293225,-0.6390722510122329,0.7060268163513427,-0.21607047003434873,-0.658127823522314,-0.2313874526307023,-0.3225358559580119,-0.34544454594435164,0.4786378271490147,-0.1141421207765191
6550.TW,2026-10-08,北極星藥業-KY,上市,生技醫療,1.0873021736764865,1.6738166500752778,-0.4906241126408216,-1.4631094771778417,-1.568570898339408,-1.7913145482238895,1.4107699522169308,-0.07374512032624256,0.18205792572726814,-0.11482416166802671
7751.TWO,2026-10-08,竑騰,上櫃,半導體業,-1.3353569323394643,2.8302611006190332,0.44997152743207675,0.89625075143279,-0.9303769085797017,0.16020443716811103,0.016977589043348295,-1.1244657795235757,-2.000877247705913,-0.11526794027258837
6418.TWO,2026-10-08,詠昇,上櫃,電子零組件,1.0978499563968496,-0.06085002574035522,0.7718177011267601,-1.4631094771778417,-0.875234602222503,-1.7913145482238895,0.09014589599146133,1.071769604678608,0.11950930255740924,-0.11549068806816681
3035.TW,2026-10-08,智原,上市,半導體業,-0.5655804001291883,-0.6390722510122329,0.47560109907413334,0.29151146137283995,0.5119203544492353,0.4164331687485174,-0.0819045821728928,-1.2397132533640651,-0.21079836901631052,-0.11573364133888482
3034.TW,2026-10-08,聯詠,上市,半導體業,-1.0167987920490318,-0.06085002574035522,0.7428910333723083,0.47768373418550464,1.127599922266934,-0.00997552306005172,-0.11262172226043847,-2.3452285573881264,0.13612350079644042,-0.11790849220853516
3290.TWO,2026-10-08,東浦,上櫃,電子零組件,0.033943584573631315,-0.06085002574035522,-2.43663858719958,0.21612677070018377,0.5406727839509405,0.6752413521630887,0.3495673823495956,0.1901252232999848,-0.5769662730643903,-0.118753087662989
4905.TWO,2026-10-08,台聯電,上櫃,生技醫療,0.19951467674231146,-0.6390722510122329,-2.4855492754731157,0.7188853365737827,0.4044896384656753,1.3603067669639366,0.24961522396173128,0.5916523489443178,-1.4854118365754148,-0.12061881904544529
3229.TW,2026-10-08,晟鈦,上市,電子零組件,-2.626588838524291,-0.6390722510122329,0.869902201259674,1.0697912074287126,2.355759718324976,-0.7098822860824784,0.3548348844541089,0.40115430372659505,-2.1705448586353784,-0.12162732434003491
2405.TW,2026-10-08,輔信,上市,電腦及週邊設備,-0.1695017380780892,-0.6390722510122329,0.7582922955017947,-0.5844388142341749,-0.1777894486766842,-0.6571730097397823,-0.32590674189251395,0.1740525104863188,0.5158035902160436,-0.12285928971436894
3665.TW,2026-10-08,貿聯-KY,上市,其他電子業,-2.2691460528523715,2.2520388753471554,0.21687825923835405,0.7153931425568928,1.2093128354892706,-0.30818663428751364,0.12649513663489975,-2.5748015424644857,-0.47733073710125495,-0.12326074638211705
8466.TW,2026-10-08,美吉吉-KY,上市,其他,1.0886520277355254,-0.6390722510122329,0.08863711851830525,-1.0134905444133022,-0.798442279069288,-0.8932221166631655,-0.44452405153910257,1.06585509007665,0.43372450088676034,-0.12354250060887227
3287.TWO,2026-10-08,廣寰科,上櫃,電腦及週邊設備,0.056646631690755005,-0.06085002574035522,-2.4895438382354014,0.023877488291454443,1.106552936214962,0.7787795890206058,-0.2881741657972736,0.7803383072612412,-1.0196683393341106,-0.12356015740312468
1442.TW,2026-10-08,名軒,上市,建材營造,1.150936325025323,-0.6390722510122329,-0.16377231775694534,-0.9838068389433947,-0.19236131589136313,-0.9396107125310955,0.21792208480733039,-0.21318024520968532,0.6445328637686623,-0.12426804530482236
3023.TW,2026-10-08,信邦,上市,電子零組件,-1.2046862333021424,0.5173721995315225,0.23404502953333803,0.851086433846427,0.7091489047640585,-0.3694433419549182,-0.05954491531459557,-1.4869981214458865,-0.31081471955350015,-0.12442608487729963
2924.TWO,2026-10-08,宏太-KY,上櫃,居家生活,0.3199048157353917,-0.6390722510122329,0.869902201259674,-0.9249512976634792,-0.43115719587009005,-0.7374661828000835,-0.7369450006978372,1.2095312487439025,-0.054919234384763906,-0.12501921074327985
2331.TW,2026-10-08,精英,上市,電腦及週邊設備,0.2754098078730058,-0.6390722510122329,0.5125130159170037,-0.19068398003556472,-0.7808291947853294,0.002835219305186588,-0.5144645666091427,-0.2565217404591778,0.46160063221119,-0.1254681175105624
6788.TWO,2026-10-08,華景電,上櫃,半導體業,-0.4625199976335447,-0.6390722510122329,-0.4389726262549162,0.7994771982581218,-0.1357631992114967,0.9265277893410532,-0.1640476085542694,-0.45632420049514066,-0.5614984948061141,-0.1257992655965044
6875.TWO,2026-10-08,國邑*,上櫃,生技醫療,0.7800316250438268,-0.6390722510122329,0.869902201259674,-0.7073422219914316,-1.079126972286608,-0.7534247982238541,,0.4136417758649183,0.10717502936476855,-0.12602695149761736
2438.TW,2026-10-08,翔耀,上市,光電業,-0.31658658473736906,-0.6390722510122329,0.7857068628867304,-0.30491548714118927,-0.5848703009053444,-1.0201027933820024,0.7573099855821993,0.9811246839700062,-0.798353969298545,-0.1266399837819719
6730.TWO,2026-10-08,常廣,上櫃,生技醫療,0.19359282613580703,-0.6390722510122329,-0.28852765936734004,-0.8067078211074791,-0.29454588283028144,-0.768155760992594,-0.3088214561874502,1.064744223794687,0.701710649066294,-0.12730923694451
5864.TWO,2026-10-08,致和證,上櫃,金融保險,-3.0378470738825927,-0.6390722510122329,0.21118741878501165,2.2790474682124184,1.8025249304858122,-1.1259190429709562,0.6358757049125182,-0.6472821361294593,-0.6280613880890963,-0.12772737440984183
1612.TW,2026-10-08,宏泰,上市,電器電纜,-0.5641483081173179,-0.6390722510122329,0.6771068868849763,-0.04925560497339216,-0.09386737440624768,-0.2995868402585297,-0.170815977984982,-0.27811908498455395,0.26351567347907895,-0.12824920904146675
5871.TW,2026-10-08,中租-KY,上市,其他,0.6391321134198751,-0.6390722510122329,0.5499550212005523,-0.04715850299553807,-0.018504598708387426,0.12048524004373388,-0.34613588442750265,-2.002748213359234,0.5861377725259531,-0.12865658925697562
5546.TW,2026-10-08,永固-KY,上市,建材營造,0.21850472531026546,-0.06085002574035522,0.13693183184178687,-0.9905014153932357,-0.6332745416193633,-1.325429204758896,-0.0566427222492988,1.1101688179041265,0.44117129212282774,-0.12888013806468251
6222.TWO,2026-10-08,立軒,上櫃,光電業,0.12297922152548711,-0.6390722510122329,-0.2615199315543332,-0.21993432548257175,-0.3477322681470257,-0.44911818290278194,-0.7202934092010352,0.7075753886898495,0.6451271741251452,-0.12910984266216652
4763.TW,2026-10-08,材料*-KY,上市,化學工業,0.8485628505932963,1.0955944248034002,0.6524601510808206,-0.6628596791218114,-0.19602352983646373,-0.8961081278002262,-0.1602293158361768,-1.1595747700792907,-0.6853313682311566,-0.12927881826973425
6111.TWO,2026-10-08,光聚晶電,上櫃,文化創意業,0.23218658894993074,-0.6390722510122329,0.6053762406918514,-0.6963494470898591,-0.7035682324824777,-0.45105394298726253,-0.28560748089581267,0.3531368857981846,0.41588624391361884,-0.12989615501267326
3325.TWO,2026-10-08,旭品,上櫃,電腦及週邊設備,0.5660531478268225,-0.6390722510122329,0.5827690165883685,-0.9267873115997195,-0.7071568336877968,-0.7166107253629158,-0.8910011843478415,1.043967146365597,0.5059821528162535,-0.13131742693482945
6695.TW,2026-10-08,芯鼎,上市,半導體業,-0.7155592096064708,-0.6390722510122329,0.869902201259674,-0.2799853539138583,0.3937093542358044,-0.567749373401537,-0.3921440483173561,0.14246636833835638,-0.006867598045996062,-0.13281110116262404
2049.TW,2026-10-08,上銀,上市,電機機械,-1.0624488044648357,-0.6390722510122329,0.16265054007634763,1.347918079489598,1.0586288348950876,0.6303988139995218,0.025436236806570582,-1.729680522765004,-0.9910473583011491,-0.13302404791956624
5381.TWO,2026-10-08,光譜,上櫃,電機機械,0.6624338281746049,-0.6390722510122329,0.7254093751999785,-0.34542611347543395,-0.9720880577789698,-0.04393414607466703,-0.6502908394779393,0.2603211660269375,-0.19915905238267229,-0.1335340100889327
6417.TWO,2026-10-08,韋僑,上櫃,通信網路業,-0.22389853369678825,-0.6390722510122329,0.21118741878501165,-0.11269795423386064,-0.23229006054143853,-0.47508554717603735,-0.04396250245040371,0.27555029869998193,0.03774212625573248,-0.1336141117077817
6134.TWO,2026-10-08,萬旭,上櫃,電子零組件,-0.49321953751634906,-0.6390722510122329,0.8105466823057355,0.2095196279739521,-0.5156371731958338,-0.553823328864137,-0.1524213426181327,0.6692480787118629,-0.5525232455619978,-0.1352647210863481
3265.TWO,2026-10-08,台星科,上櫃,半導體業,-1.5118524306426149,-0.6390722510122329,-2.458580559032816,1.6689689960133463,1.922604040449156,1.8823712594643176,-0.3111604214236361,-0.9460096173046071,-0.8304148338954,-0.13590509082049865
6865.TWO,2026-10-08,偉康科技,上櫃,數位雲端,0.30580446534685296,-0.6390722510122329,0.869902201259674,-1.169413812996639,-0.7966714066717183,-0.862634076189202,-0.8291661439112936,1.698545179347424,0.19039301181279863,-0.13692364811270402
5355.TWO,2026-10-08,佳總,上櫃,電子零組件,-0.7777732551543035,-0.06085002574035522,-0.5495826881584333,-0.7509192132143969,0.03813304536575807,-1.118006459984969,0.553140418983184,1.483703834027214,-0.05962419695389634,-0.13797539342557763
5272.TWO,2026-10-08,笙科,上櫃,半導體業,-0.40947189162219866,-0.6390722510122329,0.5827671832501891,-0.663369655028233,-0.8437128290733196,-0.8299976037264855,0.15844483357861408,1.1949490775587837,0.20521092919275657,-0.13825024520912513
3086.TWO,2026-10-08,華義*,上櫃,文化創意業,-1.1916757384334575,1.0955944248034002,-0.4198290776796535,0.45629001819688303,-0.1970978809037439,-0.09506478622010217,-0.57097643701728,-0.041538196872390624,-0.2823801569503941,-0.1385197590085265
8213.TW,2026-10-08,志超,上市,電子零組件,-0.4099247077766067,2.2520388753471554,-2.460161853632825,-0.1984132034348111,0.30934608657221235,-0.451460198540362,-0.03726710818802948,-0.2520273591608251,-0.010526488555496247,-0.13982177304106536
2546.TW,2026-10-08,根基,上市,建材營造,-0.24551725232860475,-0.6390722510122329,0.07758017516986337,0.23880720188459587,0.6237744551159138,0.07407504992497363,-0.5512686892869552,-0.5033876985122517,-0.3429801254147134,-0.14088768160660126
6138.TWO,2026-10-08,茂達,上櫃,半導體業,-1.0221998863209063,-0.6390722510122329,0.7514032456822174,0.6526648993259613,0.3978828083070931,-0.06537646449905869,-0.31865174071799107,-0.6561555006612866,-0.3844469065464916,-0.14266131071585506
2718.TWO,2026-10-08,全心投控,上櫃,建材營造,1.0424770939298666,-0.6390722510122329,0.5710931487889757,-0.7919276615107848,-0.7012828990772991,-0.5237027771031173,-1.070985694825554,0.4155955613315981,0.4065045595729465,-0.14347787998951123
6446.TW,2026-10-08,藥華藥,上市,生技醫療,-1.7475776382023596,-0.6390722510122329,0.012171463228832792,2.0831919717606233,2.598304187614363,0.5228879955108808,0.5711329450479201,-2.617026164468147,-2.0795927558388247,-0.1439533607065494
2634.TW,2026-10-08,漢翔,上市,航運業,0.06064534863301591,-0.06085002574035522,0.0352581994693285,-0.04525079818064632,0.5625198312904333,-0.2698249742169482,-0.22653645232252242,-1.3147081288830433,-0.038866662875276896,-0.1441792958695572
3605.TW,2026-10-08,宏致,上市,電子零組件,-2.916728983678046,-0.6390722510122329,0.5743498208531532,1.0458168153032743,4.373185681085379,-0.32131034985902596,-0.1911873566664387,-0.867504730399364,-2.3574033037170876,-0.14442829534337653
4171.TWO,2026-10-08,瑞基,上櫃,農業科技,0.2758741863519781,-0.06085002574035522,-2.439401448291127,-0.3015652767998329,-0.025959415492358206,0.1797728649133439,-0.28670138780290066,1.0882816865969147,0.26189892112834656,-0.145405543903999
2939.TW,2026-10-08,永邑-KY,上市,貿易百貨,0.9279649706966581,-0.6390722510122329,-0.992318144794487,-0.7079003493769938,-0.4242969717377813,-0.19264455765673943,-0.6824684726505299,1.1306873744208947,0.26922171205825085,-0.14564741000588452
3664.TWO,2026-10-08,安瑞-KY,上櫃,通信網路業,1.2636929801519208,-0.6390722510122329,0.8288823910722513,-1.4631094771778417,-1.568570898339408,-1.7913145482238895,1.9872894684727433,1.4632346337511777,-1.3921342963343541,-0.14567799973773704
2385.TW,2026-10-08,群光,上市,電子零組件,-0.27507791441874185,1.6738166500752778,0.5484241734490705,-0.4696676590373707,-0.4708566610728416,-1.191360658922047,-0.5401390499376564,-1.492008647522471,0.9050779289217066,-0.14575464871834148
2444.TW,2026-10-08,兆勁,上市,通信網路業,-0.23129931750323882,0.5173721995315225,-2.4895431893611186,-0.2462231646933381,0.13295472254794857,0.5083071398166321,0.08577624579549137,0.8689709685613807,-0.45970314580434724,-0.14593194901211862
6914.TW,2026-10-08,阜爾運通,上市,其他,0.8395520819258531,-0.6390722510122329,0.5864046999414674,-0.526334133182136,-0.7476837316627628,-0.3345435085485582,-0.27945643149723653,-0.18886088394483178,-0.03561443966522191,-0.14728984418285107
3346.TW,2026-10-08,麗清,上市,汽車工業,-0.14012368136313622,-0.6390722510122329,0.869902201259674,-0.47158727520298865,0.052736776702252394,-0.1846740997390029,-0.2573265452515813,0.5771174620268281,-1.1342494909387841,-0.14747521150210796
8101.TW,2026-10-08,華冠,上市,通信網路業,1.1462882456220413,-0.6390722510122329,0.5405435474647614,-0.8622797387156197,-0.9959935408807881,-0.8775071647703087,-0.8619029379429348,1.5531332756160907,-0.3319053975641215,-0.14763288468701244
1587.TW,2026-10-08,吉茂,上市,汽車工業,0.6812660947388249,-0.6390722510122329,0.22247326913900586,-0.8671243028752064,-1.164228966340328,-0.6261709752925197,-0.35721095397311936,0.7807177818304866,0.637161068410892,-0.14802102615268856
5301.TWO,2026-10-08,寶得利,上櫃,觀光餐旅,1.6232295276339568,-0.6390722510122329,0.869902201259674,-1.340750076680784,-1.2327370176001529,-0.5737205290151595,-1.0347194104275814,1.698545179347424,-0.7053919452679194,-0.14830159130697504
2103.TW,2026-10-08,台橡,上市,橡膠工業,-1.4078201204084242,0.5173721995315225,-0.5173009817814715,1.3914828745727867,0.9841968437008268,0.34363987668506263,-0.15190930312321294,-0.7641441194880204,-1.7306575310166443,-0.14834891792528607
6266.TWO,2026-10-08,泰詠,上櫃,電子零組件,0.2596814952258096,0.5173721995315225,-1.7557148195065435,-0.40957894354028396,-0.21567522709173106,-0.5078134264903326,-0.24927331280258022,0.3184866057284167,0.7061488777870321,-0.14848517235096562
1443.TW,2026-10-08,立益物流,上市,其他,0.17665158035889778,-0.6390722510122329,-0.15924785983242548,-0.5359502868176147,-0.3940071474939273,-0.8173874457817727,-0.30681008159468565,0.49498027889460683,0.8437452942054183,-0.14856643545263726
7703.TWO,2026-10-08,銳澤,上櫃,其他電子業,-0.22064959210993873,-0.6390722510122329,0.7879645088055084,-0.6260701562408661,-0.12304962996127272,-0.5849192020840034,0.37947781104945766,-0.012330741504756718,-0.3002943927452745,-0.14877151620037546
3592.TW,2026-10-08,瑞鼎,上市,半導體業,-0.07158484563604106,-0.6390722510122329,0.7287490335865321,-0.5141193092088218,0.19405189912090706,-0.4405475779859859,-0.14274486771312658,-0.5814617911578825,0.12707957287661523,-0.1488500152366707
8163.TW,2026-10-08,達方,上市,電腦及週邊設備,-0.036009941545119745,-0.06085002574035522,0.21118700819718883,-0.42400868350472815,-0.025844778773630256,-0.5019824015260049,-0.24358788314061752,-0.11873954589913896,-0.14316854444184024,-0.149222755152694
6657.TW,2026-10-08,華安,上市,生技醫療,0.5736321901647021,-0.06085002574035522,-0.5885365237841393,-1.1068107640945914,-0.9169172442257392,-0.7416234800170107,0.985072887991823,0.48646225487131245,0.025172341128896856,-0.14937759596723352
1213.TW,2026-10-08,大飲,上市,食品工業,0.35099567733313924,-0.6390722510122329,-0.0032781290321664994,-0.9412026542814981,-0.8221147040089702,-0.9854512035283596,-0.19221318422098316,1.696457009276056,0.18818128030940934,-0.14974423990728952
6243.TW,2026-10-08,迅杰,上市,半導體業,-0.5167904101591863,-0.6390722510122329,0.4142443870668413,0.1119702710229345,0.4072808930920384,-0.15967541819952974,-0.6214840019691551,0.8370859231103547,-1.1879449020991648,-0.15048727879412221
2070.TWO,2026-10-08,精湛,上櫃,電機機械,-0.7683721909714764,-0.6390722510122329,0.815892650000086,0.11816988602429661,0.059711380133729966,-0.12970814622980964,-0.2034908496447807,0.5958279521237773,-1.2188187135279083,-0.152206698122702
7769.TW,2026-10-08,鴻勁,上市,半導體業,-2.9352401501077727,-0.06085002574035522,-1.0867640208760916,4.47481788178391,0.8672044337158374,1.496446666640631,0.4514629101588178,-3.072440870969114,-1.505695158183493,-0.1523398148419589
6831.TW,2026-10-08,邁科,上市,電腦及週邊設備,-1.0503306233857026,-0.6390722510122329,-0.28250630072042976,2.5780843383534306,-0.08985554084358577,1.0102066554823705,-0.08866018126272693,-0.9390642677260402,-1.8726314190564335,-0.15264773224126113
6591.TW,2026-10-08,動力-KY,上市,電腦及週邊設備,0.20090058585106513,0.5173721995315225,0.7502057753774397,-1.083045010832951,-0.9791531433137395,-1.1370292668421516,-0.7393466420465709,0.8447171834066078,0.24811676755077433,-0.15302906125755592
2337.TW,2026-10-08,旺宏,上市,半導體業,-3.104901471462261,-0.6390722510122329,0.5922620863323369,4.276238795300119,-0.7778624902784663,0.5247699587544745,1.5488701575906916,-2.1378595671880314,-1.6597291905910279,-0.15303155250604417
6944.TW,2026-10-08,兆聯實業,上市,綠能環保,-0.7553507310076174,-0.6390722510122329,-2.4651404383396547,1.2727448460920716,0.8809571103205738,1.7130265043979918,-0.018547157627638675,-1.5369865931836104,0.16905045344507383,-0.15325758410167148
4526.TW,2026-10-08,東台,上市,電機機械,-1.0504222252269872,0.5173721995315225,0.869902201259674,-0.24352513618479052,-0.06992126843519206,-0.5265079383302407,-0.18501555513497786,-0.12246530546708048,-0.5724894766299716,-0.15367472273533822
3416.TW,2026-10-08,融程電,上市,電腦及週邊設備,-0.2957236908158719,1.6738166500752778,-1.7142865607563165,-0.3194368253323176,0.4569378613912728,-0.28226881571862683,-0.19628790453044107,-0.4903448013590428,-0.22018175613250815,-0.15419731590873048
6271.TW,2026-10-08,同欣電,上市,半導體業,-1.821722371249509,-0.6390722510122329,0.2869181855337264,2.1016625707538887,1.3539142619428712,0.903763845424867,-0.14061052939060026,-1.224389010985258,-2.2097605062658134,-0.1543662005831178
6278.TW,2026-10-08,台表科,上市,光電業,-1.684448103190476,3.9867055511627885,-1.7619213766460138,0.27853910690345335,1.3918994698269467,-0.3965865606904921,-0.2462700096356289,-1.4349494802016165,-1.535891373380617,-0.15588030842796174
6937.TW,2026-10-08,天虹,上市,半導體業,-0.7257504723385083,-0.6390722510122329,0.6470534191289427,0.03623252998859442,-0.03403981760710117,-0.2800657761876318,0.7255493581448427,-0.6311880699156042,-0.5041038406301727,-0.1561538800476524
6823.TWO,2026-10-08,濾能,上櫃,半導體業,-0.9093445271110716,-0.6390722510122329,0.6485232144065978,-0.4092485666527838,-0.35817861104873244,-0.8712253351217923,-0.6060630418961022,0.7573267850123984,0.981189726273596,-0.15623251190556925
2397.TW,2026-10-08,友通,上市,電腦及週邊設備,-0.3822394334166398,-0.06085002574035522,-0.030893819937656598,-0.37781076851009704,0.44406520568079827,-0.42442877149938557,0.0748098530152836,-0.048942557370655684,-0.5999909787236929,-0.15625347738915563
5222.TW,2026-10-08,全訊,上市,半導體業,0.3337876221620631,-0.6390722510122329,0.554461319511246,-0.6598393337047062,-0.817463928436133,-0.5663986878286765,0.17795415848974258,-0.24073249020122361,0.4508898425577007,-0.15626819427358
2645.TW,2026-10-08,長榮航太,上市,航運業,0.20883503305831053,-0.6390722510122329,0.6751517438323854,-0.12831452833221416,0.04184580776634146,-0.22394064864734511,-0.11577149775545084,-1.3611263985315476,0.13546471771612606,-0.1563253357672919
6933.TW,2026-10-08,AMAX-KY,上市,電腦及週邊設備,-0.22555878759078635,0.5173721995315225,-0.11685078396939337,-0.7736712635296108,0.45374573386348943,-0.5446838875418744,1.313109473585142,-0.5230192128374275,-1.5162953474069538,-0.1573168750995436
7689.TW,2026-10-08,大鵬科CLMX,上市,通信網路業,1.6587341882542277,-0.6390722510122329,0.869902201259674,,-1.5434351007552092,-0.7893136165917688,-0.303068475468238,-0.17236836439763475,-0.35619338712356124,-0.15935185072934285
6756.TW,2026-10-08,威鋒電子,上市,半導體業,-1.682274815339079,-0.6390722510122329,0.558200554077653,0.10645005352822666,0.5648007659495824,-0.8181017244456961,0.49776880028909115,0.004162320696494696,-0.0288128719312301,-0.15965324090968777
3672.TWO,2026-10-08,康聯訊,上櫃,通信網路業,0.4307105301362715,-0.6390722510122329,-1.9650727206602268,-0.45650519026569425,-0.043854400126512164,-0.38485745378460934,-0.33477192251000154,1.6150241562585996,0.3389916815732351,-0.1599341744879078
6947.TW,2026-10-08,台鎔科技,上市,綠能環保,-0.2062264300240666,-0.6390722510122329,0.6239690790364779,-0.33248760472873556,-0.5401063431969465,-0.5755645551532529,0.07509966173459344,-0.02928741592828061,0.18406919960796583,-0.1599562955182753
8028.TW,2026-10-08,昇陽半導體,上市,半導體業,-1.3828982346263787,-0.6390722510122329,0.2700012386488208,0.6309187421305928,1.1179043640822603,0.3777541702874898,-0.11922718376114688,-1.2360057069992503,-0.4632100274566516,-0.16042609874516628
3033.TW,2026-10-08,威健,上市,電子通路業,-1.7211525852539007,-0.6390722510122329,0.869902201259674,1.0203838080436565,0.389972281037044,-0.29164179294187326,0.15109699912670926,-0.6932798120840415,-0.536017142005429,-0.16108981042559925
2364.TW,2026-10-08,倫飛,上市,電腦及週邊設備,-0.24287982846471382,-0.6390722510122329,0.5593225308629205,-0.5012275957957919,-0.17072699820021883,-0.6818844293140743,-0.05841828637992111,0.37584217347612425,-0.10017925538081209,-0.16213599335652445
3390.TWO,2026-10-08,旭軟,上櫃,電子零組件,-1.3765412346664838,-0.6390722510122329,0.6424008307202196,0.15284034130395818,-0.14738883326043378,-1.00938257411911,-0.25471791248275605,0.8299420621644122,0.3306624471863705,-0.16347301379622847
3551.TWO,2026-10-08,世禾,上櫃,綠能環保,-0.771487558657907,-0.06085002574035522,-0.26151723081468187,0.25114080942443995,0.1626416362067533,0.01479041208729723,-0.1502858446565608,-0.3556256664988475,-0.30156235546392113,-0.16363953601264256
1736.TW,2026-10-08,喬山,上市,運動休閒,-0.10615171017714062,0.5173721995315225,0.451713978360822,-0.42348712000062055,-0.31683800041756216,-0.6219175785279623,-0.1443742220389732,-1.0302444948305172,0.19598256728303234,-0.16421604231304432
2067.TWO,2026-10-08,嘉鋼,上櫃,電機機械,0.5002372289651336,-0.6390722510122329,0.869902201259674,-0.8927282783797861,-0.7932052750410513,0.05879803773027357,-0.34789155888718526,1.698545179347424,-1.9417661446196042,-0.16524231784859497
2834.TW,2026-10-08,臺企銀,上市,金融保險,0.49492520267837686,-0.6390722510122329,0.4826484728611371,0.0944485501451358,0.2577664845098993,-0.6081992100877829,-0.26400711870921595,-1.993699742641809,0.6800712396695305,-0.16612426362077348
2536.TW,2026-10-08,宏普,上市,建材營造,0.4053051125882733,0.5173721995315225,0.3221644389439582,-0.6842844194005885,-0.4182610205398048,-0.7286858060915846,-0.9324451483133506,0.060901907002404145,-0.051642530556714125,-0.16773058520398712
2467.TW,2026-10-08,志聖,上市,電子零組件,-0.886544680376646,-0.6390722510122329,-0.5907262294450163,2.209099396300445,-0.45372223560724356,0.9346616003762226,0.1847100775498316,-1.56080440140385,-0.7147426992459728,-0.16857126920716248
8442.TW,2026-10-08,威宏-KY,上市,其他,0.5961788914120938,0.5173721995315225,-0.9519229081851034,-0.9758822797883278,-0.5355939230396958,-0.9597006060600559,-0.020832270233960847,0.42736350223235886,0.38138891647779016,-0.16906983085037539
9955.TW,2026-10-08,佳龍,上市,綠能環保,0.3446807066339952,-0.06085002574035522,-0.8098199368651899,-0.5487335406325224,-1.0365063267109114,-0.44098289094771753,0.08018181291980739,0.6124757745076514,0.3376380714233122,-0.16910181726799223
4931.TWO,2026-10-08,新盛力,上櫃,電腦及週邊設備,-0.6690425950156361,-0.6390722510122329,0.0033785885995527027,0.21096221749053068,0.40479525491420476,-0.11574888644350036,0.7478203907322254,-0.5155050788658007,-0.9516611560644352,-0.16934150174056573
7805.TWO,2026-10-08,威聯通,上櫃,數位雲端,0.8057487143800889,-0.06085002574035522,0.017251086888916318,-0.8818929677124544,-0.8669516147845113,-0.28043181266600037,-0.17379477489509426,-0.6525145684419438,0.5604595497638183,-0.1703307125786151
5345.TWO,2026-10-08,馥鴻,上櫃,其他,0.935490523235446,-0.06085002574035522,0.32045958948231085,-0.9744831069943913,-1.1291852050735616,-0.9410221481873463,-0.44786694957083484,1.2997241106375494,-0.5413104581095706,-0.17100485225786155
4147.TWO,2026-10-08,中裕,上櫃,生技醫療,0.23024710344573066,-0.6390722510122329,0.5410808393314769,-0.5050952237352416,0.34061209286668653,-0.45326840148066433,-0.1715604931187618,-0.5411468847850631,-0.35009502927139297,-0.1720331386399403
6494.TWO,2026-10-08,九齊,上櫃,半導體業,-1.767332230109382,-0.6390722510122329,0.2928997061537902,1.078312490929588,0.03849132291771634,-0.22640479611945527,-0.02615941462185964,0.8811954791138955,-1.1897710562763812,-0.17309341655825788
1325.TW,2026-10-08,恆大,上市,塑膠工業,1.0589966301029385,-0.6390722510122329,-2.453290272749907,-0.3607726082575952,0.1491307329752812,0.04859331051276442,-0.5441066139200228,0.5913724847915797,0.5870908415291489,-0.17356197178089394
3230.TWO,2026-10-08,錦明,上櫃,光電業,0.492453734203379,-0.6390722510122329,0.869902201259674,-0.7268565738148517,-0.32491633103902123,-0.9568034675026947,0.09948142523765122,0.42351985207494025,-0.8035676656451914,-0.1739843418042608
2250.TW,2026-10-08,IKKA-KY,上市,汽車工業,0.05638400098364008,-0.6390722510122329,0.8095899196880826,-0.9482769010146476,-0.5415682426951833,-1.1034404575342625,-0.3255065065812812,0.7542610909671698,0.3661132472642769,-0.17461289999271534
3501.TW,2026-10-08,維熹,上市,電子零組件,0.0353348071834025,-0.6390722510122329,0.6471273124907578,-0.6213616912972629,-0.7964560384003861,-1.1838541383159218,-0.35113321311538964,0.26008055620966547,1.0737322749748537,-0.17506693125361272
4747.TWO,2026-10-08,強生*,上櫃,生技醫療,0.634583514073546,-0.6390722510122329,0.5039495564948666,-0.9595151398873828,-0.7811472498481753,-0.8883256170185987,-0.33112018711264835,0.7160863184247266,0.16810134040403799,-0.17516219060909566
7825.TWO,2026-10-08,和亞智慧,上櫃,其他電子業,1.6587341882542277,-0.06085002574035522,0.869902201259674,-0.7916354941058713,-1.4761126656876709,0.11403104804281529,-0.7023805520813055,0.8363002155955492,-2.0347031859474436,-0.1763015856011534
2812.TW,2026-10-08,台中銀,上市,金融保險,0.6761122709029345,0.5173721995315225,0.6004286683681193,-0.4375708350713313,-0.3980876015125719,-1.400289986958219,-0.3250192299727681,-1.7458063376912916,0.9236583412991846,-0.17657805678938013
6229.TWO,2026-10-08,研通,上櫃,半導體業,-1.8636257200401356,-0.6390722510122329,0.588775987074861,-0.2554837278259073,0.2594257195193741,-1.0760730500453477,-0.19457114372509537,1.1915823219829516,0.39044391293969166,-0.17762199457020456
8227.TWO,2026-10-08,巨有科技,上櫃,半導體業,-0.4357677070195661,-0.6390722510122329,0.2691760653852576,-0.7660404515195623,2.185783803788389,0.8582538774265305,0.024985447416639026,-0.3993012497072488,-2.708583399486898,-0.17895176274763244
6768.TW,2026-10-08,志強-KY,上市,運動休閒,0.8479363609945492,-0.6390722510122329,0.2370392525132395,-0.8146344283065085,-1.0829096461633314,-0.5656168249573639,-0.28089715935242393,-0.3767771780706328,1.062659973498241,-0.17914132231738486
3543.TW,2026-10-08,州巧,上市,光電業,-0.4856908661088035,-0.6390722510122329,-0.7087845198132121,0.8302468661598247,0.20977703881227644,1.2576081050118426,-0.16735843342946202,-0.10751129828963013,-1.8120320205701836,-0.18031304213773117
1477.TW,2026-10-08,聚陽,上市,紡織纖維,0.8965901885753089,1.6738166500752778,-1.1422656108309008,-0.7651884504209386,-0.9745780398152599,-0.5430331836546711,-0.384461436694265,-1.2124236508458788,0.8174396805252077,-0.18156709478734673
4503.TWO,2026-10-08,金雨,上櫃,電機機械,0.6158687220709747,2.2520388753471554,0.16413634026973586,-1.357745788519751,-1.154675325575768,-1.1669061570503068,-0.9211767386477845,0.7827356967587445,-0.8491150405700073,-0.1816488239907786
3005.TW,2026-10-08,神基,上市,電腦及週邊設備,0.30365742099014165,-0.06085002574035522,0.5839919552493936,-0.6565587717180859,-0.3884221478842284,-0.42306290377022193,-0.18127274754791922,-1.4473958107318154,0.6328925216210624,-0.18189116772578093
6922.TWO,2026-10-08,宸曜,上櫃,電腦及週邊設備,-0.9671364617377992,-0.6390722510122329,0.869902201259674,-0.13215685354256215,0.5474376690831771,-0.6297721134638639,0.16957668485799898,0.13480334184826515,-0.991352696737169,-0.18197449771605687
3078.TWO,2026-10-08,僑威,上櫃,電子零組件,-0.007335338218700573,2.2520388753471554,0.5419731255827093,-1.0550922873381876,-0.7999038092532279,-1.633845319655514,-0.7667298839078386,-0.2626459823316595,0.0923955452519017,-0.18212723050259574
5484.TW,2026-10-08,慧友,上市,光電業,-0.2941476108343444,-0.6390722510122329,0.47723908727713565,-0.2793637022643588,-0.3983946658950614,-0.7586852122539041,-0.2283870300684295,0.5968880195279167,-0.11731178327146864,-0.18235946097719416
2009.TW,2026-10-08,第一銅,上市,鋼鐵工業,-0.36413628242880347,-0.6390722510122329,0.5297039019292471,0.2570854118430493,-0.3680404804661646,-0.4961905114116414,-0.0785257210743885,-0.4433849361331138,-0.04363119689428693,-0.18291022951648167
8081.TW,2026-10-08,致新,上市,半導體業,-0.6049525952026495,-0.6390722510122329,0.15095474412293164,0.2976318662468237,0.2231096675341803,0.13064998070821165,-0.24889592521599965,-0.724106773014134,-0.23518763220716823,-0.1833187686711152
2303.TW,2026-10-08,聯電,上市,半導體業,-1.8406836942655251,-0.6390722510122329,0.6421431917260647,2.1979344659617577,1.653739655978475,1.3879031947918319,-0.07472344135826739,-3.0763720142865325,-1.901912953268523,-0.1834493161925502
6525.TW,2026-10-08,捷敏-KY,上市,半導體業,-2.23119594169694,-0.6390722510122329,0.13156255496939315,1.3872224778729234,1.835853088372772,-0.01151879728491342,-0.07630103594064021,-0.5795707416526128,-1.4681498722734057,-0.1834633909606285
6005.TW,2026-10-08,群益證,上市,金融保險,-0.1948702947199005,-0.6390722510122329,0.08253218783292637,0.6477876519291477,0.10630010795383434,-0.6573242270062233,0.05175803361213722,-1.4847538475325321,0.4275342025819781,-0.18445649292898503
3294.TWO,2026-10-08,英濟,上櫃,電子零組件,0.26535145772551516,1.0955944248034002,0.7114361802565359,-0.9877159616773065,-0.6071498238060795,-1.3634695823818013,-0.32573074730995943,0.3065180065109088,-0.755751262149125,-0.18454636755865683
7584.TWO,2026-10-08,樂意,上櫃,文化創意業,-0.32880677219329346,-0.06085002574035522,-0.3047290385347916,-1.0538590621631032,-0.689754826451834,-0.9429365540122262,-0.08544624455233109,1.620623632757394,0.18099706377795413,-0.184973536345843
2466.TW,2026-10-08,冠西電,上市,光電業,0.46433801186969914,-0.6390722510122329,-3.509081147411912,-0.5031098009744734,3.558583190382977,2.05978664487749,0.17771533588383517,-0.9812103246055869,-2.294923010702273,-0.18521926129916422
7715.TWO,2026-10-08,裕山,上櫃,綠能環保,-0.2734384800934191,-0.6390722510122329,0.869902201259674,-0.3745146204554755,-0.3590128781022128,-0.7865830264008884,-0.8409465964957102,1.259773975404215,-0.5233294200220178,-0.18524678843534087
8070.TW,2026-10-08,長華*,上市,電子通路業,-0.974470247924959,-0.6390722510122329,0.5352960917413526,0.473659134228368,0.36555213073719867,-0.15109682052454357,-0.01545404075461749,-1.0191695266220198,-0.2489309575320478,-0.1859651652959446
3432.TW,2026-10-08,台端,上市,電子零組件,-1.4818371851017464,-0.6390722510122329,0.5282645557909281,-0.20681595710926606,-0.4900828384187937,-1.3864024916338016,0.4079159770479498,1.473511131523167,0.10900536992681015,-0.1872792987763317
3663.TWO,2026-10-08,鑫科,上櫃,其他電子業,-0.5829938773486469,-0.6390722510122329,0.869902201259674,0.2966580472077035,-0.643959006300025,0.07544896523601163,-0.3152064717133363,0.017486916136697592,-0.7642687483767532,-0.18733380276787864
1615.TW,2026-10-08,大山,上市,電器電纜,0.5634586967791373,-0.06085002574035522,-2.457470155351129,-0.2793359404645032,-0.04002706623063699,0.3336712945792768,-0.16511912248223456,-0.1736882256131583,0.5931375661604558,-0.18735810870701636
6108.TW,2026-10-08,競國,上市,電子零組件,-2.650963109938175,-0.6390722510122329,-0.07074353333551614,1.1727800929119472,1.2224023473051795,-0.6250010920683643,0.05477127683470518,0.5543601967393781,-0.7074849249628621,-0.1876612219473267
6706.TW,2026-10-08,惠特,上市,光電業,0.2601315103398891,-0.6390722510122329,-0.4920351192622689,0.3008707145679813,-0.7028307726443469,1.0598194638452105,0.7016677794179563,-0.33399219454003903,-1.845835819018531,-0.18791963203404238
910861.TW,2026-10-08,神州-DR,上市,其他／未分類,0.19948663828028046,-0.6390722510122329,0.5833826152624872,-0.9822293017831735,-0.4820147726244505,-0.5393696243741404,,-0.056637830852849035,0.41267085419523114,-0.18797295911360593
4510.TWO,2026-10-08,高鋒,上櫃,電機機械,-0.5069574519650296,-0.6390722510122329,0.7539277224139492,-0.16937139812591506,-0.30959246750306,-0.5200246976603005,-0.002877969121474537,0.2531921932786678,-0.5687699382130978,-0.18994958421205485
6292.TWO,2026-10-08,迅德,上櫃,電子零組件,-1.0148046355720282,-0.6390722510122329,-0.9797948058980984,1.054780209501006,0.9740244486338514,0.2946243509372637,-0.07493098953018938,0.4820242789951207,-1.8083034393214255,-0.19016142591852586
3224.TWO,2026-10-08,三顧,上櫃,電子通路業,-0.010922571856176464,-0.06085002574035522,-0.2588706298118149,-0.6601094753292662,-0.9985019552961134,-0.8934119421291246,0.08846742844256036,0.6104595761080444,0.46789416905987957,-0.1906494918391518
3105.TWO,2026-10-08,穩懋,上櫃,半導體業,0.20404731235378756,0.5173721995315225,-2.4395886110619234,1.1729319697960094,-0.2836315979391956,3.128077935567876,-0.07612660078494428,-2.1798721284238685,-1.763807616608411,-0.19117745972990527
3485.TWO,2026-10-08,敘豐,上櫃,電子零組件,-0.10115814310111564,0.5173721995315225,-0.3772236978106888,0.2527457262052674,-0.8316153531769395,0.06638770480961022,-0.08166962444736674,-0.13100170251500115,-1.0469484874200643,-0.19256793088053067
1513.TW,2026-10-08,中興電,上市,電機機械,-0.5824152314100586,-0.6390722510122329,0.6681337093304945,0.017855185481523997,0.2311064557373208,-0.04845438972197701,-0.2630467611691943,-1.5246606793060793,0.4042735928277254,-0.19292004102694194
6276.TWO,2026-10-08,安鈦克,上櫃,電腦及週邊設備,0.16582335437519963,-0.06085002574035522,0.869902201259674,-1.2967282366415798,-1.3091710854859846,-1.4998387645890525,-0.8052236325889037,1.698545179347424,0.5002763326377424,-0.19302940860287066
6246.TWO,2026-10-08,臺龍,上櫃,光電業,-0.9290382220187355,-0.6390722510122329,0.869902201259674,-0.4312737882575283,-0.7550544145182667,-1.2247340852208883,-0.4266503660570202,1.6281800153618502,0.15879482837359507,-0.19432734245439476
5203.TW,2026-10-08,訊連,上市,資訊服務業,0.5964758112387838,-0.6390722510122329,-0.052073850969267595,-1.0706478871697047,-0.33228520013120283,-0.8348269096786607,-0.5280816173474945,0.23767493973422749,0.8683700342739953,-0.19494077011795075
9921.TW,2026-10-08,巨大,上市,運動休閒,0.4000089064706548,0.5173721995315225,-0.34344326301221595,-0.2376540577551409,0.6457496837828586,-0.18476302762955682,-0.31248278634466775,-1.0148054406158706,-1.2245374438458623,-0.1949505810464754
8032.TWO,2026-10-08,光菱,上櫃,電子通路業,-1.158514843677032,-0.06085002574035522,0.5907210622016097,-0.5154335857962564,-0.06959196839355501,-1.174498887332878,0.03691007621738981,0.7932822714802901,-0.19945210670820465,-0.19526977863877687
2388.TW,2026-10-08,威盛,上市,半導體業,-1.4813227828230622,-0.6390722510122329,0.44164355494060203,0.6998788861975217,0.8735522809364134,-0.46569404036732065,0.32877429978310735,-1.0635923472968272,-0.4626662717221724,-0.19649985237377451
3622.TW,2026-10-08,洋華,上市,光電業,0.26349173425527017,-0.6390722510122329,0.39519684690959644,-0.18716043102303062,-0.8407933406252864,-0.42400524022050384,-0.6510353947745168,-0.009969173760530373,0.32167784157653917,-0.1968521565194106
8927.TWO,2026-10-08,北基,上櫃,油電燃氣,1.1815037916887345,-0.6390722510122329,0.7819599483157565,-1.1003314944016311,-0.8043338401033754,-1.568257661627761,-0.1606544870164006,-0.06465804681160348,0.6010966660539173,-0.19697193054606624
7777.TWO,2026-10-08,能率亞洲,上櫃,其他,-0.24578919245701852,0.5173721995315225,0.03552947337910234,-0.40058590593178917,0.7220603476070461,-0.8487065166895019,-1.070985694825554,-0.003993499466188197,-0.4797488092887809,-0.19720528868235132
6805.TW,2026-10-08,富世達,上市,電子零組件,-0.4392125958194861,-0.06085002574035522,-0.6571184308406837,1.078226196943796,-0.3993233176780451,0.8630627955611447,-0.08836743067877009,-1.9263992893565396,-0.14624961761696198,-0.1973590794695446
9929.TW,2026-10-08,秋雨,上市,其他,0.731378062130351,-0.6390722510122329,-2.3575137574893708,-0.3554116060634843,-0.4244695559966981,-0.08667569617347676,-0.0880060931691421,1.0925129684129145,0.34487778487989196,-0.1980422382756942
7818.TW,2026-10-08,溢泰實業,上市,綠能環保,1.113229491012421,-0.6390722510122329,0.42197657635247354,-1.1748094487746217,-1.0977068232223053,-0.9723256123086367,-0.24048879141842958,-0.23175596716778077,1.0321242914259483,-0.19875872612368484
6692.TWO,2026-10-08,進能服,上櫃,綠能環保,0.28562646629137395,-0.6390722510122329,0.18739519680442943,-0.8102335044162855,-0.8620630373837048,-0.8718013702922561,-0.378317753319492,0.9956772287373703,0.29895191718647424,-0.19931523415603591
2539.TW,2026-10-08,櫻花建,上市,建材營造,1.6587341882542277,-0.6390722510122329,0.5183922658957454,-0.7787544085294907,-1.0432608799254142,0.38700511741657584,-0.4153810433309873,-1.1922882473560938,-0.2942902733385027,-0.1998795035473525
6225.TW,2026-10-08,天瀚,上市,光電業,-0.6754127161584115,0.5173721995315225,-0.5482051046615997,0.06401812973805325,-0.19724237340633144,-0.09982676268851615,0.8630894463518939,0.286701154297322,-2.014172766946537,-0.20040875488251153
5284.TW,2026-10-08,jpp-KY,上市,其他,-1.0863389380466792,0.5173721995315225,0.869902201259674,0.29406433664177295,-0.05289448862890741,-0.8850292982317478,-0.22639775156126926,-0.4969625145330618,-0.7378924540102431,-0.20046407861988216
9919.TW,2026-10-08,康那香,上市,其他,0.7557588982056788,-0.6390722510122329,-2.455147973685155,-0.4996540869112495,-0.07684620844256464,0.12798969944630056,-0.23504269987508328,0.47662524141061474,0.7324691370259909,-0.20143558264863332
3014.TW,2026-10-08,聯陽,上市,半導體業,-0.6550624467565587,-0.6390722510122329,-0.056841354773649204,-0.03464681603849304,0.6436526183707412,-0.09186943307327829,-0.29417039973956915,-0.7629457105469024,0.07642102182705043,-0.20161497463809913
3576.TW,2026-10-08,聯合再生,上市,光電業,0.6174905586032877,-0.6390722510122329,-0.6736274547156708,0.11462534115242225,-0.4623046417135802,0.6724709021559989,-0.4528905052164385,-0.8879570068358473,-0.1081723882047475,-0.2021597161985343
1522.TW,2026-10-08,堤維西,上市,汽車工業,-0.1476262687670239,0.5173721995315225,0.14246171418438475,-0.8337167639495022,-0.7173353337570728,-1.0043348318856484,-0.3665022534447251,-0.11159150096538044,0.7015268379678682,-0.20219402234284192
4967.TW,2026-10-08,十銓,上市,半導體業,-2.548962772270923,-0.6390722510122329,0.299430342475008,0.8325194529961489,0.09429625723758432,-0.6685836632504557,2.037491820148285,-0.8231668781313407,-0.40571641202065456,-0.20241823375873114
6890.TW,2026-10-08,來億-KY,上市,運動休閒,1.6587341882542277,-0.6390722510122329,-1.0660493797760349,-0.4674562921185295,-0.40856556362953306,0.3426637176286015,-0.3131526473165152,-1.0420072369650573,0.1090471586692303,-0.20287314514064925
8222.TW,2026-10-08,寶一,上市,電機機械,-0.4784201944110496,-0.6390722510122329,0.8219793167707047,-0.7096503430503667,-0.2583576822238162,-0.9000214386787722,-0.49132096004218684,0.6396277091161313,0.18168057815596625,-0.20372836281951356
4164.TW,2026-10-08,承業醫,上市,生技醫療,1.0242289944917518,-0.6390722510122329,-0.8098209686902454,-1.0867612024245383,-0.3470941382872778,-0.6325635774204429,-0.2069043624877111,0.1396669954178353,0.7194560316233449,-0.2043182754210574
3272.TWO,2026-10-08,東碩,上櫃,電腦及週邊設備,0.11951478321337797,-0.6390722510122329,0.3865269065712624,-0.9513214920996105,-0.7154922641948831,-1.049003613818624,-0.7015460165077997,1.2734653163554976,0.43507909125481814,-0.20464994891535493
6785.TWO,2026-10-08,昱展新藥,上櫃,生技醫療,1.6461759397053104,-0.6390722510122329,0.869902201259674,-1.360883828495076,-1.568570898339408,-1.012115016421218,,0.09496547330587526,0.3221102683094062,-0.20593601396095867
4534.TWO,2026-10-08,慶騰,上櫃,電機機械,-0.6265720754011773,-0.06085002574035522,-0.1429954641986227,0.11715843409923242,0.1637968546532471,0.0816916669985574,0.000691803763928711,0.5767209650757041,-1.9934518995058577,-0.20931219336170478
6584.TWO,2026-10-08,南俊國際,上櫃,電子零組件,-1.1508263400031975,-0.06085002574035522,-0.39542562948261806,1.8102265847221055,0.6145597520844805,0.047980120901320755,-0.014646444370999732,-1.0397225975555955,-1.697130534147733,-0.20953723484362133
5438.TWO,2026-10-08,東友,上櫃,電腦及週邊設備,-0.2328188142838494,-0.6390722510122329,0.47233317383739803,-0.9605714520188725,-0.5337403553913479,-1.0806916019856356,-0.08673332453302038,0.775935506787562,0.38817642446972755,-0.2107980771255857
4714.TWO,2026-10-08,永捷,上櫃,化學工業,0.338477560439116,1.0955944248034002,-0.5475852597002764,-1.1662186614073697,-0.6793800801803741,-1.4545365139177626,0.03103791774092959,0.5558258341651869,-0.07281376256714153,-0.21106650451381015
7768.TW,2026-10-08,頌勝科技,上市,半導體業,0.37698850877272894,-0.06085002574035522,-0.46941157573200437,-0.006920780507329686,-0.8371476185939077,0.5956128214368995,-0.2852465085260197,-0.6805585803436457,-0.5344916351198438,-0.21133615492816415
2485.TW,2026-10-08,兆赫,上市,通信網路業,0.11481745985706138,-0.6390722510122329,-0.431579739042685,0.8809140681034807,-1.5092300924360542,1.156204974000624,-0.008187596652678977,-0.39713940869686537,-1.0689684492044595,-0.2113601150093122
6799.TW,2026-10-08,來頡,上市,半導體業,-0.8063613445456874,-0.6390722510122329,0.869902201259674,-0.3156081134750682,0.13501091636351897,-0.44023029841941314,-0.3242353301337902,0.3317454192749764,-0.7137304464771332,-0.21139769412946172
6811.TWO,2026-10-08,宏碁資訊,上櫃,數位雲端,-0.8543400860124094,0.5173721995315225,-2.442227057098854,-0.2770747657604535,1.2200092547254173,0.1448180661525319,0.3263596654751773,-0.32089733068046533,-0.22055179354942755,-0.21183687191299563
3025.TW,2026-10-08,星通,上市,通信網路業,-0.027261955042163697,-0.6390722510122329,-1.555690071730784,0.23993409579522396,-0.4195673592747892,0.42713756824955645,-0.44978567589187285,0.46830602588482406,0.04102483875748015,-0.21277497602941758
3557.TW,2026-10-08,嘉威,上市,居家生活,0.7624283731942202,-0.6390722510122329,-1.1661247198113769,-0.902462187104696,-0.8037268119790973,-0.5244877005339796,-0.18550853211677573,0.74531607296414,0.7976696451638823,-0.2128853456928795
4609.TWO,2026-10-08,唐鋒,上櫃,居家生活,0.4882117659023151,,-1.1502577977101776,-0.9684031576727746,-0.21405306542363955,-0.5881937537609149,-0.9950469579662948,1.698545179347424,0.023835815359858115,-0.21317024649052552
4973.TWO,2026-10-08,廣穎電通,上櫃,半導體業,-1.51061118154476,1.0955944248034002,-2.47714671190495,0.7772150067779827,0.2271791299714674,-0.10030908009603066,1.423489414246773,-0.21124845674630469,-1.148411344075197,-0.2138054220630688
6887.TW,2026-10-08,寶綠特-KY,上市,綠能環保,0.9589510827226907,-0.6390722510122329,0.028933658444819932,-1.0723408947221789,-0.3915312789180256,-0.9518952220159564,-0.3919235817232875,0.5619024540137986,-0.029010217467794197,-0.21399847229757404
8935.TWO,2026-10-08,邦泰,上櫃,其他,0.024992921826975836,-0.06085002574035522,-0.23155605007026303,-0.7004676879330006,-0.15153397311865194,-0.9114248775546373,-0.4931162965149758,0.709798823151914,-0.1126366630183503,-0.21408820321903826
1536.TW,2026-10-08,和大,上市,汽車工業,-0.9134789328564243,1.0955944248034002,0.7613011015050158,-0.6860922213430778,-0.46728053567045313,-1.2288205866726514,-0.22153982191553026,-0.38519650793879767,0.11386351704533866,-0.21462772922702
2498.TW,2026-10-08,宏達電,上市,通信網路業,0.23046211080726858,0.5173721995315225,0.4680546591618443,-0.9215016292658833,-0.20484733381750564,-1.1079946860123788,-0.40690728323159164,-0.9932027865436287,0.48196854785515286,-0.21517735572391114
5536.TWO,2026-10-08,聖暉*,上櫃,其他電子業,-0.17952097025812755,-0.6390722510122329,-0.8537569025799687,-0.05656718250981343,1.2962315302392908,0.5145209289111108,0.04480320570381843,-1.7801818305867934,-0.29522036157744586,-0.2165293148522402
6462.TWO,2026-10-08,神盾,上櫃,半導體業,-0.7538797125035294,-0.06085002574035522,0.869902201259674,-0.47190507893423433,-0.22091117479218647,-0.8633392951454448,-0.24429766094313515,-0.17526953366407239,-0.028957203194243736,-0.2166119426286142
4909.TWO,2026-10-08,新復興,上櫃,通信網路業,0.5389421741567926,0.5173721995315225,0.21939005133974276,-0.821530293687148,-1.2875858340367283,-0.8297061403817527,-0.719337737169041,0.41956196191672535,0.010296233383127212,-0.21695526499408438
3511.TWO,2026-10-08,矽瑪,上櫃,電子零組件,-1.2419757490130403,0.5173721995315225,0.01290084278090269,-0.2605223715704746,-0.04205793865228632,-1.2958502677126902,0.0034514947833408608,0.8901225290535969,-0.5390747278245505,-0.21729266540263098
2208.TW,2026-10-08,台船,上市,航運業,0.19578922155874226,-0.6390722510122329,0.7788617137085785,-0.7486856051308446,-0.3882463044024855,-1.0391687030040726,0.1407803906313066,-0.752202425093005,0.4953090278345765,-0.2174038816566041
4569.TW,2026-10-08,六方科-KY,上市,汽車工業,0.7311407808108569,-0.6390722510122329,0.005736184379729224,-0.6988205505026063,-0.7232741944989355,-0.5984264566077139,-0.3089118658221269,0.20896520436161145,0.06574903734361462,-0.21743490128308926
6409.TW,2026-10-08,旭隼,上市,其他電子業,0.01100336247185873,-0.6390722510122329,0.7182342378004984,-0.09056297069787807,0.2512833324134222,-0.2241109314498863,-0.36756673548306307,-1.468369919975559,-0.14793167321982362,-0.21745483879474042
2330.TW,2026-10-08,台積電,上市,半導體業,-1.967404411942955,-0.6390722510122329,-0.2723092315513956,1.8274486441865447,0.9992541097009777,0.6605045758157563,0.12069081215739351,-3.0763720142865325,0.3690127038316561,-0.21980522923342083
3217.TWO,2026-10-08,優群,上櫃,電子零組件,-0.2800732592269641,0.5173721995315225,0.7386738656885494,-0.6004750890311612,-0.5696518291708756,-1.32317327152527,-0.5111263296416549,-0.31013618381905383,0.34962055597119274,-0.2209965934693017
5425.TWO,2026-10-08,台半,上櫃,半導體業,-1.49661212458849,-0.6390722510122329,-0.6806110559499233,1.4162577543627821,1.7782389690016143,0.7510940638820556,-0.1463088318740358,-0.8212523296899041,-2.1633396079474005,-0.22240060153505942
1235.TW,2026-10-08,興泰,上市,食品工業,0.6567940726885858,-0.06085002574035522,0.3271808268157183,-0.6411976613077232,-0.559530791751624,-0.7641897206007129,-1.0372818737829153,0.09025380090517884,-0.013115041204616606,-0.22243737933094046
8162.TW,2026-10-08,微矽電子-創,上市,半導體業,-3.104901471462261,1.0955944248034002,-0.5277082901430953,0.7546446471842511,2.020464914791274,-0.765764934268423,-0.2947824530326051,0.2392164174042576,-1.4204359327502616,-0.2226302974970515
6120.TW,2026-10-08,達運,上市,光電業,-0.3511944499695963,-0.6390722510122329,-0.26889284640838734,0.11667421111473925,-0.08774915559352116,0.01671552360624918,-0.3669525447279395,-0.10758048500033049,-0.3189285008295705,-0.22299783320228775
6967.TWO,2026-10-08,汎瑋材料,上櫃,電子零組件,-1.0068170500113305,-0.06085002574035522,-0.8098204940507224,0.14888218143231488,0.048599195209298555,-0.7216258668203877,-0.33051540493673526,0.6982573328890092,0.02569356202401559,-0.22313295222276588
6411.TWO,2026-10-08,晶焱,上櫃,半導體業,-0.7992759329682129,-0.6390722510122329,0.39855210793649537,0.10597971837525151,-0.18928915903498333,-0.3564036172786193,-0.3108278483915461,-0.0697248076723988,-0.15319747129824762,-0.22369547348272156
7721.TW,2026-10-08,微程式,上市,數位雲端,0.34377088515418325,-0.6390722510122329,0.11009351922878048,-1.0071019112567383,-0.7986293034977819,-0.6751762755884856,0.07123018307113965,0.43223172411412336,0.14529933710366072,-0.2241504547425946
3685.TWO,2026-10-08,元創精密,上櫃,電機機械,0.40808418688138853,-0.06085002574035522,-1.6044790717019868,-0.24407254558785813,0.19585859487485507,0.34022746753397326,-0.43360857989779233,0.5022350953757426,-1.123158682512097,-0.22441817341934772
2413.TW,2026-10-08,環科,上市,電子零組件,0.6459654725584562,-0.6390722510122329,-1.5067614105329483,-0.013661763472502723,-0.24242073533982508,0.9858232893657173,-0.3212567996591998,-0.035030563561849304,-0.8965217381359863,-0.2247707221989301
3016.TW,2026-10-08,嘉晶,上市,半導體業,-2.487025833602171,2.8302611006190332,-1.6296851429522219,0.22799895950698118,1.951323599714119,0.41992609727900615,0.15930040171605486,-1.2532373977870968,-2.2426148043081944,-0.22486144664605442
2458.TW,2026-10-08,義隆,上市,半導體業,-0.1467090928729203,-0.6390722510122329,0.6173123222656278,-0.02494781032548732,-0.2561022829746485,-0.025001424770393944,-0.6576931812139423,-1.0742390073668593,0.17103141907560104,-0.22615792324391729
3003.TW,2026-10-08,健和興,上市,電子零組件,-0.7888507801216591,-0.6390722510122329,0.7575457380908243,0.47502184264556585,0.22959535576954762,-0.6813981686847376,0.172464439441565,-0.16571451287690017,-1.4003358247995203,-0.22674935128306084
3015.TW,2026-10-08,全漢,上市,電子零組件,-0.530147427774179,-0.6390722510122329,0.869902201259674,-0.09105939763648135,-0.061144316281945485,-0.8572850940442189,-0.3290349956869525,-0.20828624500343212,-0.19901660636235216,-0.22723823694912448
4551.TW,2026-10-08,智伸科,上市,汽車工業,-0.2043580548897228,-0.6390722510122329,-1.75922897400877,0.3515311144664333,1.349042191139911,0.634122837775965,-0.050640868377976406,-0.685794568064904,-1.0425004425694278,-0.22743322394896945
3530.TW,2026-10-08,晶相光,上市,半導體業,-0.5873276889645062,-0.6390722510122329,0.5852034393426587,-0.3477269778619989,-0.3276585222047948,-0.6588792983621167,-0.21881638403410555,0.2635213665343991,-0.12210332319682317,-0.22809551552883559
4583.TW,2026-10-08,台灣精銳,上市,電機機械,-0.41827261384891357,1.6738166500752778,0.6296558086050289,-0.792898121481222,-1.1098043518833587,-1.0764854283014311,-0.13594372358222123,-0.9632535863469893,0.11427050780851782,-0.23099053988392354
8182.TWO,2026-10-08,加高,上櫃,電子零組件,-0.32633176758160737,0.5173721995315225,-0.7623718588401156,-0.16433402038515882,0.056751778269677935,-0.3135470051907026,-0.2219346522877973,0.2075833480034992,-1.0752253252667996,-0.23133747819416467
6546.TWO,2026-10-08,正基,上櫃,通信網路業,0.2548120695800795,-0.6390722510122329,0.20135542135843754,-0.5000313484488556,-0.674099796903059,-0.5939294306968589,-0.20578148603671678,0.3134901143800821,-0.24684814601071525,-0.23223387264331544
6953.TWO,2026-10-08,家碩,上櫃,半導體業,-1.588924362399059,-0.6390722510122329,0.4042365035498611,0.12126540333164061,0.27036447951895975,-0.5398152359772954,-0.023355882499448286,-0.06511392069162311,-0.03142628981031366,-0.23242683955439006
4549.TWO,2026-10-08,桓達,上櫃,電機機械,-0.7162490238766418,-0.6390722510122329,0.2138975211409341,-0.4452138620805282,0.06947116869650426,-0.6796130264197411,-0.2912783277277525,0.1267130503443219,0.2643736469215016,-0.23299678933484827
2101.TW,2026-10-08,南港,上市,橡膠工業,0.23171505528470993,-0.6390722510122329,0.11951106938625725,-0.7114618632672638,-0.4450742801609126,-0.9984336804030263,0.3876598829291704,-0.7088324688586676,0.6616517267530343,-0.23359297881654795
2352.TW,2026-10-08,佳世達,上市,電腦及週邊設備,-0.33778349903339366,-0.6390722510122329,0.7532543437984518,-0.4729002799882876,0.39251485702925903,-0.6557752676844839,-0.23806246193227204,-1.145954366219839,0.23109259367826576,-0.23474292570717026
3438.TWO,2026-10-08,類比科,上櫃,半導體業,-0.47413311233027655,-0.06085002574035522,0.5967765597457909,-0.09551553394987589,-0.49356623786680853,-0.44387575346171043,-0.45091439956423524,0.5349332383585556,-1.2263976107300107,-0.2348380972821029
4934.TW,2026-10-08,太極,上市,光電業,-1.1920394147030888,0.5173721995315225,-2.478741485142427,0.1850040319613896,-0.47198199281141523,-0.20950657387507837,1.3280048705407073,0.3538714710305443,-0.14871008921769896,-0.2351918869650605
6129.TWO,2026-10-08,普誠,上櫃,半導體業,-0.3715550285713846,-0.6390722510122329,0.5703049899926584,-0.4128836483278947,-0.6981954306436668,-0.6645553352874484,0.03666885585478479,0.6704497627460309,-0.6116083364092499,-0.23560515796204484
2474.TW,2026-10-08,可成,上市,其他電子業,-0.5078581976166431,-0.6390722510122329,0.869902201259674,0.23960877597997343,0.05648987568573252,-0.10418870367707174,-0.6899685713418797,-1.662421838278678,0.3159125696810986,-0.23573290436889188
5244.TW,2026-10-08,弘凱,上市,光電業,0.576520247364156,-0.6390722510122329,-1.896173539178021,-0.5991018690126108,0.2669754771412654,-0.19346126038596617,-0.08291104683616514,0.5501623439318529,-0.10810000966905105,-0.23612910085075253
6909.TW,2026-10-08,創控,上市,半導體業,0.37651703429742744,1.0955944248034002,-0.3874328861991358,-1.0210106141242217,-1.3080818111690005,-0.8667463407599003,-0.08653247479271796,0.5186402972078572,-0.4739083379492235,-0.23921785652061278
5601.TWO,2026-10-08,台聯櫃,上櫃,航運業,0.3777344517683201,-0.6390722510122329,-1.0481198354753891,-0.5570765603581795,-0.688086206631351,-0.7365468458443365,-0.3137755997403586,0.7841374586161884,0.667283021589765,-0.2392802630097305
6217.TWO,2026-10-08,中探針,上櫃,電子零組件,0.225894127764851,0.5173721995315225,0.2923471197775909,0.22443013766511,-1.036912303979572,-0.22908191589857899,-0.1414429073486205,-0.6407936454543696,-1.367335739655488,-0.2395025475108394
6645.TW,2026-10-08,金萬林-創,上市,生技醫療,0.8352115636351922,0.5173721995315225,-2.407604925137155,-1.1675415279919268,-0.30412450412769815,-0.8290187890354465,-0.1069756183845395,1.294375513581323,0.008429399099597524,-0.23998629875879235
8092.TWO,2026-10-08,建暐,上櫃,其他電子業,-0.46952975958550974,-0.06085002574035522,-1.2297511678783197,-0.5497416674193388,-0.3313509520020582,-0.7977187100189945,-0.5467673715703769,1.367315167373655,0.4578724780805119,-0.24005800097342067
5310.TWO,2026-10-08,天剛,上櫃,資訊服務業,0.5956898540709467,-0.06085002574035522,-2.0943137655827724,-1.0680770130681778,-0.0008288654760746278,-0.5584150484096378,-0.601332805933341,1.289854919895774,0.3360059478799995,-0.24025186692929315
5269.TW,2026-10-08,祥碩,上市,半導體業,-0.13928938167396138,-0.06085002574035522,0.061788189770139786,-0.35097634604683875,0.47611818588263977,-0.2936643828827702,-0.6212491643154183,-1.6915190147203691,0.4347983995812039,-0.24276039334952548
5471.TW,2026-10-08,松翰,上市,半導體業,-1.4162334459382298,-0.6390722510122329,0.16467611424306383,0.9085512249100312,0.33933695248523377,-0.3786696419376663,-0.16351710191195726,-0.13101715708414102,-0.8739124792787905,-0.24331753172496542
3324.TWO,2026-10-08,雙鴻,上櫃,其他電子業,-2.021338929666568,-0.6390722510122329,0.31185479417980866,1.6521246581317435,1.8444530788292148,0.3896765486190646,0.24049775718193422,-1.8421021924287062,-2.1306676075550257,-0.24384157152452968
6794.TW,2026-10-08,向榮生技,上市,生技醫療,0.5525675536933556,-0.6390722510122329,-1.746061583328834,-0.3059653752855328,-0.4814486546968915,0.0437836573600688,0.30296320507647395,0.2508497062269617,-0.19078452808330731,-0.24590758556110426
6753.TW,2026-10-08,龍德造船,上市,航運業,-0.4853835585200059,-0.6390722510122329,0.869902201259674,-0.5146200216342856,-0.1340332095877458,-1.1621403669240629,0.0067593811137400695,-0.48947514033327516,0.3307934450686774,-0.24636328006327965
3092.TW,2026-10-08,鴻碩,上市,電子零組件,0.29636808986765006,-0.6390722510122329,0.2426214721018518,-0.40140798097630376,-0.9758146219756252,-0.5858175614187138,-0.45177010690061664,0.5983714637915492,-0.3101066437190891,-0.24740312669350337
2601.TW,2026-10-08,益航,上市,航運業,0.9163409543839013,-0.6390722510122329,0.648886265143923,-0.4964740142160365,-1.004077587560833,-0.4801936659174971,-0.851064182312278,0.29683621405606336,-0.6212867668833144,-0.2477894482575893
3508.TWO,2026-10-08,位速,上櫃,其他電子業,0.8062716391306398,-0.6390722510122329,0.869902201259674,-1.161536181871937,-1.5105359627408188,-0.6608318762180873,0.24058900471827005,0.5721163430068712,-0.7474009325877243,-0.2478331129239272
6908.TW,2026-10-08,宏碁遊戲-創,上市,電子通路業,0.7416628185311877,-0.6390722510122329,0.869902201259674,-1.2402058449729687,-1.568570898339408,-1.4897544366548288,-0.4505289993564454,1.1953598660501974,0.34720082576662487,-0.24822296874757777
3338.TW,2026-10-08,泰碩,上市,電子零組件,-1.1937640598105734,-0.6390722510122329,0.04221424302175877,0.07875475308353096,0.10690710274421192,-0.8766309859870798,0.19570173416201173,0.08098409626310141,-0.03447415046769886,-0.24881994644477443
6568.TWO,2026-10-08,宏觀,上櫃,半導體業,-0.9775930890837298,-0.6390722510122329,0.5047450935834996,0.3218748345203356,-1.0716071204833204,-0.3132132862948205,-0.12970791349926247,0.3343620998871462,-0.27121130517746667,-0.24904699306220568
9802.TW,2026-10-08,鈺齊-KY,上市,運動休閒,0.4326693587561965,-0.6390722510122329,0.14071946126340068,-0.7129558614920335,-0.8018271315326666,-0.8390840281094192,-0.03500390256320913,-0.3992298061940303,0.6120747487525916,-0.24907882357015584
6698.TW,2026-10-08,旭暉應材,上市,其他電子業,-0.3840337921003952,-0.6390722510122329,0.11618172967310555,-0.42453714046856333,-0.27538259408064725,-0.5760187210482127,-0.7066363924113853,0.7233356483943946,-0.08177691166037099,-0.2497711583015897
1713.TW,2026-10-08,國化,上市,化學工業,0.2184429496429938,-0.06085002574035522,-1.2543378351953425,-0.4018105684255697,-0.3163854965425043,-0.6637356347329045,-0.41461198807291405,0.008255599265308314,0.63502921991811,-0.2500004199870198
6689.TW,2026-10-08,伊雲谷,上市,數位雲端,-0.4768305236856991,-0.6390722510122329,0.5559321335624846,-0.508773334471101,-0.6601213159467093,-0.40400832807161785,-0.16493687977137192,0.2922854380443502,-0.25483855157100077,-0.2511515125469887
8289.TWO,2026-10-08,泰藝,上櫃,電子零組件,-0.896274710920134,-0.06085002574035522,-2.489542184242127,0.9791342322144093,0.06384869838342974,1.2685972929872613,0.24022617436524316,0.3060750315708861,-1.6725162326258673,-0.2512557471119171
3354.TWO,2026-10-08,律勝,上櫃,電子零組件,-1.1385698719991526,-0.06085002574035522,-1.3622852699884351,0.6502122297926843,0.10151604696911927,0.502007110714165,-0.06440474454365976,0.6824366594925562,-1.576290588689484,-0.25180316155472915
3673.TW,2026-10-08,TPK-KY,上市,光電業,0.7660653180940525,0.5173721995315225,-2.4757915166375284,0.05896522241385788,0.2526035096476116,1.0048307634104512,-0.20074600346319965,-0.9024499300116062,-1.291954286866096,-0.25234496932010386
6156.TWO,2026-10-08,松上,上櫃,電子零組件,-0.23420043208672184,-0.6390722510122329,-1.4599133260483264,-0.29445960136370647,0.3797240645552039,-0.5052044385771833,0.13656514618980048,0.6003032136379374,-0.256252528619426,-0.25250112814718384
4711.TWO,2026-10-08,永純,上櫃,化學工業,0.27602469244770506,-0.6390722510122329,-3.3294069789498977,0.13895782062788195,-0.058179695449718766,0.12590576348098909,-0.15086266667756862,1.1448981579062276,0.20933848899284738,-0.25359962984819634
3548.TWO,2026-10-08,兆利,上櫃,電子零組件,0.46603640740351454,1.0955944248034002,0.5625033095968228,-1.1183761259126874,-1.2582275717433786,-1.7256580490393607,-0.4107573320084982,0.1898322536990873,-0.087858475328472,-0.25410123983661914
1295.TWO,2026-10-08,生合,上櫃,食品工業,1.058203954069863,-0.6390722510122329,-0.3794777469683743,-1.4631094771778417,-0.9281224380132596,-1.3743813065354253,-0.34560514135779413,0.7889338874449855,0.9898475233906642,-0.254753666239935
8040.TWO,2026-10-08,九暘,上櫃,半導體業,-3.0145625235746563,-0.6390722510122329,0.7642608781206699,0.5714134824609453,2.002946984610506,-0.6560039359057849,0.12760801127778978,-0.13476870655757886,-1.3228680140429374,-0.2556717860692533
6147.TWO,2026-10-08,頎邦,上櫃,半導體業,-3.104901471462261,-0.6390722510122329,-1.4576581155676602,2.6451590105136202,4.724051076494504,-0.10134632092920769,0.03676868843378571,-1.9477738337735493,-2.4567305522431884,-0.25572264106068776
3588.TW,2026-10-08,通嘉,上市,半導體業,-1.135976277788776,-0.6390722510122329,0.869902201259674,-0.14329188121518824,-0.00697350638352988,-0.669767702086547,0.0034862280977969408,0.44776572439287443,-1.033870262186908,-0.25642196965809294
2417.TW,2026-10-08,圓剛,上市,電腦及週邊設備,0.6691471954071105,-0.6390722510122329,0.8267777588495401,-0.8249807072211732,-1.0135237005693432,-0.769704296861832,-0.46599487774293247,0.09386635729039391,-0.1878365005432904,-0.256813446933751
2359.TW,2026-10-08,所羅門,上市,其他電子業,0.29175398100757677,-0.6390722510122329,0.4699682261857719,-0.20044037318517074,0.03047266855028526,-0.18765653689575562,-0.49708909407454827,-0.7021214674907718,-0.8772797260839684,-0.2568293969998682
4739.TW,2026-10-08,康普,上市,化學工業,-0.5088986961775446,-0.6390722510122329,0.12335818157706158,0.5120297195949225,0.0025155042310892666,-0.02985140394147912,-0.04289405310515391,-0.27880572098496453,-1.4602452771990018,-0.25798488855747814
8011.TW,2026-10-08,台通,上市,通信網路業,0.5684386061465476,-0.6390722510122329,-1.0080477977427382,-0.7186867011908329,-0.6269173697798966,-0.5492764595406784,-0.4360556160756113,0.559338237166182,0.5208458886509045,-0.2588259403753729
5344.TWO,2026-10-08,立衛,上櫃,半導體業,-0.7147128436423971,-0.6390722510122329,-1.113534636695258,-0.25319583974744747,-0.0848205406754229,-0.5431677465076318,-0.2640319269939434,1.1055625128659015,0.1767323866910938,-0.2589156539685932
2434.TW,2026-10-08,統懋,上市,半導體業,-0.8561880262299408,-0.6390722510122329,0.8164937108295126,0.10654167247242446,-0.257450295810034,-0.5863384629863438,0.38817756432541756,0.6991167836130853,-2.0076761202229614,-0.2595994916690081
3467.TWO,2026-10-08,台灣精材,上櫃,半導體業,-0.8111908003577895,-0.6390722510122329,0.5922627865723396,-0.8673141938476837,0.28964779657982764,-0.7253330052087338,0.09031068904698274,0.6875791547411285,-0.9637593420647269,-0.26076324061676537
7823.TW,2026-10-08,奧義賽博-KY創,上市,數位雲端,-2.0317174169520973,-0.6390722510122329,0.3576595070551546,,-0.2577224325417695,,-0.32297992717699586,0.5750882895044687,0.48226659304349717,-0.26235394829713926
1796.TWO,2026-10-08,金穎生技,上櫃,食品工業,0.5142081398836784,-0.6390722510122329,0.41592353321788794,-1.1687460367343243,-0.7472606023686473,-1.2190605544143576,-0.43440602783491755,1.0520485859298023,-0.14280656458510918,-0.26324130865758
7723.TWO,2026-10-08,築間,上櫃,觀光餐旅,0.8647888529018591,1.6738166500752778,-2.4303066356357546,-1.2268763752998042,-1.1004869210016173,-0.6384608713737141,-0.5140927599696202,1.113055123797584,-0.11078797554128024,-0.2632612124496745
5398.TWO,2026-10-08,慕康生醫,上櫃,其他,1.2059151404590918,-0.6390722510122329,-2.4526272387470796,-0.78430299240829,-0.9486969677378495,-0.23358147389181078,-0.20499789554597458,1.3444543431374274,0.3419374685004327,-0.2634413185829206
2382.TW,2026-10-08,廣達,上市,電腦及週邊設備,-1.5386705499031326,-0.6390722510122329,0.7181200299966847,0.5354808524119082,0.4022647741870194,-0.4002653886464365,1.1937624605843593,-3.0763720142865325,0.4250915017672625,-0.2644067316556778
1529.TW,2026-10-08,樂事綠能,上市,電機機械,0.043742258148632904,-0.6390722510122329,0.011258809901050187,-0.6000229416289617,-1.2029374426597537,-0.5340548660357044,-0.27103257169151057,0.470984429870053,0.32982134486803055,-0.2657014700267107
2312.TW,2026-10-08,金寶,上市,其他電子業,-1.1209304196558445,-0.6390722510122329,0.48690522035085587,0.099731206275661,0.6016890223007259,-0.589242700713875,-0.14673638174266002,-1.1597565585117517,0.07078049345477302,-0.26629248547270534
3040.TW,2026-10-08,遠見,上市,其他,0.32418789204026655,-0.06085002574035522,0.31670090863207406,-1.135021172827922,-1.0967377313969726,-1.5877501773043794,-0.3115526031063367,0.7162395200629507,0.43040752397775767,-0.2671528739625464
4933.TWO,2026-10-08,友輝,上櫃,光電業,-1.2164214237820805,-0.06085002574035522,0.869902201259674,-0.24257136933148898,-0.503001646403326,-1.1773792582117037,-0.6482989374072309,0.2747484569440881,0.29931794569860576,-0.2671726729970908
7792.TWO,2026-10-08,安葆,上櫃,其他電子業,-0.27754966075696663,-0.06085002574035522,-1.2248108070097568,-0.19858238761699024,0.7382798006059146,0.4806534201377581,0.2451418561983713,-0.6134866402622658,-1.4999139491539955,-0.2679020437331429
5498.TWO,2026-10-08,凱崴,上櫃,電子零組件,-0.5778931905644027,-0.6390722510122329,-2.4497079686289185,1.9003379500058486,-0.7110462312841409,1.380121151819616,0.41636756076086273,-0.25604489173804673,-1.4743997947193315,-0.2679264072623051
3528.TW,2026-10-08,安馳,上市,電子通路業,-2.2784504136823585,-0.06085002574035522,0.13538537085599442,0.1685176518140352,0.7998948005001869,-1.0247034741596184,0.032638405146489434,0.1111305113405684,-0.29509953645418574,-0.2679485233754715
7819.TWO,2026-10-08,精誠金融,上櫃,資訊服務業,0.8023359936313402,-0.6390722510122329,0.869902201259674,-1.4631094771778417,-1.568570898339408,-1.7876404380667792,-0.5753440494423946,1.2864440487248294,0.6517632471849485,-0.26925462480420714
5015.TWO,2026-10-08,華祺,上櫃,鋼鐵工業,0.7399494013622602,-0.06085002574035522,-2.4433147568687428,-0.6701044385934942,-0.47217298208076114,-0.8746820963759748,-0.24219534217338085,0.9747027846139995,0.6161624186634157,-0.27027833746589264
2543.TW,2026-10-08,皇昌,上市,建材營造,0.8855725053930718,0.5173721995315225,-0.14677341066684668,-1.1453143254011013,-1.3729581156728687,-1.0434273621033607,0.1050370563680493,-0.6779667108153452,0.4443462971269535,-0.2704568740266583
3388.TWO,2026-10-08,崇越電,上櫃,電子零組件,-0.1739059854974769,0.5173721995315225,0.432578555866066,-0.3376902991301008,-0.6745169704160933,-0.9454744469957406,-0.33429797539210143,-0.019294978028559555,-0.9085468614762348,-0.2715307512820799
2314.TW,2026-10-08,台揚,上市,通信網路業,1.3582185702593927,-0.6390722510122329,0.7150914173223023,-1.3151018878582668,-1.4926726901222607,-1.268649264957542,-0.7626267417467717,1.0719772911090353,-0.12063043700852039,-0.2726073326683182
3527.TWO,2026-10-08,聚積,上櫃,半導體業,-0.4506680191202308,-0.6390722510122329,0.205980167281954,-0.6743791309542846,-0.26863789548654704,-0.9102337456355312,-0.4819194101988791,0.6690703158110168,0.09336418561145564,-0.272943975967031
3491.TWO,2026-10-08,昇達科,上櫃,通信網路業,-1.174369103649996,-0.6390722510122329,-3.509081147411912,2.9566737198044772,0.3376036493946349,2.5362654908960063,0.46531446441486796,-1.720816346084301,-1.711570773636575,-0.2732280330316701
5521.TW,2026-10-08,工信,上市,建材營造,0.44490397248596486,-0.6390722510122329,0.08498503992668059,-1.0295451132706088,-0.7228457699312075,-1.055785524583936,-0.44942113326415856,0.14290742302357193,0.7636941289304306,-0.27335324752172174
6153.TW,2026-10-08,嘉聯益,上市,電子零組件,-0.7567390775732714,-0.6390722510122329,0.5867999786198075,0.3666228903492432,-0.19041225383330843,-0.4947710351573714,-0.20234386141699975,-0.2863961332943211,-0.8454394645579689,-0.27352791198626925
7814.TWO,2026-10-08,海昌生技,上櫃,生技醫療,-0.7955882303070072,-0.06085002574035522,-0.08313101743980703,-0.3489460801972193,-1.0644457003636496,-0.7655489870147035,-0.23054261632260786,1.0231409289712867,-0.13702738413685087,-0.273659901394546
8255.TWO,2026-10-08,朋程,上櫃,電機機械,-0.7027654969387525,-0.6390722510122329,0.08340996934176385,-0.16216299202487494,0.3459356074029678,-0.24689661844484892,-0.30040753689723354,-0.48887407025884405,-0.3575435245022943,-0.27426410148159436
5489.TWO,2026-10-08,彩富,上櫃,其他電子業,0.27538228235158696,-0.06085002574035522,0.6279259666353817,-0.757774771893274,-0.9889184477239852,-0.6440010744842973,-0.18858711522127045,0.291496347402147,-1.0316432186169988,-0.27521889525456283
4716.TWO,2026-10-08,大立,上櫃,化學工業,-0.5686856167339858,-0.06085002574035522,-2.6756864587585993,0.35670808695101724,0.8321240492123219,0.028113505685047918,-0.135326621126456,0.7950484693780218,-1.0496263077630603,-0.2753534354328942
3257.TW,2026-10-08,虹冠電,上市,半導體業,0.02690509601277301,-0.6390722510122329,0.4643363909330328,-0.6851401577195205,-0.4555544492326425,-0.7284456500645016,-0.688334488875564,0.3407435837406011,-0.11546386499827486,-0.2755584212462588
2236.TW,2026-10-08,百達-KY,上市,汽車工業,-0.5124743305581428,-0.6390722510122329,0.869902201259674,0.22537490027279725,-0.878274577652558,-0.8585916696370659,-0.08750176710542792,0.1723565859154386,-0.7979622568398056,-0.27847146281748036
3051.TW,2026-10-08,力特,上市,光電業,-1.7489392558440175,1.0955944248034002,-0.006475414348668176,-0.2884355812408692,-0.06893255805923945,-1.3736329543293213,-0.21784810397101512,0.3750977037296313,-0.27623919536299846,-0.27886788162478865
6719.TW,2026-10-08,力智,上市,半導體業,-0.48202117036106706,-0.6390722510122329,0.42670360091392084,-0.23574618614362888,0.18906354857181928,-0.4421692925600103,-0.47826431420988036,-0.6581167318462625,-0.20474272350047992,-0.2804850577942024
3032.TW,2026-10-08,偉訓,上市,電子零組件,-0.870649300387274,-0.6390722510122329,0.827539099112507,-0.5610426274948694,0.2894127826025154,-1.4865443862004146,-0.3530574513241183,-0.14477853647295513,0.3939204738541978,-0.28269691081362713
6477.TW,2026-10-08,安集,上市,光電業,-0.327557836237465,-0.6390722510122329,0.7203742760297767,-0.5486606578047392,-0.46715698508170034,-1.097956831972984,-0.48976954365852204,0.30459798716654707,-0.022412371099059667,-0.28529046818559767
2468.TW,2026-10-08,華經,上市,資訊服務業,-0.21999837394141483,-0.6390722510122329,0.26663535603660005,-0.8858928900090791,-0.13862947035370857,-0.6643071641292942,-0.5874085729943779,0.5379937521115006,-0.2398975643029645,-0.28561968651055236
2492.TW,2026-10-08,華新科,上市,電子零組件,-2.2919370862548263,-0.6390722510122329,-2.450730598198618,2.8531266201396743,2.6681870418484364,2.0334317756657003,0.053454228682239015,-2.064418731944057,-2.7408421721756855,-0.28653346369437444
8249.TW,2026-10-08,菱光,上市,電子零組件,0.15913672267391737,0.5173721995315225,-0.49433822785703796,-0.7938234482075922,-0.7723849803219911,-1.3218516080645304,-0.3732306145551212,0.14551038311152967,0.3408453558783028,-0.28808491309011114
5340.TWO,2026-10-08,建榮,上櫃,電子零組件,-0.955372250615311,-0.6390722510122329,-1.1062421461643206,1.3824518165793487,-0.6315682813967869,1.1032084261049777,0.07272270837380648,-0.5994082032304814,-1.2241081989286728,-0.28859870892107475
3437.TW,2026-10-08,榮創,上市,光電業,-0.18169217828506107,-0.6390722510122329,0.7175458147686727,-0.4863206161734628,-0.3340314897565242,-0.568887762898463,-0.7077292633144491,0.4939421434336486,-0.8938860981827567,-0.28890352238006983
4195.TW,2026-10-08,基米-創,上市,生技醫療,0.6956117041803148,-0.6390722510122329,-0.186527192205722,-1.1823586917568725,-1.0182774301812099,-0.7700946579554341,-0.5994425849086833,1.0130125507612695,0.0582067668341788,-0.2921046429160435
3288.TWO,2026-10-08,點晶,上櫃,電子零組件,0.8074855280424011,-0.6390722510122329,-0.48664410137721464,-1.0858066003653477,-1.027869404367991,-1.2217515207083471,-0.898659533248487,1.698545179347424,0.21080031128131574,-0.29366359915649776
6770.TW,2026-10-08,力積電,上市,半導體業,-3.104901471462261,-0.6390722510122329,-0.03196233313516762,4.47481788178391,0.4356643068762758,0.7249481859285212,0.3184143025074164,-2.3766308127314035,-2.4454469390224065,-0.2937965700297054
1310.TW,2026-10-08,台苯,上市,塑膠工業,-0.1355879446649297,1.0955944248034002,-1.3275146376210387,-0.11800016573534684,-0.4972558971872108,-0.714541465745471,-0.20725416577867928,0.15817152571442905,-0.9031721093281921,-0.2943956039492266
6869.TW,2026-10-08,雲豹能源,上市,綠能環保,-0.4221742386978413,1.0955944248034002,-0.006476342991217338,-1.1156542736808912,-1.0994640548375307,-1.3905331613517757,0.20545016642676753,-0.21138414140058753,0.29479761008388844,-0.2944271124050875
6216.TW,2026-10-08,居易,上市,通信網路業,0.709882371207649,-0.6390722510122329,-1.590299095281757,-0.6803999087535916,-0.7413011400446103,-0.5116383339576619,-0.550493116182444,0.7496682782974649,0.5995577266565789,-0.29489949656340053
7770.TWO,2026-10-08,君曜,上櫃,半導體業,0.9552540243888532,-0.6390722510122329,-0.6700105696771611,-1.3656011810252338,-0.5442570491481803,-1.0156992486592926,-0.7308315275639509,1.0518186680996482,0.30285510767673995,-0.2950604474356455
2472.TW,2026-10-08,立隆電,上市,電子零組件,-1.299572266836269,-0.6390722510122329,-1.4139312879781416,1.5503143488884505,0.6829301153373628,0.5986606601391855,0.10227202295823806,-1.0742510677001529,-1.1671899564474386,-0.29553774251677756
7711.TW,2026-10-08,永擎,上市,電腦及週邊設備,-0.49090689164666235,0.5173721995315225,0.21968696436532964,,0.3923781124815797,0.012903864405016705,-0.3259100922650419,-1.15141543419327,-1.5427550892013784,-0.296080795815363
8932.TWO,2026-10-08,智通*,上櫃,數位雲端,-0.1602566397677283,0.5173721995315225,-0.09952654873259195,-0.46251294241965707,0.09749452669424691,-0.20524597610711365,-0.22993138345402178,-1.06473711988761,-1.062208241254626,-0.29661690282195324
3645.TW,2026-10-08,達邁,上市,電子零組件,0.7043662671321003,0.5173721995315225,0.4159230944190239,-0.8338939953490359,-1.3564902780184045,-0.9713574377184283,-0.4349884230247161,-0.22697538889387422,-0.4894631966550696,-0.2972785731752091
6727.TWO,2026-10-08,亞泰金屬,上櫃,電子零組件,-0.8738418295781205,0.5173721995315225,-1.0576484327030726,1.5129462274778054,0.04774896477977431,0.5500682704155125,-0.1971722184443728,-0.4437089586563668,-2.7408421721756855,-0.29834199437255593
8455.TWO,2026-10-08,大拓-KY,上櫃,其他電子業,-1.2956041343746294,,-0.25240691114130775,-0.7232781152037536,-0.7681403716694581,-1.2314053292049758,-0.13948230600786152,1.5012461533932966,0.5069594472525633,-0.3002639458695158
1503.TW,2026-10-08,士電,上市,電機機械,-0.928050914692242,-0.6390722510122329,0.4435766440742914,0.20167267023192345,-0.19014769278609883,-0.2142310493527224,-0.3435538190339076,-1.6465562783477554,0.6114931076559342,-0.3005410648069789
6144.TWO,2026-10-08,得利影,上櫃,文化創意業,1.0258874514251348,-0.6390722510122329,-2.4108061391320765,-1.0185213429811695,-0.7418624202866786,-0.3637514606446215,-0.365104253033671,1.5860614660050054,0.21214350739820587,-0.3016694935846782
3057.TW,2026-10-08,喬鼎,上市,電腦及週邊設備,-1.6513414123557562,0.5173721995315225,-0.4738768093397845,0.15770707183041976,-0.3425893154167886,-0.8490061913864614,-0.10738445940509847,1.1399728104180544,-1.1091791764726495,-0.30203614251072686
2355.TW,2026-10-08,敬鵬,上市,電子零組件,-0.6794209817090685,0.5173721995315225,-0.7569478968905405,0.30012964198172304,-0.2744236315856163,-0.30851304189909673,-0.2240984492238971,-0.5849603995986626,-0.707494605362222,-0.3020396849728731
1717.TW,2026-10-08,長興,上市,化學工業,-1.4112837749293978,2.2520388753471554,0.5499564160595581,0.06580731477864228,0.3868047984218895,-1.2096208647965683,-0.15914504990242784,-1.553603209694338,-1.6423361522756204,-0.30237573855456745
6861.TW,2026-10-08,睿生光電,上市,生技醫療,-0.8345232969832904,1.6738166500752778,0.40970420254449547,-0.5776568773554664,-0.9139095790068219,-0.24245166222656636,0.11338034408552622,-0.2816132468548838,-2.0781127378555233,-0.3034851337308059
5347.TWO,2026-10-08,世界,上櫃,半導體業,-3.104901471462261,1.0955944248034002,0.1513042567418551,1.2855603904640371,1.8887713978150358,-0.23419667150528004,0.009664488222499167,-2.3945023991590775,-1.436079859110707,-0.3043094936878331
6988.TW,2026-10-08,威力暘-創,上市,汽車工業,1.1336302912973233,-0.6390722510122329,-3.09101713010567,-0.8402640712163624,-0.5421313412038883,-0.1564519945682139,-0.43643097569931727,1.4885741410640214,0.3386451045349216,-0.30494646965660205
7822.TW,2026-10-08,倍利科,上市,半導體業,-0.08625970862626003,-0.06085002574035522,0.869902201259674,-0.47306518480195586,-1.2624773087682601,-0.45303232359856416,0.30482221176844887,-1.1192983136734562,-0.4681103400727846,-0.3053743102503904
4952.TW,2026-10-08,凌通,上市,半導體業,-1.5086428356452275,-0.6390722510122329,0.0917844990799595,0.1408450058319691,0.11321584044756422,-0.7083535743574082,0.04778490749312783,0.15945919167569547,-0.44766698655806086,-0.305627355893846
2401.TW,2026-10-08,凌陽,上市,半導體業,-1.3138225973205748,-0.6390722510122329,0.30686810080486077,-0.029020401966944893,0.4742941091520232,-0.6605873339225157,0.01378475135261733,-0.4907264605047049,-0.41428241852718745,-0.30584050021607323
7820.TWO,2026-10-08,立盈,上櫃,綠能環保,0.9955699989385874,-0.06085002574035522,0.09225280528263959,-1.0021508298633943,-1.332008329701763,-0.8840320951602996,-0.15883045194923862,0.3043430657298677,-0.7096222361757071,-0.3061475665155181
3597.TWO,2026-10-08,映興,上櫃,電子零組件,-0.5884095282537048,-0.6390722510122329,-3.509081147411912,-0.2711939988009277,1.9271536069149193,0.08900560256762377,-0.060431415862647705,0.8940712367369493,-0.6112599864263134,-0.30769087572758286
3372.TWO,2026-10-08,典範,上櫃,半導體業,-0.40260008691398197,-0.6390722510122329,-0.04909263830596455,-0.3100831103879406,-0.98530727755443,-0.23645940035966906,-0.08002638775904869,0.3520038539705655,-0.42649217072898626,-0.3085699410057432
6955.TW,2026-10-08,邦睿生技-創,上市,生技醫療,0.3095357672053392,-0.06085002574035522,0.6902527151302194,-1.0104805755001198,-1.3903243149576672,-1.1161126242723085,-0.15528025737059853,0.5419686217084154,-0.5961721095802976,-0.30971808926415256
6274.TWO,2026-10-08,台燿,上櫃,電子零組件,-3.104901471462261,-0.06085002574035522,-1.9296356242576485,2.6523488422838843,2.3745885898073817,0.1306160589893222,0.8050222215408694,-2.636328739325867,-1.0297757707812465,-0.3109906576606578
2376.TW,2026-10-08,技嘉,上市,電腦及週邊設備,-2.5754299124200317,-0.6390722510122329,0.2852597638022409,0.5767881703315042,1.7568710325354215,-0.7393683208760542,0.5106180773229834,-2.1720568183625817,0.1954140585543535,-0.31121957779159964
3709.TWO,2026-10-08,鑫聯大投控,上櫃,電腦及週邊設備,-1.9023859956204483,-0.6390722510122329,0.0352581994693285,0.33227066817829337,-0.3734983261601513,-0.6045795950916305,0.31724612597453844,-0.20546413199462496,0.23752034638974695,-0.31141166220746447
6215.TW,2026-10-08,和椿,上市,其他電子業,-0.6249764972539925,-0.6390722510122329,0.6277160850176731,-0.5428196439182622,-0.6209469745073813,-0.9380240969600884,0.8078922503181547,-0.07612502761983278,-0.8259325186261559,-0.31469874161801314
3564.TWO,2026-10-08,其陽,上櫃,通信網路業,-0.16734647695272642,-0.6390722510122329,-2.489542184242127,-0.3439280935394614,1.1682799742234014,0.15963861849880442,0.07317315027386054,0.337032208482425,-0.943036458628472,-0.3160890569885032
6104.TWO,2026-10-08,創惟,上櫃,半導體業,-0.7341769075441112,-0.6390722510122329,0.6500889181755308,-0.4784094043283268,-0.3330157741969104,-1.0279777022106502,-0.3111018843390775,-0.08867442423263817,0.11576715847465154,-0.31628580791264055
2404.TW,2026-10-08,漢唐,上市,其他電子業,-0.6641666386572544,-0.6390722510122329,-0.4372749935344105,-0.010611384730936044,1.051639894062135,0.23741465961601274,0.17022685013034458,-2.1857946763968097,-0.38090871585038366,-0.31761636181928166
6261.TWO,2026-10-08,久元,上櫃,半導體業,-0.42754635751961795,-0.6390722510122329,0.869902201259674,-0.472520467922678,-0.9417445133597522,-0.7397806092394287,-0.34557383252097745,-0.21677217441719465,0.04027647226287081,-0.3192035036077041
2369.TW,2026-10-08,菱生,上市,半導體業,-1.719743409832911,-0.6390722510122329,-0.5209522272256919,1.3847210154537344,-0.12654522133959703,0.3936503549260151,-0.055857354607878114,-0.34731083298897747,-1.243182487329104,-0.3193658237729603
2491.TW,2026-10-08,吉祥全,上市,光電業,-1.4920613862030014,-0.6390722510122329,0.08188351381691436,0.9897305558817701,0.13460144505258959,-0.396811754174315,-0.24600515415990137,0.4687986300604332,-1.7813733830334215,-0.3200344204190183
9906.TW,2026-10-08,欣巴巴,上市,建材營造,0.5473509071823235,-0.6390722510122329,-0.1918694344628867,-0.9566764583166983,-0.3372474276492921,-1.1154701623692536,-0.8272062181696798,0.4049194299124813,0.21876950497186684,-0.3218335677681524
4745.TWO,2026-10-08,合富-KY,上櫃,生技醫療,-0.42311732110120925,-0.6390722510122329,0.7316528880348278,-0.7208451750314279,-1.247465440691167,-0.9016218091863968,-0.4548005586716237,1.304674353287764,-0.5504249857739694,-0.3223355889050483
5302.TWO,2026-10-08,太欣,上櫃,半導體業,-1.297293269163894,-0.06085002574035522,0.2225427280541187,0.12555904469113396,-0.7206207913881022,-0.6331280614508337,-0.6481260671324206,0.8998822808926822,-0.7893807744576341,-0.3223794372994783
6789.TW,2026-10-08,采鈺,上市,半導體業,-2.0737116527196062,2.2520388753471554,0.7657871581619254,-0.06539855695413817,-0.461317570249839,-0.9919108279946544,-0.18469535263394604,-1.8902090455945404,-0.2547011707914759,-0.3226797937143465
2497.TW,2026-10-08,怡利電,上市,汽車工業,-0.9393649771026713,-0.6390722510122329,0.14125477209652915,-0.2356900845365372,0.06345765255462356,-0.7232129042408513,-0.19076836578515127,0.10607909280553238,-0.49881946549698786,-0.32401517007974967
3563.TW,2026-10-08,牧德,上市,光電業,0.3811488720087529,-0.6390722510122329,0.602572329326984,-0.37859444792404323,-0.9445076168045708,-0.2765181064951392,-0.031817559757032744,-1.1667634298032763,-0.46283949634123295,-0.3240435229779768
3219.TWO,2026-10-08,倚強科,上櫃,其他電子業,-0.19748158986394218,-0.6390722510122329,-2.267323066246118,-0.36411879927908397,2.509269184295381,0.5429953754602723,-0.16971406711239825,-0.18585954892868042,-2.1691065282147157,-0.32671236565572426
1616.TW,2026-10-08,億泰,上市,電器電纜,-0.017668071494771356,-0.6390722510122329,0.22738459619726986,-1.0068871041575707,-0.7363403644003401,-1.124333643619065,-0.392379774874269,0.38922424155333585,0.35956973180439816,-0.32672251555591614
7709.TWO,2026-10-08,榮田,上櫃,電機機械,-0.8311921268246756,-0.6390722510122329,-0.19346145383406604,-0.1575061917296103,-0.16216051442399917,-0.2784275617626442,-0.17696746222823767,0.46788669910496844,-0.9734872301568077,-0.32715423254081166
4707.TWO,2026-10-08,磐亞,上櫃,化學工業,-1.7712636550075098,-0.6390722510122329,-2.584254390520351,1.9954840558067557,2.580532525425532,0.6016052637481056,-0.7400204427510396,-0.414111845014803,-1.974855586231663,-0.32732848061746744
9914.TW,2026-10-08,美利達,上市,運動休閒,0.521260940293681,0.5173721995315225,0.1052333136645329,-0.7244912971075368,-0.18278184542682144,-0.9334286489532962,-0.5193012769592482,-0.6584726762074364,-1.073690031401057,-0.32758881361840664
6152.TW,2026-10-08,百一,上市,通信網路業,0.21320097389015075,-0.6390722510122329,-3.509081147411912,-0.05878844098054748,0.12770296630710834,1.5108785135093952,0.6839942628190625,0.4076332316003086,-1.6873997550366113,-0.3278812940350309
6441.TWO,2026-10-08,廣錠,上櫃,電腦及週邊設備,-2.160814128259395,-0.6390722510122329,0.802441913434537,-0.5599409408521893,0.13864966655938937,-1.3225546053356765,0.8312889869891067,1.067891323927338,-1.1181098166800096,-0.3289133168032369
7402.TWO,2026-10-08,邑錡,上櫃,光電業,0.11484610789120438,-0.6390722510122329,0.7027656146616218,-0.8333379266507736,-0.6329427495070419,-1.260040617307796,-0.20597931226628946,0.41156614230381333,-0.62393521688987,-0.3295700231974849
2483.TW,2026-10-08,百容,上市,電子零組件,-0.47689115548787137,-0.6390722510122329,-0.8098191086164327,0.12563878742276866,0.3072851335312767,-0.11467594403965077,-0.04124253631951755,0.31038626427386334,-1.6380482415032191,-0.3307154501945573
7722.TW,2026-10-08,LINEPAY,上市,數位雲端,1.2883061128925137,-0.6390722510122329,-0.28852724378198,-1.2607618523798179,-0.7118390702028281,-0.7359711800300341,-0.2654104014470238,-0.6141813396825571,0.24748510879110253,-0.3311080129836508
6928.TW,2026-10-08,攸泰科技,上市,電腦及週邊設備,-0.3422936001671574,-0.6390722510122329,-0.08993933891769114,-0.6470855011159713,-0.38659278758687665,-0.9408011129700573,-0.72922513158049,0.35031931536422545,0.440437259507353,-0.33158368316432196
6143.TWO,2026-10-08,振曜,上櫃,通信網路業,0.06538278638831502,-0.6390722510122329,0.7448595351951659,-0.9023199063399917,-0.7273593423314288,-1.3830755276568427,-0.4523219474797059,0.02267730104504501,0.2720430658179106,-0.33324292070819617
4770.TW,2026-10-08,上品,上市,化學工業,0.5175470076240688,-0.6390722510122329,-0.9511055805721556,-0.6470623315963108,0.3951449773167021,-0.3327505499842629,-0.5952416345699085,-0.7234628672190873,-0.030217786856860565,-0.33402455743000525
3630.TWO,2026-10-08,新鉅科,上櫃,光電業,1.099260908825865,-0.06085002574035522,-2.5146147300640953,-0.602783600732888,-0.41413346550956126,-0.3069879583024419,-0.43354381965866895,0.11804165284436142,0.09938718502051735,-0.33513598370191855
6205.TW,2026-10-08,詮欣,上市,電子零組件,-2.0591431268299805,1.0955944248034002,-0.019084632508403435,-0.1820958794704388,0.5781842834044717,-1.4673792178792817,-0.12418237537060275,0.10322216635599975,-0.9471971933452651,-0.3357868389822334
2324.TW,2026-10-08,仁寶,上市,電腦及週邊設備,-1.5494577425776117,-0.6390722510122329,0.6827493329161713,0.7150473562578634,0.32317154887417615,-0.4998447556116816,-0.2148660191631018,-1.9034021415998,0.060761189702674044,-0.336101498023727
6532.TWO,2026-10-08,瑞耘,上櫃,半導體業,-2.6065943812379793,-0.6390722510122329,-0.7946878571560306,1.3251439099475677,1.4897253967075719,-0.0620971196318512,0.3014325942791031,0.32070176132991696,-2.3668033666210353,-0.33691681259944106
6796.TW,2026-10-08,晉弘,上市,生技醫療,0.5666133165343107,-0.6390722510122329,-2.040353341129342,-0.5099019046837453,-0.8542510898336606,-0.29095898454147157,-0.12771446509664794,0.6733689825370012,0.189039094164487,-0.33702562700681127
6530.TWO,2026-10-08,創威,上櫃,通信網路業,-0.427451989126971,-0.6390722510122329,-0.1160969145648675,0.14606619344883331,-0.4344914957338091,-0.2733516611284492,-0.24791351943136178,0.4579276152040628,-1.5010263455578106,-0.3372678186558451
3150.TW,2026-10-08,鈺寶-創,上市,半導體業,-0.8240568261498786,-0.6390722510122329,-0.3578025045132048,-0.570463222926206,-0.17603619790548555,-1.0809120052029737,-0.41782468647176996,1.3987550946611145,-0.3911562242008852,-0.33984098041350247
6664.TWO,2026-10-08,群翊,上櫃,電子零組件,-0.6624324193001705,-0.06085002574035522,0.11447135945340944,-0.250284332735726,-0.5389015402708972,-0.9182339228131771,-0.061231575499002135,-0.7311604029093327,0.04305754911617347,-0.3406183678554531
7734.TWO,2026-10-08,印能科技,上櫃,半導體業,0.785419102899735,-0.06085002574035522,0.5093177228388355,-0.6565029099410447,-1.1563794186379235,-0.38972458653917025,-0.3512070152281962,-1.4625841524548848,-0.2832160441731243,-0.3406363696640143
3466.TWO,2026-10-08,德晉,上櫃,通信網路業,0.8152466571265569,-0.6390722510122329,-1.8370872452706921,-0.9582735621230329,-0.7711099054594699,-0.5352780298906918,0.08962467292674782,0.6867650055048942,0.07625677179831178,-0.34143643182217875
1609.TW,2026-10-08,大亞,上市,電器電纜,-1.0045558487471227,-0.6390722510122329,0.30050331810615777,-0.26255079321297,0.0926630385928665,-0.6687517334511088,-0.03909966755493622,-0.8980139206854908,0.04198744646846613,-0.3418767123884857
3305.TW,2026-10-08,昇貿,上市,其他電子業,-0.3618196901005272,-0.6390722510122329,0.3945089856057906,-0.4881194473335063,-0.16260873694692765,-0.6539818515854515,0.0695315779177524,-0.5083184065789778,-0.7304388613976506,-0.3422576312701923
8240.TWO,2026-10-08,華宏,上櫃,光電業,-0.9902739752451898,-0.06085002574035522,0.646684518525805,-0.2063832882204384,-0.3414789743875232,-0.8835784310242908,-0.4490743021639951,0.14172765156929767,-0.9420942176303616,-0.3428134493685613
8374.TW,2026-10-08,羅昇,上市,電機機械,-0.8811912940009349,-0.6390722510122329,0.564102269587438,-0.5552200783300414,-0.16739840089721816,-0.9816961326875618,-0.03417532424900502,-0.11579951911220131,-0.27886478908492845,-0.3432572799762984
6235.TW,2026-10-08,華孚,上市,電腦及週邊設備,0.1037834980989437,-0.6390722510122329,0.6982856496060782,-0.9412799120346721,-0.9211222931779645,-1.1065606332063458,-0.27714127482064665,-0.029289663884124344,0.02017809106845634,-0.3435798654847231
6715.TW,2026-10-08,嘉基,上市,電子零組件,-0.8140350773221863,-0.6390722510122329,-1.6365882349496015,0.8101181945894234,-0.6275171323756426,1.3912072529330701,0.636750843994801,-0.930455425260615,-1.301551875123765,-0.34568263383630543
3049.TW,2026-10-08,精金,上市,光電業,-0.8591133885441775,-0.6390722510122329,0.46021478723346404,0.8865424980398079,-0.7177068090413865,-0.046245875390118096,-0.9645792317474892,-0.20466893525562416,-1.02686030258393,-0.34572105647796514
6121.TWO,2026-10-08,新普,上櫃,電腦及週邊設備,-0.47266019547773186,-0.6390722510122329,0.5600719280798904,0.14573791266060931,-0.0009047643363502605,-0.21571911578245095,-0.3000723608447517,-1.3897499192060696,-0.8035968903452331,-0.34621840625159117
3227.TWO,2026-10-08,原相,上櫃,半導體業,-0.48053454101323023,-0.6390722510122329,0.5076978464757625,-0.3218825808493886,-0.18976400121135376,-0.605167277552354,-0.2526324104330766,-0.8640541192431288,-0.27368662894412277,-0.346566218198125
3178.TWO,2026-10-08,公準,上櫃,半導體業,0.01905370442354591,-0.6390722510122329,-0.09823765947737916,-0.7224457972240123,-0.5368549775674832,-0.5972933203335511,-0.2755076186839969,0.4972019096281711,-0.7690312983899539,-0.3469097009596547
3081.TWO,2026-10-08,聯亞,上櫃,通信網路業,-0.14541290366512455,-0.6390722510122329,-2.476913695411414,1.1116261175846016,0.39414168804606514,0.8713684249903365,1.2235705078255605,-2.3031054310179617,-1.1605771359120602,-0.34715274206358104
6230.TW,2026-10-08,尼得科超眾,上市,電腦及週邊設備,-0.12134785217354488,-0.6390722510122329,0.11666332443886693,-0.592631176702136,-1.095015171661489,-0.5440479372116042,-0.34765985345013883,-0.22634073290853327,0.32079276418682623,-0.34762876516599844
3114.TWO,2026-10-08,好德,上櫃,電子零組件,-0.8972220360553783,-0.06085002574035522,-2.484885968322896,0.4933590077134594,1.030261558941688,0.15295318027551633,-0.30691242344696185,0.5932880793901574,-1.655073513769624,-0.3483424601127104
5202.TWO,2026-10-08,力新,上櫃,資訊服務業,0.2944772609128873,-0.6390722510122329,-1.393553397309413,-0.9621853773346022,-0.27164636734573866,-0.5271462052139381,-0.11447750578824897,1.037915240364453,-0.562118987415775,-0.34864528779362314
2476.TW,2026-10-08,鉅祥,上市,電子零組件,0.10816501860520822,-0.06085002574035522,-0.596522374011308,-0.6165267237776563,-0.03297135450629299,-0.8769317793316758,0.014559641438469146,-0.8679231473930925,-0.21327469653913655,-0.3491417156950933
3048.TW,2026-10-08,益登,上市,電子通路業,-0.8470525303688085,-0.6390722510122329,-1.3948914194421784,0.5295268317292542,0.9515990114188713,0.1753993407710029,0.09469928167072288,-0.4902683732717327,-1.5455799262808991,-0.35173778164288894
6761.TWO,2026-10-08,穩得,上櫃,電子零組件,-1.7392981363722948,1.0955944248034002,0.15512658623397674,0.3255431350600293,-0.20707919673253822,-1.2437500887584994,-0.1611336692872149,0.10172386390848506,-1.498419772771569,-0.35241031710180276
6862.TW,2026-10-08,三集瑞-KY,上市,電子零組件,-0.8481978703660247,2.8302611006190332,-1.4261216268624493,-0.14002695895047262,-0.9503644496250279,-0.91750686619086,-0.33204828808095427,-0.03837083104420189,-1.3533613342383222,-0.35285968052658656
3545.TW,2026-10-08,敦泰,上市,半導體業,-0.6773132581512364,-0.6390722510122329,0.869902201259674,-0.6998452291767191,0.03535474747417262,-1.1053593535658717,-0.41170179885041475,-0.2804044042109784,-0.2746286507748949,-0.3536742218898335
6423.TWO,2026-10-08,億而得,上櫃,半導體業,-1.2148852006179653,-0.6390722510122329,0.4784419529711204,0.02700631022894143,-0.2786483963415851,-0.5262888501003482,-0.32909754583572615,0.5651122707992424,-1.2705407587700404,-0.3542191631865104
3031.TW,2026-10-08,佰鴻,上市,光電業,-1.5915476250723792,-0.06085002574035522,-1.663449220174549,0.36983981570508334,1.3354171884132044,-0.021242730393140802,-0.09973757540334002,0.10907448948002142,-1.5756447498696926,-0.3553489370061275
3444.TWO,2026-10-08,利機,上櫃,電子通路業,-0.5248888455273388,-0.6390722510122329,0.47926836171709186,-0.30667323423752096,-0.730112978363914,-0.829122128242404,-0.10436762062556175,0.40750390364941824,-0.9601457312720026,-0.3564011693238295
9136.TW,2026-10-08,巨騰-DR,上市,其他／未分類,-0.8275644937487739,-0.6390722510122329,-0.04998973425825466,0.3589021592468256,-1.1445243240760885,-0.3917718101994018,,-0.28828644302645373,0.1308494711533285,-0.3564321782401315
2231.TW,2026-10-08,為升,上市,汽車工業,-0.8925359364959202,0.5173721995315225,0.75915012769924,-0.7898204199128758,0.18888278995239025,-1.202336418598558,-0.5637349562048752,-0.35957282554082975,-0.8674537178470029,-0.3566721286018788
6597.TWO,2026-10-08,立誠,上櫃,電子零組件,-1.4506830812332452,-0.6390722510122329,-1.3075144227987772,0.5810218974604908,0.16707365149276968,-0.8131747568789878,-0.39659091144272696,0.7306390631019017,-0.08230175918681998,-0.3567336189441809
7547.TWO,2026-10-08,碩網,上櫃,數位雲端,-0.9914711306547507,-0.06085002574035522,0.7052239264935207,-1.1777615859596937,-0.2994398746145732,-1.1404679458033808,-0.3596939489477599,0.7410532384036619,-0.631698643387509,-0.3572339989123156
6412.TW,2026-10-08,群電,上市,電子零組件,-0.3268357684108156,-0.6390722510122329,0.6897703902890181,-0.591285607305225,-0.393047248987068,-1.345450180652765,-0.510231443309702,-0.8819823663718113,0.7824609829558973,-0.35729705475607826
4576.TW,2026-10-08,大銀微系統,上市,電機機械,-1.7222540492631646,-0.6390722510122329,0.869902201259674,0.2869978304886807,0.22210585026462984,-0.536115377866416,0.5073170111734943,-0.8414893767936011,-1.3642471534593312,-0.3574283683564741
3625.TWO,2026-10-08,西勝,上櫃,電腦及週邊設備,0.33197022493586104,-0.06085002574035522,0.7027640176686878,-1.4631094771778417,-1.3027776305958327,-1.7900937004809834,0.002233610234557968,1.0875149368451518,-0.7296554940658131,-0.358000393152952
1514.TW,2026-10-08,亞力,上市,電機機械,-0.8810778477964663,-0.6390722510122329,0.5421514314430113,-0.11764136586516345,-0.46434056184801903,-0.369612851652365,-0.5694523559240102,-0.8671725364686316,0.13929571877519864,-0.35854695781651985
5483.TWO,2026-10-08,中美晶,上櫃,半導體業,-1.8417949739815984,-0.6390722510122329,-0.7184880543529949,1.0911702519715303,1.7793527091394619,0.48558088782033776,-0.23926753436105005,-1.8305730274618663,-1.3236035954380163,-0.3596328430751588
6643.TWO,2026-10-08,M31,上櫃,半導體業,-1.7446319018432161,0.5173721995315225,0.869902201259674,-0.4714262698412787,-0.1266680119973541,-0.9426031279155915,0.2914922667351439,-0.6753706810554668,-0.9568584844055823,-0.35986575661468323
2383.TW,2026-10-08,台光電,上市,電子零組件,-2.2289856833031316,-0.6390722510122329,-3.509081147411912,3.675684397071424,2.2589855790798112,1.5857755494155819,0.7822248512234249,-3.0763720142865325,-2.0890497464794553,-0.35998782952255803
6285.TW,2026-10-08,啟碁,上市,通信網路業,-1.8427040040095868,-0.06085002574035522,-1.6708548168568882,0.8017797547618369,1.8339093709417231,-0.3312893711856147,0.36179084298904257,-1.7617905854065314,-0.5750265824562933,-0.36055949077362964
3027.TW,2026-10-08,盛達,上市,通信網路業,-0.09332901760327715,-0.6390722510122329,-0.6653288766919188,-0.7791456662091455,-0.44315306841197166,-1.0104735948045294,-0.4371387487069787,0.6246199598102147,0.19637678168230152,-0.36073827577194867
2349.TW,2026-10-08,錸德,上市,光電業,-0.19269349856926765,-0.6390722510122329,0.7068217088481357,-0.7579637574522997,-0.7529082958984624,-1.3164401152186422,-0.3512500199235513,-0.0261554880629269,0.08271768841047492,-0.36077155876430805
6949.TW,2026-10-08,沛爾生醫*-創,上市,生技醫療,0.20104239111017785,-0.06085002574035522,-0.8286937827620742,0.40256317126871316,-0.2438684137170587,-0.2551817220869967,1.083606023572464,-1.3340721858205158,-2.214323415031213,-0.36108643991187317
2486.TW,2026-10-08,一詮,上市,光電業,-0.7965573202372268,-0.6390722510122329,0.869902201259674,0.5880690390539143,-0.3188740389597051,-0.29969562004594685,0.05801096447594241,-1.292075413255617,-1.424303257712962,-0.36162174404824005
1608.TW,2026-10-08,華榮,上市,電器電纜,-1.2693400460496482,-0.6390722510122329,0.08108358365229172,0.4895219339526504,0.25892820782514697,-0.15730542926501934,-0.18551011274949003,-0.7387902529292739,-1.0971629443177413,-0.36196081232147964
6821.TWO,2026-10-08,聯寶,上櫃,電子零組件,0.9962094447084079,0.5173721995315225,-2.4696654209085493,-0.7653462563871203,-0.832994151389641,-0.5843940980523785,-0.6136871436005813,0.8836498422566431,-0.3954059579679732,-0.3626957268677411
6231.TWO,2026-10-08,系微,上櫃,資訊服務業,-1.6634708623459078,1.0955944248034002,0.019409697305046575,-0.4803713061304122,-0.19879911673552403,-0.9892624902875505,-0.28499982581301325,-0.2643172764570532,-0.5178179028017695,-0.36489273982919823
2321.TW,2026-10-08,東訊,上市,通信網路業,0.4211284309547743,,-2.489543734691633,-0.36318984799474807,-0.1611168959652619,-0.33558431947233114,-0.3254304881443453,1.6976921737794597,-1.367340690665669,-0.3654231715249693
8131.TW,2026-10-08,福懋科,上市,半導體業,-2.2848908968604595,-0.6390722510122329,-1.7878848137820558,2.392216271659525,-0.12858851249697445,1.02953225886439,-0.08739395856605951,-0.8987201722872574,-0.9200737464514261,-0.3694306467702834
8103.TW,2026-10-08,瀚荃,上市,電子零組件,-1.7642639491647985,0.5173721995315225,0.869902201259674,-0.23876083532316453,-0.3175795596068653,-1.6270338930727892,0.10579776604829119,-0.16253576819942359,-0.710255055830748,-0.36970632159536687
7786.TW,2026-10-08,東方風能,上市,綠能環保,0.16523371913908383,-0.6390722510122329,0.869902201259674,-1.3420997310179117,-0.6066885390551467,-1.605070333144214,-0.26611146300817,-0.6626522669702753,0.7589010627005155,-0.36973973345651967
9958.TW,2026-10-08,世紀鋼,上市,鋼鐵工業,0.451608007534948,-0.6390722510122329,0.8321561998040319,-1.1196427562402609,-0.9445189215829439,-1.7527262958828842,0.44702317012950504,-0.7557424313168776,0.1277075308549399,-0.37257863863464163
1809.TW,2026-10-08,中釉,上市,玻璃陶瓷,-2.843074496212648,-0.6390722510122329,-0.48289400385303666,1.892008085721451,1.363967029424896,-0.19233513841063704,-0.3759302880691886,-0.06018569089603686,-2.0231446274135143,-0.37340682008010523
8045.TW,2026-10-08,達運光電,上市,通信網路業,0.6145656337176546,-0.6390722510122329,-0.6371396797864509,-1.1467158145837644,-0.8955301912686513,-1.0406443780827075,-0.13784665525915868,0.14434352650128204,0.37670915213718564,-0.3734811841818715
6533.TW,2026-10-08,晶心科,上市,半導體業,-1.3177913803093575,-0.6390722510122329,0.3374252661468705,-0.5027904161855531,2.306311194258705,-0.5233545241120366,-0.562615415368048,-0.5811391143842795,-1.8807340268810033,-0.3737511853163262
3717.TW,2026-10-08,聯嘉投控,上市,汽車工業,-1.177813878337222,-0.6390722510122329,-1.670321083215911,0.04023531489838498,1.1521906129327983,-0.013976499227073154,-0.2537266680340014,0.09821049985951594,-0.8996993865199926,-0.3737748154061926
4571.TW,2026-10-08,鈞興-KY,上市,電機機械,-1.604523261946564,-0.6390722510122329,0.869902201259674,-0.27061505569647204,-0.1824610022729142,-0.9632033726006425,-0.37491917100327726,-0.09450938245970662,-0.11250824442531439,-0.37465661557304997
3596.TW,2026-10-08,智易,上市,通信網路業,-0.16924206461365485,-0.6390722510122329,0.43361059208814645,-0.6691389983110132,-0.6222313514016088,-1.03279493902098,-0.3235304955212069,-0.9821632262212271,0.6310247843137858,-0.37483754996666574
3481.TW,2026-10-08,群創,上市,光電業,-1.814422808230195,-0.6390722510122329,-0.050494826806356315,1.2084750556125812,2.2554637396436763,-0.06403841903447216,-0.3400356893630913,-2.4864969432516406,-1.4593707368317685,-0.3766658754748333
8102.TWO,2026-10-08,傑霖科技,上櫃,半導體業,0.6122502987332546,-0.6390722510122329,-1.3697276094956872,-1.0691661635240637,-0.699833392559647,-1.068147569358455,-0.2566270005679408,0.9640299108912224,0.13196429982355007,-0.3771477196744444
6873.TW,2026-10-08,泓德能源,上市,綠能環保,-0.001917440365171014,0.5173721995315225,0.3458077440691471,-1.137401177542485,-1.087316953254437,-1.43815676245275,-0.5798501566446884,-0.1921975495116961,0.1773127998632533,-0.37737192181192275
1435.TW,2026-10-08,中福,上市,其他,1.0368192054019607,-0.06085002574035522,-0.3772255259909376,-1.2871273360764377,-1.2133331749551104,-1.469808121231331,-0.3402339006789595,0.53339137911676,-0.2357774959608062,-0.3793494440128019
1568.TW,2026-10-08,倉佑,上市,汽車工業,-1.5034083290473712,-0.6390722510122329,0.869902201259674,-0.6134241886437112,-0.536719637104563,-1.178673943789837,-0.2848190311906494,0.46205876792315137,0.0038373589233977137,-0.3800354502980157
8215.TW,2026-10-08,明基材,上市,光電業,-1.2781975851904004,-0.6390722510122329,0.17723261724732134,-0.05982278886597051,0.3466415798163508,-0.8078110373232595,-0.29806045077992827,-0.1623924613809638,-0.7072148604259025,-0.38096635976833176
5388.TW,2026-10-08,中磊,上市,通信網路業,-0.3150921895912572,-0.6390722510122329,0.07999256491384783,-0.661178433580797,-0.18821649899482723,-1.1218963599084288,0.04923982129793908,-0.7143125286957469,0.08027691182293337,-0.38113988486095224
3093.TWO,2026-10-08,港建*,上櫃,其他電子業,0.255444780092265,-0.6390722510122329,0.5426829450111993,-0.8816470305165156,-1.5564252244679047,-0.787319647959323,0.07572488788803743,0.016057927064577284,-0.4579900292841872,-0.3813937381315649
6239.TW,2026-10-08,力成,上市,半導體業,-2.575533443478159,-0.06085002574035522,-0.9103167236846773,1.8735825823479086,1.3728989884543628,0.405189286982648,-0.12879166009420454,-2.1481642056156676,-1.2739221156987572,-0.3828785907252113
2365.TW,2026-10-08,昆盈,上市,電腦及週邊設備,-0.5854483701774615,-0.6390722510122329,0.631645032690013,-0.838769390337645,-0.7851653397660086,-1.2101918690704727,-0.02947967124887795,0.0739106847110982,-0.06384992303425394,-0.38293567747176005
8404.TW,2026-10-08,百和興業-KY,上市,其他,0.4507548882421217,-0.6390722510122329,-0.3743368323035796,-0.8774655126119193,-0.9848205119447521,-1.2842227490280984,-0.37137730011498676,0.09558745361335004,0.5382780843628568,-0.3829638589774712
3526.TWO,2026-10-08,凡甲,上櫃,電子零組件,-2.33542604786059,-0.6390722510122329,0.44155761593462084,0.3079175023533644,-0.17218626692383912,-1.394784489940752,-0.004482261850768875,-0.599947208275195,0.9244547989532866,-0.38577428984690065
6925.TWO,2026-10-08,意藍,上櫃,數位雲端,0.29777945236419334,-0.6390722510122329,-0.6013877508370206,-1.4631094771778417,-0.1740989757332535,-0.8658404591998514,-0.3783473174840704,0.9585192783977557,-0.6069183582536555,-0.3858306509928863
9933.TW,2026-10-08,中鼎,上市,其他,-0.16757740030658,-0.6390722510122329,-2.4774423776483108,0.23756248821810563,0.5710066697915974,0.35313812149636636,-0.2948682986248511,-1.0831794852757186,0.026271989107715357,-0.38601783825043434
8068.TWO,2026-10-08,全達,上櫃,電子通路業,-0.19487872134851705,1.0955944248034002,-2.479693096489659,-1.1059937535214464,-0.6576365823231708,-1.295294798287301,0.32313247283622026,0.9219032523223575,-0.09497550075058396,-0.3875380336398556
8454.TW,2026-10-08,富邦媒,上市,數位雲端,-0.24134517995359087,-0.6390722510122329,0.2400061905182744,-0.7650538516135869,-0.3054887323134654,-0.6656487845770214,-0.272840211342943,-1.3575132106219534,0.5141152295032698,-0.3880934223792499
3450.TW,2026-10-08,聯鈞,上市,半導體業,-1.6204825093476303,-0.6390722510122329,-0.9565923800487173,1.6963560719570585,0.5355659644119423,0.2737521274978707,0.6085690020302983,-1.4639128596481763,-1.9344971710042165,-0.38892377835153374
6426.TW,2026-10-08,統新,上市,通信網路業,0.9304473269036001,-0.06085002574035522,-1.3070579929570378,-0.8733144102557511,-0.69637990548363,-0.10219943627171846,0.3358403091468871,-0.39397398194825545,-1.3354219999973724,-0.3892122351781815
6743.TW,2026-10-08,安普新,上市,其他電子業,-1.5355943792515003,-0.6390722510122329,-1.0855966270280801,-0.5180750900440844,1.0070570312734146,-0.8216399502196335,-0.23065210312387185,0.15588963673697384,0.1604315476839107,-0.3896946872205671
5426.TWO,2026-10-08,振發,上櫃,電腦及週邊設備,-0.08081446482598047,-0.6390722510122329,-0.7631633534517773,-0.4156982780189801,-0.1982935685082831,-0.3667456589846425,0.0562477309064553,0.2995774692155994,-1.4013322141329383,-0.3899216209791978
8383.TWO,2026-10-08,千附,上櫃,半導體業,-0.26225869700389104,-0.6390722510122329,0.03495384096163234,-0.7543826086791988,-0.942746317957241,-0.8239750669130238,0.29600247481447944,-0.08049868049009953,-0.3426534956872505,-0.39051453355186955
8299.TWO,2026-10-08,群聯,上櫃,半導體業,-3.104901471462261,-0.6390722510122329,0.869902201259674,1.9315945699795216,-0.5596477991562344,-0.2257696191349128,2.914570075710029,-2.554544180191481,-2.147429717553321,-0.39058868795124657
1436.TW,2026-10-08,華友聯,上市,建材營造,0.5871907048886384,-0.6390722510122329,0.39473310145332724,-1.0669091392268746,-0.8985003064246322,-1.225495493345801,-1.070985694825554,-0.009806154453506572,0.40356234794907425,-0.3916980983330623
6141.TW,2026-10-08,柏承,上市,電子零組件,-0.9518075075833621,-0.6390722510122329,-0.5736099691090617,0.35392602286242986,0.43083244415033556,-0.6303429213693407,0.5124456120811325,0.10225702293832481,-2.1450125846847543,-0.39337601463628097
1605.TW,2026-10-08,華新,上市,電器電纜,-1.7520404717950957,-0.6390722510122329,-0.12709581817794555,1.4605782451222564,0.309147612878392,0.4091529399010045,-0.21081993263550677,-1.965578262083733,-1.0444412602322581,-0.39557435533723545
3011.TW,2026-10-08,今皓,上市,電子零組件,0.049528686615499085,-0.6390722510122329,-0.8239341140010947,-0.8330667857091084,-0.7974958664510372,-1.3974093617504424,-0.520156159813193,1.0248938771003582,0.37601339626339547,-0.3956331754175395
2371.TW,2026-10-08,大同,上市,電機機械,-0.10249848068785788,-0.6390722510122329,0.2090272780140388,-0.7845774045542679,-0.23803482545075788,-0.5871838237077959,-0.43957295605837376,-1.3719027028596111,0.39279854171713163,-0.3956685138444141
3073.TWO,2026-10-08,天方能源,上櫃,綠能環保,0.75096285438362,-0.06085002574035522,-2.4156188405868875,-1.0892952107444027,-0.8085688649095215,-1.0314584638104254,-0.5936028727217907,1.2477488644379215,0.43286662093809347,-0.3964239931948609
3694.TW,2026-10-08,海華,上市,通信網路業,-0.2123389421355003,-0.6390722510122329,-0.06143020923061858,-0.9754159593676687,-0.4382296141268844,-1.3604981310013122,-0.35636618940552456,-0.08436322274884554,0.5573880409161827,-0.3967029420124894
6186.TWO,2026-10-08,新潤,上櫃,建材營造,0.8340309597905249,-0.6390722510122329,0.6949293026314296,-1.280343196750501,-1.055973621230269,-1.448552110625437,-1.070985694825554,0.12165335961227014,0.27037542006526505,-0.3971042035938338
3540.TWO,2026-10-08,曜越,上櫃,電腦及週邊設備,-0.11447869478374624,-0.6390722510122329,0.008505385550756259,-0.916054634499003,-0.696903068599342,-1.0120836947324479,-0.41562148685779865,0.7493808483648146,-0.54231560697238,-0.39762702261570887
7744.TWO,2026-10-08,崴寶,上櫃,電子零組件,-1.267932536923995,-0.6390722510122329,0.3579867131650763,0.11794408402453584,0.05786500757799816,-1.1409404723634653,0.40692154700882666,-0.5230578567994135,-0.9525390415860877,-0.3980916452120842
6237.TWO,2026-10-08,驊訊,上櫃,半導體業,-0.7188506109523436,-0.6390722510122329,0.4404269296498971,-0.5980589613030233,-0.4396854877988803,-0.9843182150247937,-0.6140847327196105,0.5563053642184066,-0.5930264013688021,-0.39892937403459805
6725.TWO,2026-10-08,矽科宏晟,上櫃,其他電子業,0.46180040087687163,-0.6390722510122329,0.869902201259674,-1.1217441566368973,-1.2527308989616295,-1.1422026556555473,-0.4473261577512446,-0.08650558571260335,-0.2335722883990477,-0.39905015466585086
7717.TWO,2026-10-08,萊德光電-KY,上櫃,通信網路業,1.3861835499705653,-0.6390722510122329,-1.0463589841211713,,-1.3887647293568086,-0.36085122551154947,0.4048645023362391,-0.44708456794398926,-1.1044081818497011,-0.39943648593608105
2493.TW,2026-10-08,揚博,上市,電子零組件,-1.964588844395555,-0.06085002574035522,-1.3526316449525546,1.0274934221798144,2.3099089159224064,-0.14754166824447965,-0.08648410884869037,-0.8431949301039525,-2.480215294106302,-0.3997893531432965
6854.TW,2026-10-08,錼創科技-KY創,上市,半導體業,0.20596620241964006,0.5173721995315225,0.3185709100337739,-1.0769680676287854,-1.1129524605809666,-1.132667897514273,-0.7520759692371537,-0.2823124863743667,-0.3211371598628265,-0.4040227476903817
3430.TWO,2026-10-08,奇鈦科,上櫃,化學工業,-1.265423671417939,-0.6390722510122329,0.26731109980302836,0.34321786642359736,-0.6066204254932756,-0.6980744046156953,-0.35532880124939453,0.3707301368194287,-1.0588218050677556,-0.4046758062011376
8086.TWO,2026-10-08,宏捷科,上櫃,半導體業,-0.9024822697375745,1.0955944248034002,-2.4895431893611186,-0.12362011706117065,0.23867316137378627,0.22827961762490642,-0.2316774980058221,-0.9026049213984038,-0.5589102826620963,-0.40514345271378815
3535.TW,2026-10-08,晶彩科,上市,光電業,-1.7661510633743267,0.5173721995315225,0.2811719362848476,0.12895283772920316,-0.8592002349187753,-0.9397775345874967,-0.0038646510769472396,-0.03731727514507877,-0.9790012761982887,-0.4064238957505933
2392.TW,2026-10-08,正崴,上市,電子零組件,-0.9752717481014482,-0.6390722510122329,0.869902201259674,-0.20377375512830845,0.1546837964303416,-1.380887822207573,-0.553732403938916,-0.6681456980648243,-0.2619568110800892,-0.4064727213159307
4766.TW,2026-10-08,南寶,上市,化學工業,-0.5330813687478414,-0.6390722510122329,-0.16000076520800993,-0.449087249906557,0.21772085123583895,-1.176044755397753,-0.21774398257207847,-1.1129285216141807,0.409350602753865,-0.4067652711632166
3443.TW,2026-10-08,創意,上市,半導體業,-3.104901471462261,-0.6390722510122329,-1.1500174956325764,2.083897026173934,1.8775152067419487,1.005806914535104,0.6194812454665125,-3.0763720142865325,-1.2915766219756757,-0.40835994016130883
3413.TW,2026-10-08,京鼎,上市,半導體業,-1.1095490917045188,-0.6390722510122329,0.7534569537511554,-0.14450769075801265,-0.1237841194664604,-0.6300023105888093,-0.13673062765343405,-0.9387345853895295,-0.7095371186707123,-0.40871787127695053
3162.TWO,2026-10-08,精確,上櫃,電機機械,-2.763656302747351,-0.6390722510122329,0.0636358933514687,0.5559542491447383,0.9729381607895653,-0.43417721230461964,0.5344980260086708,-0.3722424467516589,-1.597151143619041,-0.40880811412671786
8210.TW,2026-10-08,勤誠,上市,電腦及週邊設備,-1.587642866112514,-0.6390722510122329,-0.8877148877690394,1.2272884342277255,-0.18732361990400348,-0.05091786730919509,0.010247348742677527,-1.6876371198748223,0.1125105814113624,-0.4100291386222269
2374.TW,2026-10-08,佳能,上市,光電業,-0.6466177430953904,-0.6390722510122329,0.6669137806701961,-0.7421026319597549,-0.4266523955535798,-1.4421942738662201,-0.04025172140705929,-0.718631568526756,0.28292892564081645,-0.4117422087899979
3587.TWO,2026-10-08,閎康,上櫃,其他電子業,-0.16524732757752456,-0.6390722510122329,0.18430110113298143,-0.5175178301718385,-0.5976977514314042,-0.680123864931723,-0.1865309689964829,-0.5461152147320234,-0.563515420761534,-0.412391058720198
6969.TW,2026-10-08,成信實業*-創,上市,綠能環保,-0.03144340284308456,-0.06085002574035522,0.2540047339970046,-1.0659420303441578,-0.9090606813035148,-1.462723501328169,-0.4878336273983234,1.0035162973687946,-0.9546689471563822,-0.4127779094164653
4540.TW,2026-10-08,全球傳動,上市,電機機械,-2.965603153191508,-0.6390722510122329,0.869902201259674,0.6491119835159737,0.47606010219686,-0.8538558782910918,0.04914415628766836,0.022980610962834262,-1.3360725322970113,-0.4141560845076482
6150.TWO,2026-10-08,撼訊,上櫃,電腦及週邊設備,-2.1347202635344935,-0.06085002574035522,0.869902201259674,-0.6728504540979614,-0.07151941012116353,-1.4179237003701877,-0.5241215195895719,0.4866228192418729,-0.20326555354817002,-0.4143028785000396
3483.TWO,2026-10-08,力致,上櫃,電腦及週邊設備,-0.9205397413892114,0.5173721995315225,-0.15719003614118843,-0.7729057790820095,-0.3106201810529175,-1.1953840858965974,-0.6189016219410097,-0.07858788867393761,-0.1981704580661518,-0.4149919547457223
5474.TWO,2026-10-08,聰泰,上櫃,電腦及週邊設備,-1.397647995244724,-0.6390722510122329,0.557879409561145,-0.6023117149647622,0.25447033350428316,-1.08738525384481,-0.6299866135793073,0.04948731166868777,-0.24446000719073463,-0.415447420122495
7772.TWO,2026-10-08,耀穎,上櫃,半導體業,0.3867729414214524,-0.06085002574035522,0.5047450935834996,-1.0039824861985542,-1.3587662653641521,-0.5451653684984584,0.1283043063949299,0.3982283261374564,-2.191029652999238,-0.4157492368070466
4585.TW,2026-10-08,達明,上市,其他電子業,-0.4163731607791301,-0.06085002574035522,0.6964368626734015,-1.3490747125225409,-0.3915078781812864,-1.6458902734722447,-0.3930453548478773,-0.9082620984364681,0.7062418485636149,-0.41803608808254294
3122.TWO,2026-10-08,笙泉,上櫃,半導體業,-0.6121793766274647,-0.6390722510122329,0.7310842663984091,-1.0880956174977365,-1.3952747745286411,-1.4990835275888172,-0.2697460742705341,1.1892104077300605,-0.18483286403480906,-0.41866553460352957
1773.TW,2026-10-08,勝一,上市,化學工業,-1.1998682647126053,-0.06085002574035522,-1.3959993818569858,0.28493669602843497,0.4291298638744905,-0.6497411362349562,0.045497854386875834,-1.239931246288644,0.016933279952126193,-0.41887692895462436
4968.TW,2026-10-08,立積,上市,半導體業,-0.637717698600246,-0.6390722510122329,0.7035930235061694,-0.9548374219111101,-0.41049885898603233,-1.2137927542174471,-0.36128937355538693,-0.15815837461163018,-0.10000093627138695,-0.4190860717399226
3059.TW,2026-10-08,華晶科,上市,光電業,-0.7667626847037446,-0.6390722510122329,0.519044940391928,-0.7971503187803559,-0.1809851744791486,-1.5030137536379173,-0.26890360008030145,-0.3248066451763851,0.18200143076903733,-0.41996089518990226
7842.TWO,2026-10-08,天能綠電,上櫃,綠能環保,-0.42912937216047103,-0.6390722510122329,0.2522325147889988,-0.9745269355320423,-1.314521914519685,-1.3808073645346297,0.27821075225091346,0.8299398103813024,-0.40383421770257305,-0.42016766422671326
3691.TWO,2026-10-08,碩禾,上櫃,光電業,-0.44781454982528146,-0.6390722510122329,0.7205935172320824,-0.6182543551349069,-0.5097178208226832,-1.088782324110379,0.3153500152312901,-0.19739747432076696,-1.332135738905238,-0.4219145535186795
6244.TWO,2026-10-08,茂迪,上櫃,光電業,-1.4028302516065547,-0.6390722510122329,0.5177590841854576,0.5601265730242585,-0.9362907912127179,-0.6319643869099587,-0.34376529366166536,-0.13832217528748073,-0.8070338582138223,-0.4245992611883018
3021.TW,2026-10-08,鴻名,上市,電子零組件,-0.4039980519752206,-0.6390722510122329,-0.05641543561281318,-0.5371933658921653,-0.31357137930013135,-0.9826151022506558,-0.4612907508083557,0.6006629915537459,-1.0329509760395779,-0.42516048014860075
7556.TWO,2026-10-08,意德士科技,上櫃,半導體業,-0.11680448142708888,-0.6390722510122329,-1.8988714723288869,-0.34782658314920395,-0.1689606721227497,0.01436358466196996,0.0463257168115789,-0.12421438341617769,-0.6072230133301937,-0.42692039503477613
3064.TWO,2026-10-08,泰偉,上櫃,文化創意業,0.5010067243991694,,-0.6954321758370746,-1.4595693055787344,-1.568570898339408,-1.4959818142800958,-0.28389021985776414,1.698545179347424,-0.11244849832634463,-0.42704262605910354
5469.TW,2026-10-08,瀚宇博,上市,電子零組件,0.3413925526742086,-0.6390722510122329,-1.1661245918991852,-0.2950555506270614,-0.3729861229231149,-0.15545112507364234,-0.11193576174015171,-1.0569607098846792,-0.3990595750988607,-0.4283614595094133
2354.TW,2026-10-08,鴻準,上市,其他電子業,-1.5809525552115453,-0.6390722510122329,0.869902201259674,-0.22086856242471675,0.2775007237561239,-1.0378293798941571,0.1647495091841587,-1.5507632734545835,-0.16024626577241394,-0.4308422059521881
3207.TWO,2026-10-08,耀勝,上櫃,電子零組件,-0.15250038990869746,0.5173721995315225,0.7410219060255149,-1.023707011359887,-1.4048414470660602,-1.6926222797711177,-0.5505510544098968,0.5909686070820662,-0.9399322659746036,-0.43497685953901766
6913.TWO,2026-10-08,鴻呈,上櫃,電子零組件,-0.8537351105215484,-0.6390722510122329,-0.2974726449019881,-0.02830360273413407,0.09850883603029498,-1.2298230410913815,-0.12379247435643859,0.11674172337759478,-0.9654045118099912,-0.4358170085577583
6224.TW,2026-10-08,聚鼎,上市,電子零組件,-0.7871018937903435,0.5173721995315225,0.09860294014922409,-0.26789876026931847,-0.4911745503557373,-1.2321171658904786,-0.024703607367146833,0.0030894787925840137,-1.7387191253314034,-0.43585005383678854
3284.TWO,2026-10-08,太普高,上櫃,其他,0.35046142965485183,-0.06085002574035522,-2.9742379423881276,-0.5356149668509124,0.10630478721133962,-0.5592421455635773,-0.37382422253503417,0.6659216344217422,-0.5481625651907053,-0.4365826685534198
9110.TW,2026-10-08,越南控-DR,上市,其他／未分類,0.9350847113509577,-0.06085002574035522,-2.061157409252695,-1.3342399126541908,-0.7257374191711777,-0.9035165356437811,,0.47931255057834216,0.16383783775801858,-0.4384082753468602
2415.TW,2026-10-08,錩新,上市,電子零組件,0.245999682955017,-0.6390722510122329,-3.1148414744788195,0.06491192706421545,-0.2698744653009227,-0.020043465918183182,-0.34541193654904034,0.5345599980791674,-0.41155006697425844,-0.4394802280150063
6272.TW,2026-10-08,驊陞,上市,電子零組件,0.4943550445117405,-0.6390722510122329,0.003379123376211524,-1.0812621758512946,-0.7883075897741804,-1.7042041800849208,-0.44493809992779615,0.7199783606800737,-0.5230220538850947,-0.4403437579963882
8437.TWO,2026-10-08,大地-KY,上櫃,其他,0.9214440435872824,-0.6390722510122329,-2.9694633491989837,-1.182960669064501,-0.7102528520165563,-0.9975676061096759,0.011079697009943207,1.6018726763984834,-0.0013864758532498261,-0.4407007540288323
1735.TW,2026-10-08,日勝化,上市,化學工業,0.034859326672568906,-0.6390722510122329,-2.464534974144925,-0.2736384149303561,-0.839762535196583,-0.33558414833066613,-0.1658517573573865,0.6657765378354381,0.032426389528493596,-0.44282020299284985
3312.TW,2026-10-08,弘憶股,上市,電子通路業,-0.6840789220871425,-0.6390722510122329,0.47851150062557735,-0.5278240648667023,-0.3118094757915477,-1.027457216658351,-0.036017502288483244,-0.1835172942258973,-1.0608439689789473,-0.44356768836485855
6962.TW,2026-10-08,奕力-KY,上市,半導體業,-1.0303358120860495,-0.6390722510122329,0.6165503735080035,-0.67790529713671,-0.005920946115116746,-1.1627403920547348,-0.27835781158201645,-0.5049973057329799,-0.31563882546732813,-0.4442686964087961
3317.TWO,2026-10-08,尼克森,上櫃,半導體業,-2.107326177565818,-0.6390722510122329,-1.0336103733463398,0.6245147061927792,1.2101566750944008,-0.21292397386898096,-0.5785881570220801,0.04054512869745796,-1.3191917683275285,-0.44616624346203804
6732.TWO,2026-10-08,昇佳電子,上櫃,半導體業,-0.5662356366814519,-0.6390722510122329,0.3173618409602012,-0.9345937610908012,-0.2742127507755371,-1.2272120633636687,-0.4194731126153031,-0.04742803424789681,-0.2260565770053601,-0.44632470509245004
3211.TWO,2026-10-08,順達,上櫃,電腦及週邊設備,-1.4878727584895146,-0.06085002574035522,0.6141068669484474,-0.010555477597086596,0.6966899556652197,-0.7006360553252265,-0.19033429316600584,-1.3227218994444014,-1.5650277095833995,-0.44746682185914705
7835.TW,2026-10-08,永悅健康-創,上市,數位雲端,-1.6236149055163862,-0.6390722510122329,0.5297039019292471,,,,-0.5697668584525433,1.2306517365025074,-1.6235334281941582,-0.449271967457261
2329.TW,2026-10-08,華泰,上市,半導體業,-0.8393882063705457,-0.6390722510122329,0.37753586413689627,-0.1413105395136528,-0.740802151649242,-0.468143701833688,-0.29905124554648016,-0.8833770346182107,-0.4108013381736735,-0.44937895606453654
1538.TW,2026-10-08,正峰,上市,電機機械,1.2334615041889312,-0.6390722510122329,-1.17127986469993,-1.4631094771778417,-1.4821435259121833,-1.2915734103551972,-0.8423062084084803,1.698545179347424,-0.10349575958692005,-0.4512193126240478
6279.TWO,2026-10-08,胡連,上櫃,電子零組件,-1.0728540924024685,-0.6390722510122329,-0.319282007809634,-0.34805085555615206,0.08282880500039702,-1.353451747699857,-0.08248172061749334,-0.42447727602086766,0.09181612098440523,-0.45166944723710034
3379.TWO,2026-10-08,彬台,上櫃,電機機械,-0.14055995264961732,-0.6390722510122329,0.626465525804004,-1.2496429166421692,-0.9893863304040927,-1.3446770768520087,-0.9088553570066636,1.151678526896685,-0.5765448288400691,-0.45228829563401823
8085.TWO,2026-10-08,福華,上櫃,其他電子業,1.211523234733107,-0.6390722510122329,0.07274479906035856,-1.3114491042692327,-1.3244315397500446,-1.0397492898399077,-0.45074526932322667,0.7187567358259135,-1.3265602605168252,-0.4543314383435657
5457.TWO,2026-10-08,宣德,上櫃,電子零組件,-0.0016441008042321196,-0.6390722510122329,0.16708934681591608,-0.8554962507815798,-1.0730827240189365,-1.6775701455971521,-0.5041213266358013,0.2487258531696376,0.23941517932170964,-0.4550840466158524
6548.TWO,2026-10-08,長科*,上櫃,半導體業,-1.0856019929667984,-0.6390722510122329,-1.5733293762248537,1.055893073441759,0.24027588212688605,0.5498020968272808,0.03716120460591173,-1.4429294370594015,-1.2523107950836432,-0.4566790661494546
2340.TW,2026-10-08,台亞,上市,半導體業,-2.0686627495594245,-0.06085002574035522,-2.4441923158240315,0.30011993792334707,2.1715846617369787,0.3288796614357542,-0.15114704943967683,-0.7407698804501045,-1.4675413080585065,-0.45917545199733545
7795.TW,2026-10-08,長廣,上市,電子零組件,-1.3572950112342106,-0.6390722510122329,0.11778756156845395,0.6508833898078913,0.7674701359933717,-0.4624652910261008,0.6236102565223104,-1.0932683008767807,-2.7408421721756855,-0.45924352027033144
8088.TWO,2026-10-08,品安,上櫃,半導體業,-1.0197741667508295,-0.6390722510122329,0.2541968964500463,-0.8313312277176012,-0.9099405233415804,-1.2898305469226727,0.2902617200055647,0.5768094465880163,-0.5782158670326314,-0.4607662799704356
1815.TWO,2026-10-08,富喬,上櫃,電子零組件,-0.3005040667833428,-0.6390722510122329,-0.795938488304356,0.45425240237715114,-0.5903677186752951,0.62356774608,0.34446996957553333,-1.517110988323295,-1.7270565990721596,-0.46086222157088863
4743.TWO,2026-10-08,合一,上櫃,生技醫療,-0.09308682895029037,-0.06085002574035522,-0.08261457199294812,-0.8901538902488916,-0.39566877541494766,-0.8869641167107575,-0.6808576663795334,-0.7384158099815061,-0.3392774292212191,-0.46309879051560543
2436.TW,2026-10-08,偉詮電,上市,半導體業,-1.6125373194166097,-0.6390722510122329,-0.038056012421618754,0.2870721841158153,-0.009027063298289962,-0.3637439864390404,-0.06234216797691395,-0.45593421893905733,-1.2811125328608906,-0.46386148536098204
8038.TWO,2026-10-08,長園科,上櫃,電子零組件,-0.07570021453918965,0.5173721995315225,-1.1989668090477459,-1.0165139350579016,-0.6405951147786542,-1.4199436479937182,-0.6934539256538712,0.6794915157948893,-0.3270985400941574,-0.4639342746487585
2457.TW,2026-10-08,飛宏,上市,電子零組件,-0.6781638797123487,-0.6390722510122329,0.2604766552956615,-0.2454950941060785,-0.8206088484125651,-1.1258580398368458,-0.493724156921851,-0.17977654833492432,-0.2544320471936411,-0.4640726900260918
6541.TW,2026-10-08,泰福-KY,上市,生技醫療,0.4460052020940015,-0.06085002574035522,-3.386149705780496,-0.9159873816264295,-0.7722310726567241,-0.6687893084376435,1.476332786170412,-0.16410046514976467,-0.14105096817360702,-0.4652023265889562
6830.TW,2026-10-08,汎銓,上市,其他電子業,0.7223505080197038,0.5173721995315225,-0.1423600633341641,-0.7668159351150287,-1.568570898339408,-0.666937985360667,-0.06401985396349918,-0.8732382498223097,-1.346635599611208,-0.4654284308883398
4951.TWO,2026-10-08,精拓科,上櫃,半導體業,-1.3150437301147566,-0.6390722510122329,0.6466838136467448,-0.7959779356353353,-0.6521837865859955,-1.2333505996668552,-0.3129143494281493,0.5023408016504836,-0.4074891292531598,-0.46744524071102844
3013.TW,2026-10-08,晟銘電,上市,電腦及週邊設備,-0.36731405471404305,-0.6390722510122329,0.03638171528213594,-0.7441072899455056,-0.19745033955429317,-0.7331095948254289,-0.198615532368335,-0.6766895088938186,-0.6889360402326387,-0.4676569884737956
5392.TWO,2026-10-08,能率,上櫃,光電業,-0.9789834977188723,-0.6390722510122329,0.7436091937002661,-0.45473278312585,-0.3185403684207292,-1.437161106810267,-0.20931774542936799,-0.00015152627264381296,-0.940300803030242,-0.47051676534665987
3323.TWO,2026-10-08,加百裕,上櫃,電腦及週邊設備,-0.8483821763156495,1.0955944248034002,-0.3339959545703964,-1.031250093817337,-0.6313998960850908,-1.3740728235791702,-0.746317468897681,0.5120032033494186,-0.9260145431510965,-0.47598170314040034
4577.TWO,2026-10-08,達航科技,上櫃,其他電子業,-0.6739166332743521,-0.06085002574035522,0.18893529619410282,-0.8375136439054365,-1.2861787783638996,-1.099101886037753,-0.2191850409309528,0.26498504337406054,-0.5917087399761656,-0.4793927120734168
7788.TW,2026-10-08,松川精密,上市,電子零組件,-0.5287578236352792,-0.6390722510122329,-3.509081147411912,0.8568369320360771,2.4461168188592457,-0.05662921376053349,0.233826996510752,-0.7694721059266664,-2.35545078790297,-0.48018695358261315
3138.TW,2026-10-08,耀登,上市,通信網路業,0.509076509086449,-0.6390722510122329,-0.1429959064651842,-0.811256650629365,-1.4410782899942165,-0.7475175572150324,-0.4114552285493259,0.12340305982085209,-0.7707930726661404,-0.4812988208471329
6442.TW,2026-10-08,光聖,上市,通信網路業,-0.4475287365103378,0.5173721995315225,-2.4895431893611186,0.4991677924075801,-0.43209127951318943,0.22016227650091855,0.9758379487503646,-1.8614590787420116,-1.3343055298394575,-0.48359862186396996
5432.TWO,2026-10-08,新門,上櫃,綠能環保,-0.5252792235910059,0.5173721995315225,-3.509081147411912,0.2951700055095638,0.4879954409298527,0.43840328226891,-0.30860009313431486,0.37547312959835943,-2.1292162629705604,-0.484195852141065
1795.TW,2026-10-08,美時,上市,生技醫療,-0.973011962535049,-0.6390722510122329,-0.3708020623218657,-0.1942810482071845,-0.9709602958792629,-0.6839157682855368,0.36584618408424785,-1.1932085430056323,0.2945236540228437,-0.4849868992377414
1721.TW,2026-10-08,國慶科技,上市,化學工業,-2.438932392009738,-0.06085002574035522,-1.156819383999668,0.10200666388247888,0.9853028101110693,-0.9871301573463211,-0.025000251711717138,0.1785535608416457,-0.966131999190928,-0.4854445750181704
5251.TWO,2026-10-08,天鉞電,上櫃,光電業,-0.09379783463332296,-0.6390722510122329,-1.7660548407251146,-1.0944083496284478,-0.3045325870365976,-1.3739894239968555,-0.2564563869529419,1.1715229005371826,-0.05164877400094246,-0.4898263941610304
4956.TW,2026-10-08,光鋐,上市,光電業,-0.9576627853117077,-0.6390722510122329,0.5129357211412462,0.16797529876264147,-0.5593778042712838,-0.33581420509808746,-0.4780267814448082,0.296538241833889,-2.4295281008842293,-0.491336962920508
3714.TW,2026-10-08,富采,上市,光電業,-0.4768284701226418,-0.6390722510122329,-0.10668071781185448,-0.029943736393674942,-0.5350089329963585,-0.533880940804942,-0.21719123135013887,-0.8285633763972662,-1.0641346546027888,-0.4923671457213221
8291.TWO,2026-10-08,尚茂,上櫃,電子零組件,0.21419097463201797,-0.6390722510122329,0.5736548163022636,-1.4631094771778417,-1.568570898339408,-1.7913145482238895,-0.9657016861012737,1.6254591521327273,-0.42290270590734746,-0.49304073596610937
2313.TW,2026-10-08,華通,上市,電子零組件,-1.618848326833207,-0.06085002574035522,-2.9949464782155695,2.72613318247323,0.8637365981758197,0.9774307539988735,-0.2808833461262612,-2.3120406749060396,-1.7403264850509221,-0.4933994224693813
6679.TWO,2026-10-08,鈺太,上櫃,半導體業,-1.500139969690472,-0.6390722510122329,0.13065993926488134,-0.14297902363514806,-0.807971904371882,-0.9530717513401785,-0.33750194430334396,-0.27504236954488487,0.057720849787863515,-0.4963776027605996
3376.TW,2026-10-08,新日興,上市,電子零組件,-0.5097823241384485,-0.6390722510122329,0.7705103257975237,-0.2756086799670564,-0.817470575426755,-1.4054384286096764,-0.42674317886847835,-0.958741368995332,-0.20812257236009077,-0.49671878373117173
5234.TW,2026-10-08,達興材料,上市,光電業,0.15225402848243713,-0.6390722510122329,-0.6913785091249899,-0.648810776751913,-0.5821127671733046,-0.6201591419227941,-0.18010257132151816,-0.9790046790091425,-0.30585705433759325,-0.49936041357456123
2345.TW,2026-10-08,智邦,上市,通信網路業,-0.7008301633403392,-0.06085002574035522,-0.5832930058790937,0.5848801753284496,-0.11055461680361175,0.03205172663814013,0.1734459336153198,-3.0763720142865325,-0.7554581230118804,-0.49966445705332263
3518.TW,2026-10-08,柏騰,上市,其他電子業,-2.7058062836143644,-0.6390722510122329,-3.509081147411912,0.6254357946563843,3.3982794390511284,0.3661742981235978,-0.5033334212938776,0.18552837764008784,-1.7199630743185315,-0.500204252019969
1718.TW,2026-10-08,中纖,上市,化學工業,-0.25894585803034226,-0.6390722510122329,-1.805761089888797,0.1405041098819881,0.1728527695993809,0.0423469943574621,-0.3019574994492084,-0.6673319216125649,-1.2776753333532793,-0.5105600088341771
6188.TWO,2026-10-08,廣明,上櫃,電腦及週邊設備,-0.02364337840996216,-0.6390722510122329,0.48938207738922834,-1.0712056358629711,-1.199873863557052,-1.2683799287386397,-0.5181410506385267,-0.5653427057763035,0.1427943186256991,-0.5170536019978623
4927.TW,2026-10-08,泰鼎-KY,上市,電子零組件,-1.978809658075502,-0.06085002574035522,-2.466535103057834,1.216592438649118,0.36782946773671205,0.3318410487256,-0.03318654161119376,-0.44843741629256995,-1.586369106706488,-0.517547210708057
6895.TWO,2026-10-08,宏碩系統,上櫃,半導體業,0.36712338158194574,-0.6390722510122329,-0.9277943288384064,-0.9764225222555387,-0.2001311944946837,-0.939502512057628,-0.6817871556922659,0.1584634105343798,-0.820011975241065,-0.5176816830528328
4741.TWO,2026-10-08,泓瀚,上櫃,化學工業,-0.8549380610956505,-0.6390722510122329,-0.25547225341963714,-0.5211826481883346,-1.073374645538143,-1.4466660080587581,-0.4690706017739259,0.9684660787900341,-0.3691935256217058,-0.5178337684353725
4764.TW,2026-10-08,雙鍵,上市,化學工業,0.08945938964017112,-0.6390722510122329,-2.4895431893611186,0.864448649242044,-1.5650156117086704,0.22314616899419218,-0.1436113763859206,-0.5520836626355654,-0.4513730465636075,-0.5181827699767454
1569.TWO,2026-10-08,濱川,上櫃,電腦及週邊設備,-1.2969016372333226,-0.6390722510122329,-0.8982269516986345,-0.6351879087650161,0.8152572713925734,-0.5283978373022834,-0.5587686849713172,-0.23390849508275208,-0.7233365529588414,-0.5220603386257585
2402.TW,2026-10-08,毅嘉,上市,電子零組件,0.09964157191230293,-0.6390722510122329,-0.6622776975297725,-0.7347634034346587,-0.6451598909726497,-1.0647475660796177,-0.19833287356339116,-0.611269860324208,-0.26346039168625046,-0.5243824847433864
3593.TW,2026-10-08,力銘,上市,電子零組件,0.950151001822938,-0.6390722510122329,-1.7864046485583582,-1.0030465230312928,-1.2962555187724563,-0.9786385074880596,-0.5978657321075707,1.3871675158846672,-0.7597980306778033,-0.5248625215489076
3675.TWO,2026-10-08,德微,上櫃,半導體業,-2.8612428124950604,-0.6390722510122329,-1.5332778099146602,1.7359846290863186,1.5625569137457367,0.4064549691127739,-0.06788148412519714,-0.5945523899255775,-2.7408421721756855,-0.5257636008559537
8155.TWO,2026-10-08,博智,上櫃,電子零組件,-1.6840112541740546,-0.6390722510122329,-0.1481115534738978,0.9101495315023479,-0.6072570992709905,-0.7016107991587632,-0.03649121432304419,-0.6612297909395363,-1.171472235917049,-0.5265674074185801
6257.TW,2026-10-08,矽格,上市,半導體業,-1.9333587199189788,-0.6390722510122329,-2.8483189106895463,1.294646635868596,1.1864384977582103,1.0137405425557244,-0.09313884989493598,-1.8222787769441524,-0.925656707028074,-0.5296665043672655
4946.TWO,2026-10-08,辣椒,上櫃,文化創意業,-0.5777648101146909,-0.6390722510122329,0.5274510857780532,-1.2911940046256503,-1.0364787354686555,-1.220141622747623,-0.655668968741335,1.2519993579315476,-1.1571976339446948,-0.5331186203272535
2233.TW,2026-10-08,宇隆,上市,汽車工業,-1.1750318474793655,-0.6390722510122329,0.5708417807296342,-0.5475186463037726,-1.0009018102571319,-1.131709405963268,-0.15635258921748443,-0.2211085983681136,-0.4973561416011191,-0.5331343899414283
4303.TWO,2026-10-08,信立,上櫃,塑膠工業,0.2826015092464167,-0.6390722510122329,0.5484249949217371,-1.238686479450144,-1.4564517898106195,-1.7913145482238895,0.11160156825630388,0.30163591866119394,-0.9345283993339523,-0.535087719638354
1597.TW,2026-10-08,直得,上市,電機機械,-0.8389749408342094,-0.6390722510122329,0.869902201259674,-0.42965451108934916,-0.7286195967960205,-0.8316319317939842,0.05077833377510788,-0.37456575788843544,-1.8940296294972445,-0.5350964537640771
2489.TW,2026-10-08,瑞軒,上市,光電業,-2.063966045562792,-0.6390722510122329,-0.8353999614390901,1.8186826081974854,0.05367309370530772,0.06464461452069867,-0.1363480072721433,-0.7864520551026927,-2.3110726672990287,-0.5372567412516097
4561.TWO,2026-10-08,健椿,上櫃,電機機械,-2.722946743063479,-0.6390722510122329,0.0003998945359036336,-0.10361258874217795,0.5491366700050724,-1.155573752162965,0.11251983853288022,0.6111100869883656,-1.5079694875013903,-0.5395564813800026
3447.TW,2026-10-08,展達,上市,通信網路業,-0.2272345289751829,2.2520388753471554,-2.4895431893611186,-1.3192595899935118,-0.9205592764088398,-1.7383547834171107,-0.6018661363840434,0.6560698053903656,-0.47627382228794274,-0.5405536273433588
4720.TW,2026-10-08,德淵,上市,化學工業,-1.620823943761418,2.8302611006190332,-3.509081147411912,-0.5309930641739733,-0.11072746209219715,-1.2033750947114807,-0.12312629365928304,0.5206854264703512,-1.1217586378136912,-0.5409932351705079
6117.TW,2026-10-08,迎廣,上市,電腦及週邊設備,0.037001790804001095,-0.6390722510122329,-2.6407701389211837,-0.708981664569551,-0.45033178608574825,-0.6276755108418864,-0.3190647194057564,0.06928156844134799,0.4090945140423816,-0.5411686886165142
6510.TWO,2026-10-08,精測,上櫃,半導體業,-0.5373253935856974,-0.06085002574035522,-2.467295206641775,1.1193050271161344,-0.4634381386942047,0.9529155385418334,0.12891626405171194,-1.6850437309076103,-1.887315080297857,-0.5444589717953133
3131.TWO,2026-10-08,弘塑,上櫃,半導體業,-1.220160710145685,-0.06085002574035522,-0.5125856138106111,0.20784683678693966,-0.3235612153367687,-0.34107132673469714,0.03447842928341196,-1.4434600911704998,-1.2410299452298532,-0.5444881846775687
1519.TW,2026-10-08,華城,上市,電機機械,-1.5205113628485536,-0.6390722510122329,0.5802948399992623,0.45883221501313926,-0.7405793594173152,-0.36075493254084046,-0.2321728181674886,-2.165201246695366,-0.2901721580960655,-0.5454818970850512
6472.TW,2026-10-08,保瑞,上市,生技醫療,-0.1670119808229968,-0.6390722510122329,-0.05767575773526082,-1.0016538251832956,-0.36089025850371337,-1.1628415092784798,0.17167914856242095,-1.2541809089163918,-0.439457347510642,-0.545678298933399
3712.TW,2026-10-08,永崴投控,上市,電腦及週邊設備,-0.5745822117941239,-0.6390722510122329,0.869902201259674,-0.938634876715772,-0.598929021341647,-1.2951807856722495,-0.9690091546952289,0.19741845806212344,-0.9875676941367134,-0.5484061484495745
2317.TW,2026-10-08,鴻海,上市,其他電子業,-2.1431169879029928,-0.6390722510122329,0.20068997205234593,0.37710777642463866,0.44302921861716077,-0.7631713189459602,0.10909057813711277,-3.0763720142865325,0.5222659226416034,-0.5521721226972063
3042.TW,2026-10-08,晶技,上市,電子零組件,-0.953765910594205,0.5173721995315225,-0.9751021322620428,-0.07097870337156834,0.5742714884718886,-0.5363958022134734,-0.13728802874078466,-1.4337446419955366,-1.9755265789114356,-0.5545731233428484
6443.TW,2026-10-08,元晶,上市,光電業,-0.9056591035391316,-0.6390722510122329,-0.15358521902611022,0.29174735622215947,-1.4811880044162156,-0.25193135298006675,-0.5389233284176871,-0.42622596142651703,-0.8973010949283972,-0.555793217724911
6945.TWO,2026-10-08,圓祥生技,上櫃,生技醫療,0.11730606279785499,-0.6390722510122329,-0.6122060593083237,-0.5257750715527393,-1.1387940926359383,0.4183804384601925,,-0.38650926057758217,-1.7229857825648982,-0.5612070020492084
7799.TW,2026-10-08,禾榮科,上市,生技醫療,-0.1187504027468675,-0.6390722510122329,0.7396911396077052,-1.3361997302386988,0.506156471126084,-1.1122718934297844,-0.8780698656267998,-1.5096209033728172,-0.7151901134263445,-0.5625919499021951
6907.TWO,2026-10-08,雅特力-KY,上櫃,半導體業,-3.104901471462261,-0.6390722510122329,0.5314190384767198,,0.5809726281675626,,1.3775742538592073,-0.3087730069534167,-2.3783319217883583,-0.5630161043875399
1802.TW,2026-10-08,台玻,上市,玻璃陶瓷,-1.754130629898592,-0.6390722510122329,-2.44459953258293,2.6414013253172244,-0.17511267414588016,0.9407088707182555,-0.05849725391610155,-2.0082115735709194,-1.577455654665293,-0.563885485972941
5314.TWO,2026-10-08,世紀*,上櫃,其他,-0.22569206868891295,-0.6390722510122329,0.869902201259674,-0.8155402746992751,-0.48430723090182326,-1.515843815295944,0.5460183817908856,-0.08654745798412662,-2.7408421721756855,-0.5657694097452712
8444.TWO,2026-10-08,綠河-KY,上櫃,其他,-1.4461211179109525,-0.6390722510122329,0.869902201259674,-1.014986436722429,-0.9776347213599884,-1.7913145482238895,-0.8459644476353994,1.6795565983879694,-0.9360129679920082,-0.5668497434676952
4949.TW,2026-10-08,有成精密,上市,光電業,-2.0027226680008114,-0.6390722510122329,-1.118961364793875,0.5307153873872772,-0.5592095432277575,-0.6592149160436837,0.5898441061524947,0.10602472651565381,-1.3669107763190373,-0.5688341443713303
7749.TW,2026-10-08,意騰-KY,上市,半導體業,-1.3905567104680137,-0.6390722510122329,0.6971800732071896,-0.8223965898770423,-0.5687402775266358,-1.4375110715367463,0.1827346437225602,-0.5484200689904306,-0.6184398414267075,-0.571691343767562
5243.TW,2026-10-08,乙盛-KY,上市,光電業,0.5137816648905608,-0.6390722510122329,-1.9759078279143438,-0.7119967213123075,-0.740126373844519,-0.42597496672278523,0.12764671542030107,-0.5756928161797933,-0.7186102880120881,-0.5717725405208008
4755.TW,2026-10-08,三福化,上市,化學工業,-0.17986728510851108,-0.6390722510122329,-2.159105937824644,-0.17374994881791495,-0.5384204695937778,-0.5300522539974655,-0.24622450050952818,-0.37790219749778664,-0.30159596646030884,-0.5717767567580189
6526.TW,2026-10-08,達發,上市,半導體業,-1.1884788521151324,-0.06085002574035522,0.22878666869845535,-0.5548814066934251,0.1427271015188239,-0.6925209151539845,-0.1145077145679406,-1.8098066086760656,-1.105046505873936,-0.5727309176226179
3339.TWO,2026-10-08,泰谷,上櫃,光電業,-1.11054150017251,0.5173721995315225,-0.5842423460669424,-0.8283887527647356,-0.7230771735755095,-1.5858688825850022,-0.41659053290309855,0.49627611671862126,-0.9414309424472938,-0.5751657571405498
2342.TW,2026-10-08,茂矽,上市,半導體業,-1.297607728592619,-0.6390722510122329,-0.45753878705145107,-0.24480487518963953,-0.2010303801036532,-0.4230198779058128,-0.30605162241301304,-0.07139365416529302,-1.5459665884669314,-0.5762761961000717
1595.TWO,2026-10-08,川寶,上櫃,半導體業,-2.3875844252567107,-0.6390722510122329,0.35878399274029205,0.11017635936927903,0.13455691116415688,-0.9251108942508512,-0.032395684831373645,0.2969212906824763,-2.1269667336277696,-0.5789657150025259
3555.TWO,2026-10-08,博士旺,上櫃,半導體業,-0.5651612749642304,-0.6390722510122329,0.869902201259674,-0.6886646443089076,-1.568570898339408,-1.3088519316236815,0.0586741170294417,0.051548845750265755,-1.4229318775206499,-0.5792364126366365
5452.TWO,2026-10-08,佶優,上櫃,其他電子業,-0.27593455888516,-0.6390722510122329,-3.509081147411912,0.008971053233126141,-0.47505337798275277,0.3014488740418572,-0.22002186454831457,0.25441055206157653,-0.6757191982789276,-0.5811168798647488
2363.TW,2026-10-08,矽統,上市,半導體業,-1.5169829548489295,-0.6390722510122329,-0.12795458217134778,-0.3120246297761779,0.09818173429148125,-0.7971139697893381,0.3605253532426756,-0.8925139626542816,-1.4066490177574136,-0.5815115867195071
4971.TWO,2026-10-08,IET-KY,上櫃,半導體業,-0.3311196357552271,0.5173721995315225,-2.4643788044126422,0.6815605411913714,-1.0403654752475504,0.5201773446492892,-0.05467992313534165,-0.85791153820002,-2.219375662285626,-0.5831912170738027
3455.TWO,2026-10-08,由田,上櫃,光電業,-1.2057827475193164,0.5173721995315225,0.4461883682084001,-0.3008792057984724,-0.5381444008100367,-0.8369340742182517,-0.14634434171630653,-0.5511791102627879,-2.6359112067946797,-0.5835127243755477
6983.TWO,2026-10-08,華洋精機,上櫃,其他電子業,0.37081939412846093,-0.6390722510122329,-2.9153883797215,-0.651589745744149,-0.6273789722310158,-0.3314209051875468,-0.27855831602380193,0.011567575326664664,-0.19101247065329116,-0.5835593412353792
6213.TW,2026-10-08,聯茂,上市,電子零組件,-1.2943816723833108,-0.06085002574035522,-3.509081147411912,0.7655123285285328,1.5776674703333842,1.1456223962344356,0.506310920734883,-2.2857422639956773,-2.104324586599848,-0.5843629533666521
4174.TWO,2026-10-08,浩鼎,上櫃,生技醫療,0.5829441954061736,-0.6390722510122329,-3.509081147411912,-1.2331745115628359,0.8236367367573341,0.5327855429370583,-0.5427758590217604,-0.016425931685625277,-1.2733518592257513,-0.5860572316466168
2449.TW,2026-10-08,京元電子,上市,半導體業,-2.6689282092987248,-0.6390722510122329,0.30905989898575476,1.2954169310054862,0.33636899709723883,0.06399128810489572,-0.06725853520974683,-2.4613028836041453,-1.4465900239541067,-0.5864794208761758
8110.TW,2026-10-08,華東,上市,半導體業,-1.6621636097435217,-0.6390722510122329,0.007621570358400152,0.6710147111309417,-0.6444916000971717,0.04588437585709021,-0.1254299194790664,-0.7982407700425788,-2.143779932857308,-0.5876286028761608
4966.TWO,2026-10-08,譜瑞-KY,上櫃,半導體業,-1.97641425081117,-0.6390722510122329,0.5715500351299398,-0.734494859648354,0.22917857142432113,-1.5448817383531455,-0.3382179910644899,-1.131403606148825,0.23077642094803907,-0.5925532966151019
3363.TWO,2026-10-08,上詮,上櫃,通信網路業,-1.6176767731715784,-0.6390722510122329,-0.7023811328842239,0.768764295426439,0.5360196241315428,-0.6035467757115239,-0.22614932442063282,-1.4619275424356633,-1.3881612560881689,-0.5926812373517825
4989.TW,2026-10-08,榮科,上市,電子零組件,-0.8660184298163894,-0.6390722510122329,-1.89263663617051,0.6864939408486546,-1.2768101246094594,0.399094374849381,0.5400289993424482,-0.3710802845596882,-1.9315730295461147,-0.5946192711859902
3030.TW,2026-10-08,德律,上市,其他電子業,-2.1564924224866946,0.5173721995315225,-0.40877943530878996,-0.011315857876686179,-0.603771388137297,-0.831418012052519,-0.06463548248817091,-1.447742678647323,-0.36377746514826026,-0.5967289491793576
4768.TWO,2026-10-08,晶呈科技,上櫃,化學工業,-2.478747769824716,-0.06085002574035522,0.18336703968866708,-0.05658697915347487,-0.4169100420207338,-1.3810197814017644,0.464708092404351,-0.5729901746699725,-1.1045288225575696,-0.6026176070306186
8074.TWO,2026-10-08,鉅橡,上櫃,電子零組件,-0.5920333775873121,-0.6390722510122329,-2.4376613959745734,0.45820945558078285,-1.2296628237054528,-0.053116151654556826,-0.21266321710630806,0.20481579953682277,-0.942207347828295,-0.6048212566390139
8261.TW,2026-10-08,富鼎,上市,半導體業,-1.3388677640095974,-0.6390722510122329,-1.4718023605671517,0.7166418239624003,0.21237413309899572,-0.005556660563305999,-0.3662083466334784,-0.6931238326033121,-1.8601799200866214,-0.6050883531571449
4977.TW,2026-10-08,眾達-KY,上市,通信網路業,-3.104901471462261,-0.6390722510122329,-0.11527240009539548,0.9733214438255829,0.29502859604357373,-1.2148974682210079,0.5779625518037101,-0.5026365389079973,-1.733308831105944,-0.6070862632368859
3259.TWO,2026-10-08,鑫創,上櫃,半導體業,0.5456793750367493,-0.6390722510122329,-2.4321184692403515,-1.0905467811790162,-0.9847370792687592,-1.0353486836401151,-0.6432559085864632,1.2581944523100201,-0.46570526165476367,-0.6096567341372148
4304.TWO,2026-10-08,勝昱,上櫃,塑膠工業,0.22386042921775615,-0.6390722510122329,0.564498851522459,-1.2367414537827481,-1.568570898339408,-1.7913145482238895,-0.47862923388318535,1.164875514374073,-1.7311264995754303,-0.6102466766336229
6282.TW,2026-10-08,康舒,上市,電子零組件,-1.0886881863749196,-0.6390722510122329,0.17163291004967557,-0.13167378206656855,-0.6743833679825726,-1.1657969189253041,-0.007651471509899774,-1.0247677366470307,-0.9558227927252675,-0.6129137330215688
6415.TW,2026-10-08,矽力*-KY,上市,半導體業,-1.7660715881582985,0.5173721995315225,-1.0667192592158392,-0.08388181904705302,0.8366978455837872,-0.7951310129869543,0.11393832269483516,-1.9906437937954122,-1.3092400615626365,-0.6159643518840054
2454.TW,2026-10-08,聯發科,上市,半導體業,-2.023914695992843,-0.6390722510122329,0.869902201259674,0.49969611246350887,0.4747425247273883,-0.47340257007947295,0.04082607670502122,-3.0763720142865325,-1.2175377878630163,-0.6161258226753894
3044.TW,2026-10-08,健鼎,上市,電子零組件,-2.783796533208026,-0.06085002574035522,-1.4234461281309048,1.2420192137008086,1.5136511863595496,-0.48370091619757904,0.22580700338167525,-2.311871675618462,-1.4641484168477024,-0.616259588033444
8438.TW,2026-10-08,昶昕,上市,綠能環保,-1.7778345496911299,-0.6390722510122329,-0.5004506048749129,0.13558519625744742,-0.37048180174391726,-0.5088034274880159,0.04430680469770992,0.118895352292887,-2.071898006267526,-0.6188614764255213
2301.TW,2026-10-08,光寶科,上市,電腦及週邊設備,-1.2954884722450561,-0.6390722510122329,-1.2185629616484577,0.5094926489928056,0.5006750888811037,-0.23552976806826348,-0.12238631555545387,-2.806559860062928,-0.2764741442047041,-0.6204340038803542
6669.TW,2026-10-08,緯穎,上市,電腦及週邊設備,-0.721140352547499,-0.6390722510122329,-2.4331496216528548,1.1882400000979307,0.22465428371261725,0.4735821119307587,0.09508651167953397,-3.0763720142865325,-0.7110669850367335,-0.6221375907905569
3090.TW,2026-10-08,日電貿,上市,電子零組件,-2.8234305439571012,-0.06085002574035522,-0.024624677899708763,1.4845314401837697,0.5812292275102773,-0.8027211798489616,-0.00786341476438595,-1.2089172230474974,-2.7408421721756855,-0.6226098410821831
3583.TW,2026-10-08,辛耘,上市,半導體業,-0.5663526562443147,-0.6390722510122329,-1.0404620291904276,-0.35716098381984035,-0.09841679051818206,-0.5622491064836532,-0.18413826271597702,-1.33675746206697,-0.8480197916209055,-0.6258477037413893
3715.TW,2026-10-08,定穎投控,上市,電子零組件,-1.6954149495220159,-0.6390722510122329,-0.6456370727045958,0.48088752192984496,-0.17908217071404575,-0.5161209625606198,0.3855624381611546,-1.0569762336303055,-1.7841569587039563,-0.6277789598618636
5443.TWO,2026-10-08,均豪,上櫃,半導體業,-2.387469258806744,-0.6390722510122329,0.41997647930153037,-0.047059118999036996,0.5324908726466451,-1.1703690873389883,-0.21590232541463075,-0.592967545761783,-1.5837009218424494,-0.6315636841364101
2424.TW,2026-10-08,隴華,上市,通信網路業,1.6527843730540956,-0.6390722510122329,-2.4895446292788352,-1.4631094771778417,-1.568570898339408,-1.7913145482238895,-0.23777330798007726,1.5030657549369546,-0.6977365912743716,-0.636807952810623
6498.TWO,2026-10-08,久禾光,上櫃,光電業,-0.03002455936933448,-0.6390722510122329,-2.3716670907529203,-0.6371387446704113,-0.6095646660134094,-1.0420296015832249,-0.5067213616358236,0.41337245119643184,-0.33591023540454784,-0.639861784360608
6919.TW,2026-10-08,康霈*,上市,生技醫療,0.9927722295822445,-0.6390722510122329,0.5301339817205025,-1.3461006431605131,-1.0936925497738466,-1.3569899830085372,-1.070985694825554,-1.7452597155006102,-0.08138754729789578,-0.6456202414751604
3297.TWO,2026-10-08,杭特,上櫃,光電業,-0.18027524786715912,-0.06085002574035522,-2.0243884235664154,-1.334606262194082,-0.5189186969034386,-1.6821464523330218,-0.24962401204430495,1.0772970288039345,-0.900511885192836,-0.6526693307819643
6716.TWO,2026-10-08,應廣,上櫃,半導體業,-1.3231601797410102,0.5173721995315225,-3.509081147411912,-0.2255161682622353,0.03633037526077409,-0.5249718096739691,0.6258012236110243,0.30214044952450547,-1.8248862368096894,-0.6584412548856655
6877.TWO,2026-10-08,鏵友益,上櫃,其他電子業,-0.7863284308148625,-0.6390722510122329,-2.4046474574681733,-0.6243707335977415,-0.8884133540483333,-0.6263616426905433,0.8715082158723471,0.051492513252942795,-0.9059436828687816,-0.6613485359305975
5309.TWO,2026-10-08,系統電,上櫃,電子零組件,-1.209343343528521,-0.6390722510122329,-0.6814328404596681,-0.6370914124584818,0.17517696165169885,-1.1916076375728524,-0.10205967236265004,-0.5012316957954522,-1.1755915568642668,-0.6624726053780473
6617.TWO,2026-10-08,共信-KY,上櫃,生技醫療,-1.1297039252202943,0.5173721995315225,0.869902201259674,-0.8748286407525424,-0.5261811133600935,-1.424509746268097,-0.272441838397291,-0.4820107700976409,-2.641088523097916,-0.6626100173780753
6405.TW,2026-10-08,悅城,上市,光電業,-1.619167175581964,-0.6390722510122329,0.869902201259674,-0.16694257348354224,-0.7477848215726883,-1.258582843230412,-1.070985694825554,0.5882241253095698,-1.9263759172953847,-0.6634205500480594
8069.TWO,2026-10-08,元太,上櫃,光電業,0.8087382016357696,-0.6390722510122329,-0.41769010873435386,-1.3375904458047165,-1.0040879267222107,-1.6200823196946892,-0.3117832882160914,-1.9404869014185064,0.4888825218621736,-0.6636858353449843
6735.TWO,2026-10-08,美達科技,上櫃,其他電子業,-0.7264141225153354,-0.6390722510122329,0.5178660614710606,-1.4631094771778417,-1.568570898339408,-1.7913145482238895,-0.4857045470606971,0.5279899661681983,-0.3535860141800655,-0.6646573145411345
8059.TWO,2026-10-08,凱碩,上櫃,通信網路業,-0.31429806093127616,1.0955944248034002,-0.08720478924281451,-1.4631094771778417,-1.568570898339408,-1.7913145482238895,-0.7407790991977512,0.7374683521952882,-1.8569989022571893,-0.6654681109301647
4772.TWO,2026-10-08,台特化,上櫃,化學工業,-0.1919084286167794,-0.6390722510122329,-1.28928765282552,-0.6027856176776384,-0.5604780316347419,-1.0202324218791736,-0.1769474529383966,-1.0806802983427701,-0.4642326415657637,-0.6695138662770019
3228.TWO,2026-10-08,金麗科,上櫃,半導體業,-2.501103553299945,-0.6390722510122329,0.869902201259674,-0.4664268641686783,-0.504723750884887,-1.5292581745537348,-0.24693821478185635,-0.3305772990384648,-0.6851964772939585,-0.670377153752676
6176.TW,2026-10-08,瑞儀,上市,光電業,-1.0312303513444607,-0.6390722510122329,0.5391028656809412,-0.8540742699775489,-0.19005187890958433,-1.66094015270395,-0.4580613060577877,-0.9322572998801125,-0.8479863733693428,-0.6749523352860087
6103.TWO,2026-10-08,合邦,上櫃,半導體業,0.13801628685901543,0.5173721995315225,-2.4617813661184016,-0.9326001151734835,-1.5001311285213443,-0.945096299798808,-0.7916186525118993,1.579840734616939,-1.7033340553889729,-0.6777035996117148
2367.TW,2026-10-08,燿華,上市,電子零組件,-0.4758252928268407,-0.6390722510122329,-0.9902557594744139,0.05076089116471203,-1.2729403670302026,-0.4331502681800463,-0.11435800732486887,-0.9444821316562535,-1.3687502249466497,-0.6875637123651995
6640.TWO,2026-10-08,均華,上櫃,半導體業,-1.9029552705346355,-0.6390722510122329,0.4159230944190239,0.26908768511847037,-0.4403000690070966,-1.0416794408364043,-0.1786995463494099,-0.9044859957145104,-1.7888130154709296,-0.6901105343764139
4960.TW,2026-10-08,誠美材,上市,光電業,-2.02505940964076,1.0955944248034002,-0.04375397331355266,-0.76217002072526,-1.344943972790198,-1.712107291414544,-0.4604060141020636,-0.41562167233561126,-0.5831585426656996,-0.6946251635760322
6739.TWO,2026-10-08,竹陞科技,上櫃,其他電子業,-0.3024800626973725,-0.06085002574035522,-1.2582532498123196,-0.7387609701058391,-1.1369043854566852,-0.9908280350574207,0.49592620337902144,-0.7926053872329306,-1.580628145829892,-0.7072648953948658
3710.TWO,2026-10-08,連展投控,上櫃,電子零組件,0.09293391312327048,-0.6390722510122329,-0.17992448330932284,-1.4631094771778417,-1.5508804701306889,-1.7913145482238895,-0.12546046425542728,0.9430329818932853,-1.669213481645162,-0.7092231423042232
4908.TWO,2026-10-08,前鼎,上櫃,通信網路業,0.00755469576491888,-0.6390722510122329,-2.475000135722067,-0.19591950111169576,-0.44145248445808216,-0.10775258699802777,-0.09012959912898331,-0.6204900421065983,-1.8962426630257085,-0.7176116186442751
6116.TW,2026-10-08,彩晶,上市,光電業,-1.5561330405515916,-0.6390722510122329,0.011258809901050187,-0.48556620773169185,0.050439772886525576,-1.3727661850915653,-0.27105590527053236,-1.1189327006042806,-1.088607962900782,-0.7189372967083445
4749.TWO,2026-10-08,新應材,上櫃,半導體業,-1.2260519536255976,-0.6390722510122329,-0.3726931876093091,-0.3389995749980132,-0.6502904559486871,-0.963316195129767,0.022430211345075418,-1.4297816273260766,-0.874611584934005,-0.7191540688042903
3701.TW,2026-10-08,大眾控,上市,電腦及週邊設備,-0.5434584047193404,-0.6390722510122329,-2.4628808234549324,-0.7876715881608366,-0.26066911424696404,-0.2400518624816191,-0.2844182602749113,-0.4713553794302502,-0.8261542911519942,-0.723970219437009
3163.TWO,2026-10-08,波若威,上櫃,通信網路業,0.10032886600981816,-0.6390722510122329,-2.329569599331558,0.5005724871854416,-1.2024683279854431,0.22894075407260073,-0.2564673226224713,-1.370208300967852,-1.564844491938525,-0.7258653540655803
4760.TWO,2026-10-08,勤凱科技,上櫃,其他電子業,-0.649858090250721,-0.06085002574035522,-2.4493103104315272,-0.6565611978206921,-0.6024069333904756,-0.2945835935290095,0.4510584234443568,-0.34058030804071415,-1.940699239216627,-0.7270879194417517
3581.TWO,2026-10-08,博磊,上櫃,半導體業,-2.1404442001663506,0.5173721995315225,0.4392040742570102,-0.7041909904514053,-1.3217939196205148,-1.5436608438187527,-0.5800129177236568,0.1212929462365799,-1.3691461705979633,-0.7312644247059479
6269.TW,2026-10-08,台郡,上市,電子零組件,-1.9758550717159475,-0.6390722510122329,0.30138146224797685,-0.029877999584990714,0.14079107963963744,-1.5487178022494925,-0.3287425974070411,-0.6681497893750388,-1.8587698165544457,-0.7341125317790639
8121.TWO,2026-10-08,越峰,上櫃,電子零組件,-1.6689192804990205,-0.6390722510122329,-2.0834575556183847,-0.30209192253435363,0.7505330878573957,-1.1456337941524801,-0.11757950381159146,-0.03853590137012084,-1.3802462170509835,-0.736111482021308
6234.TWO,2026-10-08,高僑,上櫃,光電業,-0.40062943255001143,-0.6390722510122329,-2.4895425148733676,-0.6872844993401137,-0.8454091884941319,-0.950146298112448,0.25104666228145306,0.3355051441229822,-1.2072016121683953,-0.7369704433495851
2429.TW,2026-10-08,銘旺科,上市,光電業,-1.5619264578385994,-0.6390722510122329,0.869902201259674,-1.4631094771778417,-1.3232588370018197,-1.7913145482238895,-0.41982100665061134,0.5966187990103483,-0.9040258957976669,-0.7373341637147377
6187.TWO,2026-10-08,萬潤,上櫃,半導體業,-0.08197894330577876,-0.6390722510122329,-3.509081147411912,-0.13336657055196036,0.663751664368963,0.33762042537458686,0.5506752872767554,-1.877133127696122,-2.1024714335028083,-0.7545617884956121
1504.TW,2026-10-08,東元,上市,電機機械,-1.7189397988424553,-0.6390722510122329,-0.16959082212996812,-1.013677865645029,-0.06208702900626582,-1.514237254882522,-0.19476290120598067,-1.9553874630325294,0.42660429839350594,-0.7601278985959419
3533.TW,2026-10-08,嘉澤,上市,電子零組件,-1.6626718917481247,-0.06085002574035522,-0.7868105941149628,-0.05023126500331002,-0.1663953831799511,-1.07147169788218,-0.1709697721908672,-2.098478056986484,-0.7944697031776139,-0.7624831544470944
6531.TW,2026-10-08,愛普*,上市,半導體業,-1.6697677999206477,-0.6390722510122329,-1.542561262530176,0.14277375169843345,-0.19963771437179073,-0.5376995305751234,0.9635663943639712,-1.916622615524284,-1.4768427524315648,-0.7639848644781572
9105.TW,2026-10-08,泰金寶-DR,上市,其他／未分類,-1.0596791858453383,-0.6390722510122329,-0.671491746641679,-0.772597066648005,-0.9653618005926227,-1.1817120354839674,0.02429124618912308,-1.567788295935479,-0.043356963958860344,-0.7640853444365623
3523.TWO,2026-10-08,迎輝,上櫃,光電業,-0.04141252767018006,-0.6390722510122329,-1.1208807270810608,-1.4631094771778417,-1.568570898339408,-1.7913145482238895,-1.070985694825554,1.2198915172448113,-0.42548092956318756,-0.7667706151831715
6485.TWO,2026-10-08,點序,上櫃,半導體業,-1.3040968824256667,-0.6390722510122329,-2.450729217081562,-0.34252865943668126,-0.544275873900187,-0.4110543316655078,-0.15728256279941855,0.3540838355626823,-1.4542846486355563,-0.7721378434882368
6140.TWO,2026-10-08,訊達電腦,上櫃,資訊服務業,-1.6455412776873422,-0.6390722510122329,-1.720713566692887,-1.2038098930547343,-0.32959248422731474,-1.5511470297921746,-0.2505821036419469,1.1132346767202006,-0.7224640700443801,-0.7721875554925346
6781.TW,2026-10-08,AES-KY,上市,電子零組件,-1.588162926692838,-0.6390722510122329,0.869902201259674,-0.38697720833612037,-0.13368178725205698,-1.7162923029049433,-0.1099466140198714,-1.5467843644222623,-1.7509119878792307,-0.7779919156955424
2368.TW,2026-10-08,金像電,上市,電子零組件,-3.104901471462261,-0.6390722510122329,-3.509081147411912,2.737481396548162,1.7908051420095967,0.491479385050852,0.3201036243819807,-2.80013612133715,-2.3084043201184525,-0.7801917514834906
2308.TW,2026-10-08,台達電,上市,電子零組件,-3.104901471462261,-0.6390722510122329,-2.070726389999901,2.4072741365968224,1.5632674709242325,-0.9068020012024722,-0.038121490566620814,-3.0763720142865325,-1.1886256104250161,-0.7837866246037758
2338.TW,2026-10-08,光罩,上市,半導體業,-1.4722345696702037,-0.6390722510122329,-0.8738782303154246,-0.3567599858912753,-0.614620152610972,-0.6692326160679127,-0.41758537731233947,-0.5669518258035701,-1.4754413219908606,-0.787308481186088
5475.TWO,2026-10-08,德宏,上櫃,電子零組件,-1.3873550122771732,-0.6390722510122329,-1.3573544113065974,0.17884917320728827,-1.568570898339408,-0.8488664285986626,2.0100296271404727,-0.8055574405758005,-2.7408421721756855,-0.7954155348819777
7750.TW,2026-10-08,新代,上市,電機機械,-2.4825112017755098,-0.6390722510122329,-0.8231869876473524,0.3042317467525601,-0.4490461015116796,-1.1059940573161275,0.9656680684569094,-1.8438785387620606,-1.101585513384626,-0.797263870688902
3661.TW,2026-10-08,世芯-KY,上市,半導體業,-1.7220563682122556,2.2520388753471554,-2.392551327689646,-1.120116157986885,-1.002138197678952,-1.727253962506138,2.0249867056465796,-2.4359329318022276,-1.060120839492933,-0.7981271338194781
4979.TWO,2026-10-08,華星光,上櫃,通信網路業,-2.063940108201869,-0.6390722510122329,-0.8188674744563428,0.6459949334029115,0.019166184230927943,-0.9484677044925535,-0.016507090411706487,-1.4999744592955047,-1.8710899772774379,-0.7991953275015341
6202.TW,2026-10-08,盛群,上市,半導體業,-1.3631353108560456,-0.6390722510122329,-0.8629245316010732,-0.9190004436704131,-0.9157966901526835,-1.4922378900576854,0.03777170465671487,-0.41397530828164253,-0.669690600956523,-0.804229035770176
6994.TW,2026-10-08,富威電力,上市,綠能環保,0.9026984033396462,-0.6390722510122329,-2.4722557674424785,-1.4631094771778417,-1.568570898339408,-1.728976499402816,-0.5542024748493435,0.6834973571928518,-0.4708218538758408,-0.8123126068408293
8033.TW,2026-10-08,雷虎,上市,其他,-2.1571415231230424,-0.6390722510122329,0.7730882130573441,-0.6198543513840729,-0.5967819268465864,-1.77271431607943,0.30771866831634676,-0.8567552871853884,-1.7519269003949982,-0.8126044082946735
6829.TWO,2026-10-08,千附精密,上櫃,半導體業,-2.8923526563275015,-0.6390722510122329,-0.3443551688442261,-0.15406669033761905,-0.3007219607156827,-1.5523565720822121,0.14834567232633122,-0.3603042628529735,-1.2713337230496145,-0.8184686236550811
6182.TWO,2026-10-08,合晶,上櫃,半導體業,-1.4092884509154524,-0.6390722510122329,-0.9672944967360705,0.07105914112335664,0.1326817156772329,-0.2784757932892353,-0.1676042669007638,-1.499833137023307,-2.630230232195764,-0.8208953079191373
4722.TW,2026-10-08,國精化,上市,化學工業,-2.119107811808388,-0.6390722510122329,-2.41738326450291,0.9777163624416413,0.22086963491084796,-0.5970166501672935,-0.1315486255559759,-0.7182583164673575,-1.9833019982188314,-0.8230114355978334
2230.TWO,2026-10-08,泰茂,上櫃,居家生活,-0.9663940159993124,-0.6390722510122329,-0.22387190873473972,-1.4440516643858092,-1.202039334788847,-1.7913145482238895,-1.0674421382025465,0.9208186309685742,-1.044240046888648,-0.8286230308074946
3529.TWO,2026-10-08,力旺,上櫃,半導體業,-1.8628357416674453,1.6738166500752778,0.869902201259674,-1.3568060573081393,-1.2212708273409014,-1.7913145482238895,0.02952109072425839,-2.104685698878689,-1.764223109609777,-0.8364328934410702
6451.TW,2026-10-08,訊芯-KY,上市,半導體業,-1.1496478901577836,-0.6390722510122329,-0.43157785321811254,-0.630333185829026,-0.5505124596960933,-1.2627762287784714,0.09033312832050575,-1.2030543071939508,-1.7987903955555755,-0.8417146047911933
3532.TW,2026-10-08,台勝科,上市,半導體業,-1.028301250790249,-0.6390722510122329,-2.439187476867873,-0.000576913856791829,0.40685809429229153,0.10414516062942294,-0.08714294172155604,-2.0450686013361925,-1.9449109558644895,-0.8525841262808522
6456.TW,2026-10-08,GIS-KY,上市,光電業,-0.8342565554833467,-0.6390722510122329,-1.5529474753009345,-0.6497212679211798,0.13632785180228815,-0.6443737474761931,-0.5994010826032011,-0.9698240657414946,-1.928611353416632,-0.8535422163503251
4919.TW,2026-10-08,新唐,上市,半導體業,-3.104901471462261,-0.6390722510122329,-1.561275384058005,0.557683637758388,0.42250704658673527,-0.7499813011533529,-0.23565773357710512,-1.4164675295486455,-1.2975163731113921,-0.891631262175319
1711.TW,2026-10-08,永光,上市,化學工業,-2.7939466344420696,-0.06085002574035522,-3.5051882781285957,1.0135640675334432,0.32351952964426745,-0.9018727630797457,-0.05360706213051245,-0.7942823362193817,-1.3776823501954314,-0.9055939836398201
3707.TWO,2026-10-08,漢磊,上櫃,半導體業,-2.5937663460308147,-0.6390722510122329,-2.4678680252650196,-0.1964768889698564,0.9231487000097987,-0.7761441591906136,-0.0848675839068742,-0.9806802822309885,-1.4074927011205618,-0.9136910597463513
1785.TWO,2026-10-08,光洋科,上櫃,其他電子業,-1.5559636071600815,-0.6390722510122329,-1.7521039572736279,-0.05177854657848307,-1.239053234998917,-0.7563599000216935,-0.0747702422925337,-1.3363718047970383,-0.8652232711411361,-0.9189663128084161
6683.TWO,2026-10-08,雍智科技,上櫃,半導體業,-1.3233927801282408,-0.6390722510122329,0.5317030008616103,-0.5096388380632356,-1.568570898339408,-1.0702686892677,-0.11776638124470104,-1.0569060789839522,-2.7408421721756855,-0.9438616764837273
5439.TWO,2026-10-08,高技,上櫃,電子零組件,-0.37737134175039777,-0.6390722510122329,-0.6571184308406837,-1.1214608007622324,-1.2611196216253515,-1.7913145482238895,-0.2949577696052694,-0.7669033222554045,-1.6742061111651536,-0.9537249108045128
8358.TWO,2026-10-08,金居,上櫃,電子零組件,-2.481376984347498,-0.6390722510122329,-1.2014321436317537,0.46966535579897845,0.049819878619455846,-1.147259651374501,0.17592435769659784,-1.8141617420803482,-2.3273709679375605,-0.9905849053632068
6488.TWO,2026-10-08,環球晶,上櫃,半導體業,-2.214859166797895,-0.6390722510122329,-2.3811739832120553,0.36544853467032434,1.166707059984206,-0.44740295023926413,-0.27448815557375966,-2.6583815963426294,-2.0895932147113006,-1.0192017470260675
4991.TWO,2026-10-08,環宇-KY,上櫃,半導體業,-1.0069729116649087,-0.6390722510122329,-2.4860834103800435,-0.12423422957596642,-0.74291848033543,-0.570873692334843,0.05410340404593705,-1.3396791745669916,-2.335664715833123,-1.0212661624064003
6449.TW,2026-10-08,鈺邦,上市,電子零組件,-1.650310414723573,-0.6390722510122329,-2.447197239059176,-0.5342564068491047,0.07309865013605746,-1.5149267328591607,-0.1572571699117062,-0.7837408676273672,-1.639759867667537,-1.0326024777304221
00400A.TW,2026-10-08,主動國泰動能高息,上市,主動式 ETF,,,,,,,,,,
00401A.TW,2026-10-08,主動摩根台灣鑫收,上市,主動式 ETF,,,,,,,,,,
00402A.TW,2026-10-08,主動安聯美國科技,上市,主動式 ETF,,,,,,,,,,
00403A.TW,2026-10-08,主動統一升級50,上市,主動式 ETF,,,,,,,,,,
00404A.TW,2026-10-08,主動聯博動能50,上市,主動式 ETF,,,,,,,,,,
00405A.TW,2026-10-08,主動富邦台灣龍耀,上市,主動式 ETF,,,,,,,,,,
00406A.TW,2026-10-08,主動中信台灣收益,上市,主動式 ETF,,,,,,,,,,
00407A.TW,2026-10-08,主動凱基台灣,上市,主動式 ETF,,,,,,,,,,
00408A.TW,2026-10-08,主動第一金優股息,上市,主動式 ETF,,,,,,,,,,
00409A.TW,2026-10-08,主動復華全球50,上市,主動式 ETF,,,,,,,,,,
00410A.TW,2026-10-08,主動永豐科技趨勢,上市,主動式 ETF,,,,,,,,,,
00980A.TW,2026-10-08,主動野村臺灣優選,上市,主動式 ETF,,,,,,,,,,
00981A.TW,2026-10-08,主動統一台股增長,上市,主動式 ETF,,,,,,,,,,
00982A.TW,2026-10-08,主動群益台灣強棒,上市,主動式 ETF,,,,,,,,,,
00983A.TW,2026-10-08,主動中信ARK創新,上市,主動式 ETF,,,,,,,,,,
00984A.TW,2026-10-08,主動安聯台灣高息,上市,主動式 ETF,,,,,,,,,,
00985A.TW,2026-10-08,主動野村台灣50,上市,主動式 ETF,,,,,,,,,,
00986A.TW,2026-10-08,主動台新龍頭成長,上市,主動式 ETF,,,,,,,,,,
00987A.TW,2026-10-08,主動台新優勢成長,上市,主動式 ETF,,,,,,,,,,
00988A.TW,2026-10-08,主動統一全球創新,上市,主動式 ETF,,,,,,,,,,
00989A.TW,2026-10-08,主動摩根美國科技,上市,主動式 ETF,,,,,,,,,,
00990A.TW,2026-10-08,主動元大AI新經濟,上市,主動式 ETF,,,,,,,,,,
00991A.TW,2026-10-08,主動復華未來50,上市,主動式 ETF,,,,,,,,,,
00992A.TW,2026-10-08,主動群益科技創新,上市,主動式 ETF,,,,,,,,,,
00993A.TW,2026-10-08,主動安聯台灣,上市,主動式 ETF,,,,,,,,,,
00994A.TW,2026-10-08,主動第一金台股優,上市,主動式 ETF,,,,,,,,,,
00995A.TW,2026-10-08,主動中信台灣卓越,上市,主動式 ETF,,,,,,,,,,
00996A.TW,2026-10-08,主動兆豐台灣豐收,上市,主動式 ETF,,,,,,,,,,
00997A.TW,2026-10-08,主動群益美國增長,上市,主動式 ETF,,,,,,,,,,
00999A.TW,2026-10-08,主動野村臺灣高息,上市,主動式 ETF,,,,,,,,,,
00680L.TW,2026-10-08,元大美債20正2,上市,債券 ETF,,,,,,,,,,
00681R.TW,2026-10-08,元大美債20反1,上市,債券 ETF,,,,,,,,,,
00688L.TW,2026-10-08,國泰20年美債正2,上市,債券 ETF,,,,,,,,,,
00689R.TW,2026-10-08,國泰20年美債反1,上市,債券 ETF,,,,,,,,,,
00710B.TW,2026-10-08,復華彭博非投等債,上市,債券 ETF,,,,,,,,,,
00711B.TW,2026-10-08,復華彭博新興債,上市,債券 ETF,,,,,,,,,,
00775B.TW,2026-10-08,台新投等債15+,上市,債券 ETF,,,,,,,,,,
00865B.TW,2026-10-08,國泰US短期公債,上市,債券 ETF,,,,,,,,,,
00945B.TW,2026-10-08,凱基美國非投等債,上市,債券 ETF,,,,,,,,,,
00953B.TW,2026-10-08,群益優選非投等債,上市,債券 ETF,,,,,,,,,,
00982D.TW,2026-10-08,主動富邦動態入息,上市,債券 ETF,,,,,,,,,,
00983D.TW,2026-10-08,主動富邦複合收益,上市,債券 ETF,,,,,,,,,,
00984D.TW,2026-10-08,主動聯博全球非投,上市,債券 ETF,,,,,,,,,,
00985B.TW,2026-10-08,群益ESG投等債0-5,上市,債券 ETF,,,,,,,,,,
00991B.TW,2026-10-08,貝萊德A級公司債,上市,債券 ETF,,,,,,,,,,
0050.TW,2026-10-08,元大台灣50,上市,台灣股票 ETF,,,,,,,,,,
0051.TW,2026-10-08,元大中型100,上市,台灣股票 ETF,,,,,,,,,,
0052.TW,2026-10-08,富邦科技,上市,台灣股票 ETF,,,,,,,,,,
0053.TW,2026-10-08,元大電子,上市,台灣股票 ETF,,,,,,,,,,
0055.TW,2026-10-08,元大MSCI金融,上市,台灣股票 ETF,,,,,,,,,,
0056.TW,2026-10-08,元大高股息,上市,台灣股票 ETF,,,,,,,,,,
0057.TW,2026-10-08,富邦摩台,上市,台灣股票 ETF,,,,,,,,,,
0061.TW,2026-10-08,元大寶滬深,上市,台灣股票 ETF,,,,,,,,,,
006203.TW,2026-10-08,元大MSCI台灣,上市,台灣股票 ETF,,,,,,,,,,
006204.TW,2026-10-08,永豐臺灣加權,上市,台灣股票 ETF,,,,,,,,,,
006208.TW,2026-10-08,富邦台50,上市,台灣股票 ETF,,,,,,,,,,
00690.TW,2026-10-08,兆豐藍籌30,上市,台灣股票 ETF,,,,,,,,,,
00692.TW,2026-10-08,富邦公司治理,上市,台灣股票 ETF,,,,,,,,,,
00701.TW,2026-10-08,國泰股利精選30,上市,台灣股票 ETF,,,,,,,,,,
00713.TW,2026-10-08,元大台灣高息低波,上市,台灣股票 ETF,,,,,,,,,,
00728.TW,2026-10-08,第一金工業30,上市,台灣股票 ETF,,,,,,,,,,
00730.TW,2026-10-08,富邦臺灣優質高息,上市,台灣股票 ETF,,,,,,,,,,
00731.TW,2026-10-08,復華富時高息低波,上市,台灣股票 ETF,,,,,,,,,,
00733.TW,2026-10-08,臺灣中小A級動能50 ETF基金,上市,台灣股票 ETF,,,,,,,,,,
00850.TW,2026-10-08,元大臺灣ESG永續,上市,台灣股票 ETF,,,,,,,,,,
00878.TW,2026-10-08,國泰永續高股息,上市,台灣股票 ETF,,,,,,,,,,
00881.TW,2026-10-08,國泰台灣科技龍頭,上市,台灣股票 ETF,,,,,,,,,,
00891.TW,2026-10-08,中信關鍵半導體,上市,台灣股票 ETF,,,,,,,,,,
00892.TW,2026-10-08,富邦台灣半導體,上市,台灣股票 ETF,,,,,,,,,,
00894.TW,2026-10-08,中信小資高價30,上市,台灣股票 ETF,,,,,,,,,,
00896.TW,2026-10-08,中信綠能及電動車,上市,台灣股票 ETF,,,,,,,,,,
00900.TW,2026-10-08,富邦特選高股息30,上市,台灣股票 ETF,,,,,,,,,,
00901.TW,2026-10-08,永豐智能車供應鏈,上市,台灣股票 ETF,,,,,,,,,,
00904.TW,2026-10-08,台新臺灣半導體30,上市,台灣股票 ETF,,,,,,,,,,
00905.TW,2026-10-08,FT臺灣Smart,上市,台灣股票 ETF,,,,,,,,,,
00907.TW,2026-10-08,永豐優息存股,上市,台灣股票 ETF,,,,,,,,,,
00912.TW,2026-10-08,中信臺灣智慧50,上市,台灣股票 ETF,,,,,,,,,,
00913.TW,2026-10-08,兆豐台灣晶圓製造ETF,上市,台灣股票 ETF,,,,,,,,,,
00915.TW,2026-10-08,凱基優選高股息30,上市,台灣股票 ETF,,,,,,,,,,
00918.TW,2026-10-08,大華優利高填息30 ETF,上市,台灣股票 ETF,,,,,,,,,,
00919.TW,2026-10-08,群益台灣精選高息,上市,台灣股票 ETF,,,,,,,,,,
00921.TW,2026-10-08,兆豐龍頭等權重,上市,台灣股票 ETF,,,,,,,,,,
00922.TW,2026-10-08,國泰台灣領袖50 ETF基金,上市,台灣股票 ETF,,,,,,,,,,
00923.TW,2026-10-08,群益台ESG低碳50,上市,台灣股票 ETF,,,,,,,,,,
00927.TW,2026-10-08,群益半導體收益,上市,台灣股票 ETF,,,,,,,,,,
00929.TW,2026-10-08,復華台灣科技優息,上市,台灣股票 ETF,,,,,,,,,,
00930.TW,2026-10-08,永豐ESG低碳高息,上市,台灣股票 ETF,,,,,,,,,,
00932.TW,2026-10-08,兆豐永續高息等權,上市,台灣股票 ETF,,,,,,,,,,
00934.TW,2026-10-08,中信成長高股息,上市,台灣股票 ETF,,,,,,,,,,
00935.TW,2026-10-08,野村臺灣新科技50,上市,台灣股票 ETF,,,,,,,,,,
00936.TW,2026-10-08,台新永續高息中小型ETF,上市,台灣股票 ETF,,,,,,,,,,
00938.TW,2026-10-08,凱基優選30,上市,台灣股票 ETF,,,,,,,,,,
00939.TW,2026-10-08,統一台灣高息動能ETF基金,上市,台灣股票 ETF,,,,,,,,,,
00940.TW,2026-10-08,元大台灣價值高息,上市,台灣股票 ETF,,,,,,,,,,
00943.TW,2026-10-08,兆豐電子高息等權,上市,台灣股票 ETF,,,,,,,,,,
00944.TW,2026-10-08,野村趨勢動能高息,上市,台灣股票 ETF,,,,,,,,,,
00946.TW,2026-10-08,群益科技高息成長,上市,台灣股票 ETF,,,,,,,,,,
00947.TW,2026-10-08,台新臺灣IC設計動能ETF基金,上市,台灣股票 ETF,,,,,,,,,,
00952.TW,2026-10-08,凱基台灣AI 50,上市,台灣股票 ETF,,,,,,,,,,
00961.TW,2026-10-08,FT臺灣永續高息,上市,台灣股票 ETF,,,,,,,,,,
00962.TW,2026-10-08,台新AI優息動能基金,上市,台灣股票 ETF,,,,,,,,,,
009802.TW,2026-10-08,富邦旗艦50,上市,台灣股票 ETF,,,,,,,,,,
009803.TW,2026-10-08,玉山市值動能50,上市,台灣股票 ETF,,,,,,,,,,
009804.TW,2026-10-08,聯邦台灣精彩50ETF基金,上市,台灣股票 ETF,,,,,,,,,,
009808.TW,2026-10-08,華南永昌優選50,上市,台灣股票 ETF,,,,,,,,,,
009809.TW,2026-10-08,富邦淨零ESG50,上市,台灣股票 ETF,,,,,,,,,,
009816.TW,2026-10-08,凱基台灣TOP50,上市,台灣股票 ETF,,,,,,,,,,
00635U.TW,2026-10-08,期元大S&amp;P黃金(原名：元大S&amp;P黃金),上市,商品／期貨 ETF,,,,,,,,,,
00642U.TW,2026-10-08,期元大S&amp;P石油(原名：元大S&amp;P石油),上市,商品／期貨 ETF,,,,,,,,,,
00673R.TW,2026-10-08,期元大S&amp;P原油反1(原名：元大S&amp;P原油反1),上市,商品／期貨 ETF,,,,,,,,,,
00674R.TW,2026-10-08,期元大S&amp;P黃金反1(原名：元大S&amp;P黃金反1),上市,商品／期貨 ETF,,,,,,,,,,
00682U.TW,2026-10-08,期元大美元指數(原名：元大美元指數),上市,商品／期貨 ETF,,,,,,,,,,
00693U.TW,2026-10-08,期街口S&amp;P黃豆,上市,商品／期貨 ETF,,,,,,,,,,
00708L.TW,2026-10-08,期元大S&amp;P黃金正2(原名：元大S&amp;P黃金正2),上市,商品／期貨 ETF,,,,,,,,,,
00738U.TW,2026-10-08,期元大道瓊白銀(原名：元大道瓊白銀),上市,商品／期貨 ETF,,,,,,,,,,
00763U.TW,2026-10-08,期街口道瓊銅,上市,商品／期貨 ETF,,,,,,,,,,
00631L.TW,2026-10-08,元大台灣50正2,上市,槓桿／反向 ETF,,,,,,,,,,
00632R.TW,2026-10-08,元大台灣50反1,上市,槓桿／反向 ETF,,,,,,,,,,
00633L.TW,2026-10-08,富邦上証正2,上市,槓桿／反向 ETF,,,,,,,,,,
00634R.TW,2026-10-08,富邦上証反1,上市,槓桿／反向 ETF,,,,,,,,,,
00637L.TW,2026-10-08,元大滬深300正2,上市,槓桿／反向 ETF,,,,,,,,,,
00638R.TW,2026-10-08,元大滬深300反1,上市,槓桿／反向 ETF,,,,,,,,,,
00640L.TW,2026-10-08,富邦日本正2,上市,槓桿／反向 ETF,,,,,,,,,,
00641R.TW,2026-10-08,富邦日本反1,上市,槓桿／反向 ETF,,,,,,,,,,
00647L.TW,2026-10-08,元大S&amp;P500正2,上市,槓桿／反向 ETF,,,,,,,,,,
00648R.TW,2026-10-08,元大S&amp;P500反1,上市,槓桿／反向 ETF,,,,,,,,,,
00650L.TW,2026-10-08,復華香港正2,上市,槓桿／反向 ETF,,,,,,,,,,
00651R.TW,2026-10-08,復華香港反1,上市,槓桿／反向 ETF,,,,,,,,,,
00653L.TW,2026-10-08,富邦印度正2,上市,槓桿／反向 ETF,,,,,,,,,,
00654R.TW,2026-10-08,富邦印度反1,上市,槓桿／反向 ETF,,,,,,,,,,
00655L.TW,2026-10-08,國泰中國A50正2,上市,槓桿／反向 ETF,,,,,,,,,,
00656R.TW,2026-10-08,國泰中國A50反1,上市,槓桿／反向 ETF,,,,,,,,,,
00663L.TW,2026-10-08,國泰臺灣加權正2,上市,槓桿／反向 ETF,,,,,,,,,,
00664R.TW,2026-10-08,國泰臺灣加權反1,上市,槓桿／反向 ETF,,,,,,,,,,
00665L.TW,2026-10-08,富邦恒生國企正2,上市,槓桿／反向 ETF,,,,,,,,,,
00666R.TW,2026-10-08,富邦恒生國企反1,上市,槓桿／反向 ETF,,,,,,,,,,
00669R.TW,2026-10-08,國泰美國道瓊反1,上市,槓桿／反向 ETF,,,,,,,,,,
00670L.TW,2026-10-08,富邦NASDAQ正2,上市,槓桿／反向 ETF,,,,,,,,,,
00671R.TW,2026-10-08,富邦NASDAQ 反1,上市,槓桿／反向 ETF,,,,,,,,,,
00675L.TW,2026-10-08,FB臺灣加權正2,上市,槓桿／反向 ETF,,,,,,,,,,
00676R.TW,2026-10-08,富邦臺灣加權反1,上市,槓桿／反向 ETF,,,,,,,,,,
00683L.TW,2026-10-08,期元大美元指正2(原名：元大美元指數正2),上市,槓桿／反向 ETF,,,,,,,,,,
00684R.TW,2026-10-08,期元大美元指反1(原名：元大美元指數反1),上市,槓桿／反向 ETF,,,,,,,,,,
00685L.TW,2026-10-08,群益臺灣加權正2,上市,槓桿／反向 ETF,,,,,,,,,,
00686R.TW,2026-10-08,群益臺灣加權反1,上市,槓桿／反向 ETF,,,,,,,,,,
00706L.TW,2026-10-08,期元大S&amp;P日圓正2(原名：元大S&amp;P日圓正2),上市,槓桿／反向 ETF,,,,,,,,,,
00707R.TW,2026-10-08,期元大S&amp;P日圓反1(原名：元大S&amp;P日圓反1),上市,槓桿／反向 ETF,,,,,,,,,,
00715L.TW,2026-10-08,期街口布蘭特正2,上市,槓桿／反向 ETF,,,,,,,,,,
00753L.TW,2026-10-08,中信中國50正2,上市,槓桿／反向 ETF,,,,,,,,,,
00852L.TW,2026-10-08,國泰美國道瓊正2,上市,槓桿／反向 ETF,,,,,,,,,,
006205.TW,2026-10-08,富邦上証,上市,海外股票 ETF,,,,,,,,,,
006206.TW,2026-10-08,元大上證50,上市,海外股票 ETF,,,,,,,,,,
006207.TW,2026-10-08,復華滬深,上市,海外股票 ETF,,,,,,,,,,
00625K.TW,2026-10-08,富邦上証+R,上市,海外股票 ETF,,,,,,,,,,
00636.TW,2026-10-08,國泰中國A50,上市,海外股票 ETF,,,,,,,,,,
00636K.TW,2026-10-08,國泰中國A50+U,上市,海外股票 ETF,,,,,,,,,,
00639.TW,2026-10-08,富邦深100,上市,海外股票 ETF,,,,,,,,,,
00643.TW,2026-10-08,群益深証中小,上市,海外股票 ETF,,,,,,,,,,
00643K.TW,2026-10-08,群益深証中小+R,上市,海外股票 ETF,,,,,,,,,,
00645.TW,2026-10-08,富邦日本,上市,海外股票 ETF,,,,,,,,,,
00646.TW,2026-10-08,元大S&amp;P500,上市,海外股票 ETF,,,,,,,,,,
00652.TW,2026-10-08,富邦印度,上市,海外股票 ETF,,,,,,,,,,
00657.TW,2026-10-08,國泰日經225,上市,海外股票 ETF,,,,,,,,,,
00657K.TW,2026-10-08,國泰日經225+U,上市,海外股票 ETF,,,,,,,,,,
00660.TW,2026-10-08,元大歐洲50,上市,海外股票 ETF,,,,,,,,,,
00661.TW,2026-10-08,元大日經225,上市,海外股票 ETF,,,,,,,,,,
00662.TW,2026-10-08,富邦NASDAQ,上市,海外股票 ETF,,,,,,,,,,
00668.TW,2026-10-08,國泰美國道瓊,上市,海外股票 ETF,,,,,,,,,,
00668K.TW,2026-10-08,國泰美國道瓊+U,上市,海外股票 ETF,,,,,,,,,,
00678.TW,2026-10-08,群益那斯達克生技,上市,海外股票 ETF,,,,,,,,,,
00700.TW,2026-10-08,富邦恒生國企,上市,海外股票 ETF,,,,,,,,,,
00702.TW,2026-10-08,國泰標普低波高息,上市,海外股票 ETF,,,,,,,,,,
00703.TW,2026-10-08,台新MSCI中國,上市,海外股票 ETF,,,,,,,,,,
00709.TW,2026-10-08,富邦歐洲,上市,海外股票 ETF,,,,,,,,,,
00712.TW,2026-10-08,復華富時不動產,上市,海外股票 ETF,,,,,,,,,,
00714.TW,2026-10-08,群益道瓊美國地產,上市,海外股票 ETF,,,,,,,,,,
00717.TW,2026-10-08,富邦美國特別股,上市,海外股票 ETF,,,,,,,,,,
00735.TW,2026-10-08,國泰臺韓科技,上市,海外股票 ETF,,,,,,,,,,
00736.TW,2026-10-08,國泰新興市場,上市,海外股票 ETF,,,,,,,,,,
00737.TW,2026-10-08,國泰AI機器人,上市,海外股票 ETF,,,,,,,,,,
00739.TW,2026-10-08,元大MSCI A股,上市,海外股票 ETF,,,,,,,,,,
00752.TW,2026-10-08,中信中國50,上市,海外股票 ETF,,,,,,,,,,
00757.TW,2026-10-08,統一FANG+,上市,海外股票 ETF,,,,,,,,,,
00762.TW,2026-10-08,元大全球AI,上市,海外股票 ETF,,,,,,,,,,
00770.TW,2026-10-08,國泰標普北美科技ETF基金,上市,海外股票 ETF,,,,,,,,,,
00771.TW,2026-10-08,元大US高息特別股,上市,海外股票 ETF,,,,,,,,,,
00783.TW,2026-10-08,富邦中証500,上市,海外股票 ETF,,,,,,,,,,
00830.TW,2026-10-08,國泰費城半導體,上市,海外股票 ETF,,,,,,,,,,
00851.TW,2026-10-08,台新全球AI,上市,海外股票 ETF,,,,,,,,,,
00861.TW,2026-10-08,元大全球未來通訊,上市,海外股票 ETF,,,,,,,,,,
00875.TW,2026-10-08,國泰網路資安ETF,上市,海外股票 ETF,,,,,,,,,,
00876.TW,2026-10-08,元大全球5G(原名:元大未來關鍵科技),上市,海外股票 ETF,,,,,,,,,,
00882.TW,2026-10-08,中信中國高股息,上市,海外股票 ETF,,,,,,,,,,
00885.TW,2026-10-08,富邦越南,上市,海外股票 ETF,,,,,,,,,,
00893.TW,2026-10-08,國泰智能電動車,上市,海外股票 ETF,,,,,,,,,,
00895.TW,2026-10-08,富邦未來車,上市,海外股票 ETF,,,,,,,,,,
00897.TW,2026-10-08,富邦基因免疫生技,上市,海外股票 ETF,,,,,,,,,,
00898.TW,2026-10-08,國泰全球基因免疫與醫療革命ETF基金,上市,海外股票 ETF,,,,,,,,,,
00899.TW,2026-10-08,FT潔淨能源(原名:富蘭克林潔淨能源),上市,海外股票 ETF,,,,,,,,,,
00902.TW,2026-10-08,中信電池及儲能,上市,海外股票 ETF,,,,,,,,,,
00903.TW,2026-10-08,富邦元宇宙,上市,海外股票 ETF,,,,,,,,,,
00908.TW,2026-10-08,富邦入息REITs+,上市,海外股票 ETF,,,,,,,,,,
00909.TW,2026-10-08,國泰全球數位支付服務ETF基金,上市,海外股票 ETF,,,,,,,,,,
00910.TW,2026-10-08,第一金太空衛星,上市,海外股票 ETF,,,,,,,,,,
00911.TW,2026-10-08,兆豐洲際半導體,上市,海外股票 ETF,,,,,,,,,,
00916.TW,2026-10-08,國泰全球品牌50,上市,海外股票 ETF,,,,,,,,,,
00917.TW,2026-10-08,中信特選金融,上市,海外股票 ETF,,,,,,,,,,
00920.TW,2026-10-08,富邦ESG綠色電力,上市,海外股票 ETF,,,,,,,,,,
00924.TW,2026-10-08,復華S&amp;P500成長,上市,海外股票 ETF,,,,,,,,,,
00926.TW,2026-10-08,凱基全球菁英55,上市,海外股票 ETF,,,,,,,,,,
00941.TW,2026-10-08,中信上游半導體,上市,海外股票 ETF,,,,,,,,,,
00949.TW,2026-10-08,復華日本龍頭,上市,海外股票 ETF,,,,,,,,,,
00951.TW,2026-10-08,台新日本半導體ETF,上市,海外股票 ETF,,,,,,,,,,
00954.TW,2026-10-08,中信日本半導體,上市,海外股票 ETF,,,,,,,,,,
00956.TW,2026-10-08,中信日經高股息,上市,海外股票 ETF,,,,,,,,,,
00960.TW,2026-10-08,野村全球航運龍頭,上市,海外股票 ETF,,,,,,,,,,
00963.TW,2026-10-08,中信全球高股息,上市,海外股票 ETF,,,,,,,,,,
00964.TW,2026-10-08,中信亞太高股息,上市,海外股票 ETF,,,,,,,,,,
00965.TW,2026-10-08,元大航太防衛科技,上市,海外股票 ETF,,,,,,,,,,
00971.TW,2026-10-08,野村美國研發龍頭,上市,海外股票 ETF,,,,,,,,,,
00972.TW,2026-10-08,野村日本動能高息,上市,海外股票 ETF,,,,,,,,,,
009800.TW,2026-10-08,中信NASDAQ,上市,海外股票 ETF,,,,,,,,,,
009801.TW,2026-10-08,中信美國創新科技,上市,海外股票 ETF,,,,,,,,,,
009805.TW,2026-10-08,台新美國電力基建,上市,海外股票 ETF,,,,,,,,,,
009810.TW,2026-10-08,玉山全球藍籌100,上市,海外股票 ETF,,,,,,,,,,
009811.TW,2026-10-08,統一美國50ETF基金,上市,海外股票 ETF,,,,,,,,,,
009812.TW,2026-10-08,野村日本東證,上市,海外股票 ETF,,,,,,,,,,
009813.TW,2026-10-08,貝萊德標普卓越50,上市,海外股票 ETF,,,,,,,,,,
009817.TW,2026-10-08,國泰大和日本不動產收息ETF基金,上市,海外股票 ETF,,,,,,,,,,
009818.TW,2026-10-08,華南永昌NASDAQxT,上市,海外股票 ETF,,,,,,,,,,
009819.TW,2026-10-08,中信數據及電力,上市,海外股票 ETF,,,,,,,,,,
00981T.TW,2026-10-08,平衡凱基雙核收息,上市,海外股票 ETF,,,,,,,,,,
009820.TW,2026-10-08,元大納斯達克精選,上市,海外股票 ETF,,,,,,,,,,
009821.TW,2026-10-08,野村稀土關鍵資源,上市,海外股票 ETF,,,,,,,,,,
009824.TW,2026-10-08,群益美國科技巨頭ETF基金,上市,海外股票 ETF,,,,,,,,,,
009826.TW,2026-10-08,貝萊德世界股票,上市,海外股票 ETF,,,,,,,,,,
009827.TW,2026-10-08,玉山未來全球算力,上市,海外股票 ETF,,,,,,,,,,
009828.TW,2026-10-08,中信台日韓PCB,上市,海外股票 ETF,,,,,,,,,,
009829.TW,2026-10-08,大華韓國KOSPI 50,上市,海外股票 ETF,,,,,,,,,,
00982T.TW,2026-10-08,平衡兆豐台美動能,上市,海外股票 ETF,,,,,,,,,,
00411A.TWO,2026-10-08,主動統一前沿科技,上櫃,主動式 ETF,,,,,,,,,,
00980D.TWO,2026-10-08,主動聯博投等入息,上櫃,主動式 ETF,,,,,,,,,,
00985D.TWO,2026-10-08,主動貝萊德優投等,上櫃,主動式 ETF,,,,,,,,,,
00998A.TWO,2026-10-08,主動復華金融股息,上櫃,主動式 ETF,,,,,,,,,,
00679B.TWO,2026-10-08,元大美債20年,上櫃,債券 ETF,,,,,,,,,,
00687B.TWO,2026-10-08,國泰20年美債,上櫃,債券 ETF,,,,,,,,,,
00687C.TWO,2026-10-08,國泰20年美債+櫃U,上櫃,債券 ETF,,,,,,,,,,
00694B.TWO,2026-10-08,富邦美債1-3,上櫃,債券 ETF,,,,,,,,,,
00695B.TWO,2026-10-08,富邦美債7-10,上櫃,債券 ETF,,,,,,,,,,
00696B.TWO,2026-10-08,富邦美債20年,上櫃,債券 ETF,,,,,,,,,,
00697B.TWO,2026-10-08,元大美債7-10,上櫃,債券 ETF,,,,,,,,,,
00719B.TWO,2026-10-08,元大美債1-3,上櫃,債券 ETF,,,,,,,,,,
00720B.TWO,2026-10-08,元大投資級公司債,上櫃,債券 ETF,,,,,,,,,,
00722B.TWO,2026-10-08,群益投資級電信債,上櫃,債券 ETF,,,,,,,,,,
00723B.TWO,2026-10-08,群益投資級科技債,上櫃,債券 ETF,,,,,,,,,,
00724B.TWO,2026-10-08,群益投資級金融債,上櫃,債券 ETF,,,,,,,,,,
00725B.TWO,2026-10-08,國泰投資級公司債,上櫃,債券 ETF,,,,,,,,,,
00726B.TWO,2026-10-08,國泰新興投等債,上櫃,債券 ETF,,,,,,,,,,
00727B.TWO,2026-10-08,國泰優選非投等債,上櫃,債券 ETF,,,,,,,,,,
00734B.TWO,2026-10-08,台新JPM新興債,上櫃,債券 ETF,,,,,,,,,,
00740B.TWO,2026-10-08,富邦全球投等債,上櫃,債券 ETF,,,,,,,,,,
00741B.TWO,2026-10-08,富邦全球非投等債,上櫃,債券 ETF,,,,,,,,,,
00746B.TWO,2026-10-08,富邦A級公司債,上櫃,債券 ETF,,,,,,,,,,
00749B.TWO,2026-10-08,凱基新興債10+,上櫃,債券 ETF,,,,,,,,,,
00750B.TWO,2026-10-08,凱基科技債10+,上櫃,債券 ETF,,,,,,,,,,
00751B.TWO,2026-10-08,元大AAA至A公司債,上櫃,債券 ETF,,,,,,,,,,
00754B.TWO,2026-10-08,群益AAA-AA公司債,上櫃,債券 ETF,,,,,,,,,,
00755B.TWO,2026-10-08,群益投資級公用債,上櫃,債券 ETF,,,,,,,,,,
00756B.TWO,2026-10-08,群益投等新興公債,上櫃,債券 ETF,,,,,,,,,,
00758B.TWO,2026-10-08,復華能源債,上櫃,債券 ETF,,,,,,,,,,
00759B.TWO,2026-10-08,復華製藥債,上櫃,債券 ETF,,,,,,,,,,
00760B.TWO,2026-10-08,復華新興企業債,上櫃,債券 ETF,,,,,,,,,,
00761B.TWO,2026-10-08,國泰A級公司債,上櫃,債券 ETF,,,,,,,,,,
00764B.TWO,2026-10-08,群益25年美債,上櫃,債券 ETF,,,,,,,,,,
00768B.TWO,2026-10-08,復華20年美債,上櫃,債券 ETF,,,,,,,,,,
00772B.TWO,2026-10-08,中信高評級公司債,上櫃,債券 ETF,,,,,,,,,,
00773B.TWO,2026-10-08,中信優先金融債,上櫃,債券 ETF,,,,,,,,,,
00777B.TWO,2026-10-08,凱基AAA至A公司債,上櫃,債券 ETF,,,,,,,,,,
00778B.TWO,2026-10-08,凱基金融債20+,上櫃,債券 ETF,,,,,,,,,,
00779B.TWO,2026-10-08,凱基美債25+,上櫃,債券 ETF,,,,,,,,,,
00780B.TWO,2026-10-08,國泰A級金融債,上櫃,債券 ETF,,,,,,,,,,
00781B.TWO,2026-10-08,國泰A級科技債,上櫃,債券 ETF,,,,,,,,,,
00782B.TWO,2026-10-08,國泰A級公用債,上櫃,債券 ETF,,,,,,,,,,
00785B.TWO,2026-10-08,富邦金融投等債,上櫃,債券 ETF,,,,,,,,,,
00786B.TWO,2026-10-08,元大10年IG銀行債,上櫃,債券 ETF,,,,,,,,,,
00787B.TWO,2026-10-08,元大10年IG醫療債,上櫃,債券 ETF,,,,,,,,,,
00788B.TWO,2026-10-08,元大10年IG電能債,上櫃,債券 ETF,,,,,,,,,,
00789B.TWO,2026-10-08,復華公司債A3,上櫃,債券 ETF,,,,,,,,,,
00791B.TWO,2026-10-08,復華信用債1-5,上櫃,債券 ETF,,,,,,,,,,
00792B.TWO,2026-10-08,群益A級公司債,上櫃,債券 ETF,,,,,,,,,,
00795B.TWO,2026-10-08,中信美國公債20年,上櫃,債券 ETF,,,,,,,,,,
00799B.TWO,2026-10-08,國泰A級醫療債,上櫃,債券 ETF,,,,,,,,,,
00834B.TWO,2026-10-08,第一金金融債10+,上櫃,債券 ETF,,,,,,,,,,
00836B.TWO,2026-10-08,永豐10年A公司債,上櫃,債券 ETF,,,,,,,,,,
00841B.TWO,2026-10-08,凱基AAA-AA公司債,上櫃,債券 ETF,,,,,,,,,,
00842B.TWO,2026-10-08,台新美元銀行債,上櫃,債券 ETF,,,,,,,,,,
00844B.TWO,2026-10-08,台新15年IG金融債,上櫃,債券 ETF,,,,,,,,,,
00845B.TWO,2026-10-08,富邦新興投等債,上櫃,債券 ETF,,,,,,,,,,
00846B.TWO,2026-10-08,富邦歐洲銀行債,上櫃,債券 ETF,,,,,,,,,,
00848B.TWO,2026-10-08,中信新興亞洲債,上櫃,債券 ETF,,,,,,,,,,
00849B.TWO,2026-10-08,中信EM主權債0-5,上櫃,債券 ETF,,,,,,,,,,
00853B.TWO,2026-10-08,統一美債10年Aa-A,上櫃,債券 ETF,,,,,,,,,,
00856B.TWO,2026-10-08,永豐1-3年美公債,上櫃,債券 ETF,,,,,,,,,,
00857B.TWO,2026-10-08,永豐20年美公債,上櫃,債券 ETF,,,,,,,,,,
00859B.TWO,2026-10-08,群益0-1年美債,上櫃,債券 ETF,,,,,,,,,,
00860B.TWO,2026-10-08,群益1-5Y投資級債,上櫃,債券 ETF,,,,,,,,,,
00862B.TWO,2026-10-08,中信投資級公司債,上櫃,債券 ETF,,,,,,,,,,
00863B.TWO,2026-10-08,中信全球電信債,上櫃,債券 ETF,,,,,,,,,,
00864B.TWO,2026-10-08,中信美國公債0-1,上櫃,債券 ETF,,,,,,,,,,
00867B.TWO,2026-10-08,台新A-BBB電信債,上櫃,債券 ETF,,,,,,,,,,
00870B.TWO,2026-10-08,元大15年EM主權債,上櫃,債券 ETF,,,,,,,,,,
00884B.TWO,2026-10-08,中信低碳新興債,上櫃,債券 ETF,,,,,,,,,,
00890B.TWO,2026-10-08,凱基ESG BBB債15+,上櫃,債券 ETF,,,,,,,,,,
00931B.TWO,2026-10-08,統一美債20年,上櫃,債券 ETF,,,,,,,,,,
00933B.TWO,2026-10-08,國泰10Y+金融債,上櫃,債券 ETF,,,,,,,,,,
00937B.TWO,2026-10-08,群益ESG投等債20+,上櫃,債券 ETF,,,,,,,,,,
00942B.TWO,2026-10-08,台新美A公司債20+,上櫃,債券 ETF,,,,,,,,,,
00948B.TWO,2026-10-08,中信優息投資級債,上櫃,債券 ETF,,,,,,,,,,
00950B.TWO,2026-10-08,凱基A級公司債,上櫃,債券 ETF,,,,,,,,,,
00957B.TWO,2026-10-08,兆豐US優選投等債,上櫃,債券 ETF,,,,,,,,,,
00958B.TWO,2026-10-08,永豐ESG銀行債15+,上櫃,債券 ETF,,,,,,,,,,
00959B.TWO,2026-10-08,大華投等美債15Y+,上櫃,債券 ETF,,,,,,,,,,
00966B.TWO,2026-10-08,統一ESG投等債15+,上櫃,債券 ETF,,,,,,,,,,
00967B.TWO,2026-10-08,元大優息美債,上櫃,債券 ETF,,,,,,,,,,
00968B.TWO,2026-10-08,元大優息投等債,上櫃,債券 ETF,,,,,,,,,,
00969B.TWO,2026-10-08,元大零息超長美債,上櫃,債券 ETF,,,,,,,,,,
00970B.TWO,2026-10-08,台新BBB投等債20+,上櫃,債券 ETF,,,,,,,,,,
00980B.TWO,2026-10-08,台新特選IG債10+,上櫃,債券 ETF,,,,,,,,,,
00981B.TWO,2026-10-08,第一金優選非投債,上櫃,債券 ETF,,,,,,,,,,
00981D.TWO,2026-10-08,主動中信非投等債,上櫃,債券 ETF,,,,,,,,,,
00982B.TWO,2026-10-08,FT投資級債20+,上櫃,債券 ETF,,,,,,,,,,
00983B.TWO,2026-10-08,大華優利美公債20,上櫃,債券 ETF,,,,,,,,,,
00984B.TWO,2026-10-08,大華優利美A債15,上櫃,債券 ETF,,,,,,,,,,
00986B.TWO,2026-10-08,FT金融債10+,上櫃,債券 ETF,,,,,,,,,,
00986D.TWO,2026-10-08,主動復華金融債息,上櫃,債券 ETF,,,,,,,,,,
00987B.TWO,2026-10-08,野村10+澳洲公債,上櫃,債券 ETF,,,,,,,,,,
00987D.TWO,2026-10-08,主動統一美債量化,上櫃,債券 ETF,,,,,,,,,,
00988B.TWO,2026-10-08,玉山嚴選非投債,上櫃,債券 ETF,,,,,,,,,,
00989B.TWO,2026-10-08,台新美國非投等債,上櫃,債券 ETF,,,,,,,,,,
00990B.TWO,2026-10-08,國泰收益非投等債,上櫃,債券 ETF,,,,,,,,,,
00992B.TWO,2026-10-08,街口優息非投債,上櫃,債券 ETF,,,,,,,,,,
006201.TWO,2026-10-08,元大富櫃50,上櫃,台灣股票 ETF,,,,,,,,,,
00840B.TWO,2026-10-08,凱基IG精選15+,上櫃,台灣股票 ETF,,,,,,,,,,
00888.TWO,2026-10-08,永豐台灣ESG,上櫃,台灣股票 ETF,,,,,,,,,,
00928.TWO,2026-10-08,中信上櫃ESG 30,上櫃,台灣股票 ETF,,,,,,,,,,
009806.TWO,2026-10-08,台新標普500,上櫃,台灣股票 ETF,,,,,,,,,,
009807.TWO,2026-10-08,台新標普科技精選,上櫃,台灣股票 ETF,,,,,,,,,,
009814.TWO,2026-10-08,富邦標普500,上櫃,台灣股票 ETF,,,,,,,,,,
009822.TWO,2026-10-08,華南永昌未來金融,上櫃,台灣股票 ETF,,,,,,,,,,
009823.TWO,2026-10-08,群益S&P500,上櫃,台灣股票 ETF,,,,,,,,,,
00858.TWO,2026-10-08,永豐美國500大,上櫃,海外股票 ETF,,,,,,,,,,
00877.TWO,2026-10-08,復華中國5G,上櫃,海外股票 ETF,,,,,,,,,,
00886.TWO,2026-10-08,永豐美國科技,上櫃,海外股票 ETF,,,,,,,,,,
00887.TWO,2026-10-08,永豐中國科技50大,上櫃,海外股票 ETF,,,,,,,,,,
00955.TWO,2026-10-08,中信日本商社,上櫃,海外股票 ETF,,,,,,,,,,
00980T.TWO,2026-10-08,平衡凱基美國TOP,上櫃,海外股票 ETF,,,,,,,,,,
009815.TWO,2026-10-08,大華美國MAG7+,上櫃,海外股票 ETF,,,,,,,,,,
009825.TWO,2026-10-08,聯邦美國金融創新,上櫃,海外股票 ETF,,,,,,,,,,
3718.TWO,2026-10-08,中光電投控,上櫃,光電業,0.6688047269318564,-0.6390722510122329,0.45193318001207755,,,,,-0.7781359107261476,-0.6031633812282179,
7856.TWO,2026-10-08,漢測,上櫃,半導體業,0.8771789641665566,-0.6390722510122329,-0.6534739901912789,,,,,-1.838228338120347,-0.31171436131939056,
