Code,Yahoo ticker,Name,Market,Asset type,Industry,Price observations,In price database,Backtest ready
00400A,00400A.TW,主動國泰動能高息,上市,ETF,主動式 ETF,87,True,False
00401A,00401A.TW,主動摩根台灣鑫收,上市,ETF,主動式 ETF,87,True,False
00402A,00402A.TW,主動安聯美國科技,上市,ETF,主動式 ETF,59,True,False
00403A,00403A.TW,主動統一升級50,上市,ETF,主動式 ETF,81,True,False
00404A,00404A.TW,主動聯博動能50,上市,ETF,主動式 ETF,63,True,False
00405A,00405A.TW,主動富邦台灣龍耀,上市,ETF,主動式 ETF,63,True,False
00406A,00406A.TW,主動中信台灣收益,上市,ETF,主動式 ETF,59,True,False
00407A,00407A.TW,主動凱基台灣,上市,ETF,主動式 ETF,49,True,False
00408A,00408A.TW,主動第一金優股息,上市,ETF,主動式 ETF,38,True,False
00410A,00410A.TW,主動永豐科技趨勢,上市,ETF,主動式 ETF,19,True,False
00980A,00980A.TW,主動野村臺灣優選,上市,ETF,主動式 ETF,332,True,True
00981A,00981A.TW,主動統一台股增長,上市,ETF,主動式 ETF,312,True,True
00982A,00982A.TW,主動群益台灣強棒,上市,ETF,主動式 ETF,316,True,True
00983A,00983A.TW,主動中信ARK創新,上市,ETF,主動式 ETF,298,True,True
00984A,00984A.TW,主動安聯台灣高息,上市,ETF,主動式 ETF,278,True,True
00985A,00985A.TW,主動野村台灣50,上市,ETF,主動式 ETF,278,True,True
00986A,00986A.TW,主動台新龍頭成長,上市,ETF,主動式 ETF,250,True,False
00987A,00987A.TW,主動台新優勢成長,上市,ETF,主動式 ETF,168,True,False
00988A,00988A.TW,主動統一全球創新,上市,ETF,主動式 ETF,206,True,False
00989A,00989A.TW,主動摩根美國科技,上市,ETF,主動式 ETF,209,True,False
00990A,00990A.TW,主動元大AI新經濟,上市,ETF,主動式 ETF,176,True,False
00991A,00991A.TW,主動復華未來50,上市,ETF,主動式 ETF,169,True,False
00992A,00992A.TW,主動群益科技創新,上市,ETF,主動式 ETF,168,True,False
00993A,00993A.TW,主動安聯台灣,上市,ETF,主動式 ETF,138,True,False
00994A,00994A.TW,主動第一金台股優,上市,ETF,主動式 ETF,156,True,False
00995A,00995A.TW,主動中信台灣卓越,上市,ETF,主動式 ETF,145,True,False
00996A,00996A.TW,主動兆豐台灣豐收,上市,ETF,主動式 ETF,106,True,False
00997A,00997A.TW,主動群益美國增長,上市,ETF,主動式 ETF,87,True,False
00999A,00999A.TW,主動野村臺灣高息,上市,ETF,主動式 ETF,87,True,False
00680L,00680L.TW,元大美債20正2,上市,ETF,債券 ETF,2324,True,True
00681R,00681R.TW,元大美債20反1,上市,ETF,債券 ETF,2324,True,True
00688L,00688L.TW,國泰20年美債正2,上市,ETF,債券 ETF,2287,True,True
00689R,00689R.TW,國泰20年美債反1,上市,ETF,債券 ETF,2287,True,True
00710B,00710B.TW,復華彭博非投等債,上市,ETF,債券 ETF,2197,True,True
00711B,00711B.TW,復華彭博新興債,上市,ETF,債券 ETF,2197,True,True
00775B,00775B.TW,台新投等債15+,上市,ETF,債券 ETF,1837,True,True
00865B,00865B.TW,國泰US短期公債,上市,ETF,債券 ETF,1648,True,True
00945B,00945B.TW,凱基美國非投等債,上市,ETF,債券 ETF,560,True,True
00953B,00953B.TW,群益優選非投等債,上市,ETF,債券 ETF,496,True,True
00982D,00982D.TW,主動富邦動態入息,上市,ETF,債券 ETF,209,True,False
00983D,00983D.TW,主動富邦複合收益,上市,ETF,債券 ETF,209,True,False
00984D,00984D.TW,主動聯博全球非投,上市,ETF,債券 ETF,138,True,False
00985B,00985B.TW,群益ESG投等債0-5,上市,ETF,債券 ETF,234,True,False
00991B,00991B.TW,貝萊德A級公司債,上市,ETF,債券 ETF,19,True,False
0050,0050.TW,元大台灣50,上市,ETF,台灣股票 ETF,3575,True,True
0051,0051.TW,元大中型100,上市,ETF,台灣股票 ETF,3575,True,True
0052,0052.TW,富邦科技,上市,ETF,台灣股票 ETF,3575,True,True
0053,0053.TW,元大電子,上市,ETF,台灣股票 ETF,3579,True,True
0055,0055.TW,元大MSCI金融,上市,ETF,台灣股票 ETF,3579,True,True
0056,0056.TW,元大高股息,上市,ETF,台灣股票 ETF,3575,True,True
0057,0057.TW,富邦摩台,上市,ETF,台灣股票 ETF,3579,True,True
0061,0061.TW,元大寶滬深,上市,ETF,台灣股票 ETF,3579,True,True
006203,006203.TW,元大MSCI台灣,上市,ETF,台灣股票 ETF,3579,True,True
006204,006204.TW,永豐臺灣加權,上市,ETF,台灣股票 ETF,3579,True,True
006208,006208.TW,富邦台50,上市,ETF,台灣股票 ETF,3466,True,True
00690,00690.TW,兆豐藍籌30,上市,ETF,台灣股票 ETF,2290,True,True
00692,00692.TW,富邦公司治理,上市,ETF,台灣股票 ETF,2262,True,True
00701,00701.TW,國泰股利精選30,上市,ETF,台灣股票 ETF,2197,True,True
00713,00713.TW,元大台灣高息低波,上市,ETF,台灣股票 ETF,2167,True,True
00728,00728.TW,第一金工業30,上市,ETF,台灣股票 ETF,1991,True,True
00730,00730.TW,富邦臺灣優質高息,上市,ETF,台灣股票 ETF,2080,True,True
00731,00731.TW,復華富時高息低波,上市,ETF,台灣股票 ETF,1991,True,True
00733,00733.TW,臺灣中小A級動能50 ETF基金,上市,ETF,台灣股票 ETF,1991,True,True
00850,00850.TW,元大臺灣ESG永續,上市,ETF,台灣股票 ETF,1708,True,True
00878,00878.TW,國泰永續高股息,上市,ETF,台灣股票 ETF,1491,True,True
00881,00881.TW,國泰台灣科技龍頭,上市,ETF,台灣股票 ETF,1391,True,True
00891,00891.TW,中信關鍵半導體,上市,ETF,台灣股票 ETF,1284,True,True
00892,00892.TW,富邦台灣半導體,上市,ETF,台灣股票 ETF,1268,True,True
00894,00894.TW,中信小資高價30,上市,ETF,台灣股票 ETF,1227,True,True
00896,00896.TW,中信綠能及電動車,上市,ETF,台灣股票 ETF,1202,True,True
00900,00900.TW,富邦特選高股息30,上市,ETF,台灣股票 ETF,1135,True,True
00901,00901.TW,永豐智能車供應鏈,上市,ETF,台灣股票 ETF,1146,True,True
00904,00904.TW,台新臺灣半導體30,上市,ETF,台灣股票 ETF,1094,True,True
00905,00905.TW,FT臺灣Smart,上市,ETF,台灣股票 ETF,1064,True,True
00907,00907.TW,永豐優息存股,上市,ETF,台灣股票 ETF,1042,True,True
00912,00912.TW,中信臺灣智慧50,上市,ETF,台灣股票 ETF,1015,True,True
00913,00913.TW,兆豐台灣晶圓製造ETF,上市,ETF,台灣股票 ETF,986,True,True
00915,00915.TW,凱基優選高股息30,上市,ETF,台灣股票 ETF,989,True,True
00918,00918.TW,大華優利高填息30 ETF,上市,ETF,台灣股票 ETF,915,True,True
00919,00919.TW,群益台灣精選高息,上市,ETF,台灣股票 ETF,936,True,True
00921,00921.TW,兆豐龍頭等權重,上市,ETF,台灣股票 ETF,880,True,True
00922,00922.TW,國泰台灣領袖50 ETF基金,上市,ETF,台灣股票 ETF,837,True,True
00923,00923.TW,群益台ESG低碳50,上市,ETF,台灣股票 ETF,850,True,True
00927,00927.TW,群益半導體收益,上市,ETF,台灣股票 ETF,789,True,True
00929,00929.TW,復華台灣科技優息,上市,ETF,台灣股票 ETF,786,True,True
00930,00930.TW,永豐ESG低碳高息,上市,ETF,台灣股票 ETF,759,True,True
00932,00932.TW,兆豐永續高息等權,上市,ETF,台灣股票 ETF,730,True,True
00934,00934.TW,中信成長高股息,上市,ETF,台灣股票 ETF,690,True,True
00935,00935.TW,野村臺灣新科技50,上市,ETF,台灣股票 ETF,684,True,True
00936,00936.TW,台新永續高息中小型ETF,上市,ETF,台灣股票 ETF,687,True,True
00938,00938.TW,凱基優選30,上市,ETF,台灣股票 ETF,456,True,True
00939,00939.TW,統一台灣高息動能ETF基金,上市,ETF,台灣股票 ETF,600,True,True
00940,00940.TW,元大台灣價值高息,上市,ETF,台灣股票 ETF,596,True,True
00943,00943.TW,兆豐電子高息等權,上市,ETF,台灣股票 ETF,560,True,True
00944,00944.TW,野村趨勢動能高息,上市,ETF,台灣股票 ETF,560,True,True
00946,00946.TW,群益科技高息成長,上市,ETF,台灣股票 ETF,560,True,True
00947,00947.TW,台新臺灣IC設計動能ETF基金,上市,ETF,台灣股票 ETF,544,True,True
00952,00952.TW,凱基台灣AI 50,上市,ETF,台灣股票 ETF,485,True,True
00961,00961.TW,FT臺灣永續高息,上市,ETF,台灣股票 ETF,456,True,True
00962,00962.TW,台新AI優息動能基金,上市,ETF,台灣股票 ETF,379,True,True
009802,009802.TW,富邦旗艦50,上市,ETF,台灣股票 ETF,360,True,True
009803,009803.TW,玉山市值動能50,上市,ETF,台灣股票 ETF,366,True,True
009804,009804.TW,聯邦台灣精彩50ETF基金,上市,ETF,台灣股票 ETF,340,True,True
009808,009808.TW,華南永昌優選50,上市,ETF,台灣股票 ETF,321,True,True
009809,009809.TW,富邦淨零ESG50,上市,ETF,台灣股票 ETF,209,True,False
009816,009816.TW,凱基台灣TOP50,上市,ETF,台灣股票 ETF,138,True,False
00635U,00635U.TW,期元大S&amp;P黃金(原名：元大S&amp;P黃金),上市,ETF,商品／期貨 ETF,2816,True,True
00642U,00642U.TW,期元大S&amp;P石油(原名：元大S&amp;P石油),上市,ETF,商品／期貨 ETF,2816,True,True
00673R,00673R.TW,期元大S&amp;P原油反1(原名：元大S&amp;P原油反1),上市,ETF,商品／期貨 ETF,2407,True,True
00674R,00674R.TW,期元大S&amp;P黃金反1(原名：元大S&amp;P黃金反1),上市,ETF,商品／期貨 ETF,2407,True,True
00682U,00682U.TW,期元大美元指數(原名：元大美元指數),上市,ETF,商品／期貨 ETF,2294,True,True
00693U,00693U.TW,期街口S&amp;P黃豆,上市,ETF,商品／期貨 ETF,2281,True,True
00708L,00708L.TW,期元大S&amp;P黃金正2(原名：元大S&amp;P黃金正2),上市,ETF,商品／期貨 ETF,2188,True,True
00738U,00738U.TW,期元大道瓊白銀(原名：元大道瓊白銀),上市,ETF,商品／期貨 ETF,1991,True,True
00763U,00763U.TW,期街口道瓊銅,上市,ETF,商品／期貨 ETF,1868,True,True
00631L,00631L.TW,元大台灣50正2,上市,ETF,槓桿／反向 ETF,2889,True,True
00632R,00632R.TW,元大台灣50反1,上市,ETF,槓桿／反向 ETF,2889,True,True
00633L,00633L.TW,富邦上証正2,上市,ETF,槓桿／反向 ETF,2876,True,True
00634R,00634R.TW,富邦上証反1,上市,ETF,槓桿／反向 ETF,2876,True,True
00637L,00637L.TW,元大滬深300正2,上市,ETF,槓桿／反向 ETF,2816,True,True
00638R,00638R.TW,元大滬深300反1,上市,ETF,槓桿／反向 ETF,2816,True,True
00640L,00640L.TW,富邦日本正2,上市,ETF,槓桿／反向 ETF,2816,True,True
00641R,00641R.TW,富邦日本反1,上市,ETF,槓桿／反向 ETF,2816,True,True
00647L,00647L.TW,元大S&amp;P500正2,上市,ETF,槓桿／反向 ETF,2816,True,True
00648R,00648R.TW,元大S&amp;P500反1,上市,ETF,槓桿／反向 ETF,2816,True,True
00650L,00650L.TW,復華香港正2,上市,ETF,槓桿／反向 ETF,2584,True,True
00651R,00651R.TW,復華香港反1,上市,ETF,槓桿／反向 ETF,2584,True,True
00653L,00653L.TW,富邦印度正2,上市,ETF,槓桿／反向 ETF,2546,True,True
00654R,00654R.TW,富邦印度反1,上市,ETF,槓桿／反向 ETF,2546,True,True
00655L,00655L.TW,國泰中國A50正2,上市,ETF,槓桿／反向 ETF,2552,True,True
00656R,00656R.TW,國泰中國A50反1,上市,ETF,槓桿／反向 ETF,2552,True,True
00663L,00663L.TW,國泰臺灣加權正2,上市,ETF,槓桿／反向 ETF,2474,True,True
00664R,00664R.TW,國泰臺灣加權反1,上市,ETF,槓桿／反向 ETF,2474,True,True
00665L,00665L.TW,富邦恒生國企正2,上市,ETF,槓桿／反向 ETF,2451,True,True
00666R,00666R.TW,富邦恒生國企反1,上市,ETF,槓桿／反向 ETF,2451,True,True
00669R,00669R.TW,國泰美國道瓊反1,上市,ETF,槓桿／反向 ETF,2407,True,True
00670L,00670L.TW,富邦NASDAQ正2,上市,ETF,槓桿／反向 ETF,2322,True,True
00671R,00671R.TW,富邦NASDAQ 反1,上市,ETF,槓桿／反向 ETF,2322,True,True
00675L,00675L.TW,FB臺灣加權正2,上市,ETF,槓桿／反向 ETF,2416,True,True
00676R,00676R.TW,富邦臺灣加權反1,上市,ETF,槓桿／反向 ETF,2416,True,True
00683L,00683L.TW,期元大美元指正2(原名：元大美元指數正2),上市,ETF,槓桿／反向 ETF,2294,True,True
00684R,00684R.TW,期元大美元指反1(原名：元大美元指數反1),上市,ETF,槓桿／反向 ETF,2294,True,True
00685L,00685L.TW,群益臺灣加權正2,上市,ETF,槓桿／反向 ETF,2294,True,True
00686R,00686R.TW,群益臺灣加權反1,上市,ETF,槓桿／反向 ETF,2294,True,True
00706L,00706L.TW,期元大S&amp;P日圓正2(原名：元大S&amp;P日圓正2),上市,ETF,槓桿／反向 ETF,2188,True,True
00707R,00707R.TW,期元大S&amp;P日圓反1(原名：元大S&amp;P日圓反1),上市,ETF,槓桿／反向 ETF,2188,True,True
00715L,00715L.TW,期街口布蘭特正2,上市,ETF,槓桿／反向 ETF,2133,True,True
00753L,00753L.TW,中信中國50正2,上市,ETF,槓桿／反向 ETF,1901,True,True
00852L,00852L.TW,國泰美國道瓊正2,上市,ETF,槓桿／反向 ETF,1708,True,True
006205,006205.TW,富邦上証,上市,ETF,海外股票 ETF,3579,True,True
006206,006206.TW,元大上證50,上市,ETF,海外股票 ETF,3507,True,True
006207,006207.TW,復華滬深,上市,ETF,海外股票 ETF,3479,True,True
00625K,00625K.TW,富邦上証+R,上市,ETF,海外股票 ETF,3577,True,True
00636,00636.TW,國泰中國A50,上市,ETF,海外股票 ETF,2788,True,True
00636K,00636K.TW,國泰中國A50+U,上市,ETF,海外股票 ETF,2788,True,True
00639,00639.TW,富邦深100,上市,ETF,海外股票 ETF,2752,True,True
00643,00643.TW,群益深証中小,上市,ETF,海外股票 ETF,2629,True,True
00643K,00643K.TW,群益深証中小+R,上市,ETF,海外股票 ETF,2629,True,True
00645,00645.TW,富邦日本,上市,ETF,海外股票 ETF,2639,True,True
00646,00646.TW,元大S&amp;P500,上市,ETF,海外股票 ETF,2615,True,True
00652,00652.TW,富邦印度,上市,ETF,海外股票 ETF,2546,True,True
00657,00657.TW,國泰日經225,上市,ETF,海外股票 ETF,2516,True,True
00657K,00657K.TW,國泰日經225+U,上市,ETF,海外股票 ETF,2516,True,True
00660,00660.TW,元大歐洲50,上市,ETF,海外股票 ETF,2485,True,True
00661,00661.TW,元大日經225,上市,ETF,海外股票 ETF,2485,True,True
00662,00662.TW,富邦NASDAQ,上市,ETF,海外股票 ETF,2485,True,True
00668,00668.TW,國泰美國道瓊,上市,ETF,海外股票 ETF,2407,True,True
00668K,00668K.TW,國泰美國道瓊+U,上市,ETF,海外股票 ETF,2407,True,True
00678,00678.TW,群益那斯達克生技,上市,ETF,海外股票 ETF,2324,True,True
00700,00700.TW,富邦恒生國企,上市,ETF,海外股票 ETF,2214,True,True
00702,00702.TW,國泰標普低波高息,上市,ETF,海外股票 ETF,2197,True,True
00703,00703.TW,台新MSCI中國,上市,ETF,海外股票 ETF,2202,True,True
00709,00709.TW,富邦歐洲,上市,ETF,海外股票 ETF,2202,True,True
00712,00712.TW,復華富時不動產,上市,ETF,海外股票 ETF,2197,True,True
00714,00714.TW,群益道瓊美國地產,上市,ETF,海外股票 ETF,2151,True,True
00717,00717.TW,富邦美國特別股,上市,ETF,海外股票 ETF,2133,True,True
00735,00735.TW,國泰臺韓科技,上市,ETF,海外股票 ETF,1991,True,True
00736,00736.TW,國泰新興市場,上市,ETF,海外股票 ETF,1991,True,True
00737,00737.TW,國泰AI機器人,上市,ETF,海外股票 ETF,1991,True,True
00739,00739.TW,元大MSCI A股,上市,ETF,海外股票 ETF,1991,True,True
00752,00752.TW,中信中國50,上市,ETF,海外股票 ETF,1901,True,True
00757,00757.TW,統一FANG+,上市,ETF,海外股票 ETF,1877,True,True
00762,00762.TW,元大全球AI,上市,ETF,海外股票 ETF,1846,True,True
00770,00770.TW,國泰標普北美科技ETF基金,上市,ETF,海外股票 ETF,1841,True,True
00771,00771.TW,元大US高息特別股,上市,ETF,海外股票 ETF,1786,True,True
00783,00783.TW,富邦中証500,上市,ETF,海外股票 ETF,1809,True,True
00830,00830.TW,國泰費城半導體,上市,ETF,海外股票 ETF,1788,True,True
00851,00851.TW,台新全球AI,上市,ETF,海外股票 ETF,1713,True,True
00861,00861.TW,元大全球未來通訊,上市,ETF,海外股票 ETF,1651,True,True
00875,00875.TW,國泰網路資安ETF,上市,ETF,海外股票 ETF,1564,True,True
00876,00876.TW,元大全球5G(原名:元大未來關鍵科技),上市,ETF,海外股票 ETF,1504,True,True
00882,00882.TW,中信中國高股息,上市,ETF,海外股票 ETF,1352,True,True
00885,00885.TW,富邦越南,上市,ETF,海外股票 ETF,1317,True,True
00893,00893.TW,國泰智能電動車,上市,ETF,海外股票 ETF,1261,True,True
00895,00895.TW,富邦未來車,上市,ETF,海外股票 ETF,1231,True,True
00897,00897.TW,富邦基因免疫生技,上市,ETF,海外股票 ETF,1196,True,True
00898,00898.TW,國泰全球基因免疫與醫療革命ETF基金,上市,ETF,海外股票 ETF,1163,True,True
00899,00899.TW,FT潔淨能源(原名:富蘭克林潔淨能源),上市,ETF,海外股票 ETF,1119,True,True
00902,00902.TW,中信電池及儲能,上市,ETF,海外股票 ETF,1115,True,True
00903,00903.TW,富邦元宇宙,上市,ETF,海外股票 ETF,1116,True,True
00908,00908.TW,富邦入息REITs+,上市,ETF,海外股票 ETF,1047,True,True
00909,00909.TW,國泰全球數位支付服務ETF基金,上市,ETF,海外股票 ETF,1009,True,True
00910,00910.TW,第一金太空衛星,上市,ETF,海外股票 ETF,1001,True,True
00911,00911.TW,兆豐洲際半導體,上市,ETF,海外股票 ETF,1015,True,True
00916,00916.TW,國泰全球品牌50,上市,ETF,海外股票 ETF,955,True,True
00917,00917.TW,中信特選金融,上市,ETF,海外股票 ETF,971,True,True
00920,00920.TW,富邦ESG綠色電力,上市,ETF,海外股票 ETF,938,True,True
00924,00924.TW,復華S&amp;P500成長,上市,ETF,海外股票 ETF,815,True,True
00926,00926.TW,凱基全球菁英55,上市,ETF,海外股票 ETF,789,True,True
00941,00941.TW,中信上游半導體,上市,ETF,海外股票 ETF,602,True,True
00949,00949.TW,復華日本龍頭,上市,ETF,海外股票 ETF,522,True,True
00951,00951.TW,台新日本半導體ETF,上市,ETF,海外股票 ETF,503,True,True
00954,00954.TW,中信日本半導體,上市,ETF,海外股票 ETF,496,True,True
00956,00956.TW,中信日經高股息,上市,ETF,海外股票 ETF,496,True,True
00960,00960.TW,野村全球航運龍頭,上市,ETF,海外股票 ETF,477,True,True
00963,00963.TW,中信全球高股息,上市,ETF,海外股票 ETF,440,True,True
00964,00964.TW,中信亞太高股息,上市,ETF,海外股票 ETF,440,True,True
00965,00965.TW,元大航太防衛科技,上市,ETF,海外股票 ETF,437,True,True
00971,00971.TW,野村美國研發龍頭,上市,ETF,海外股票 ETF,379,True,True
00972,00972.TW,野村日本動能高息,上市,ETF,海外股票 ETF,6,True,False
009800,009800.TW,中信NASDAQ,上市,ETF,海外股票 ETF,379,True,True
009801,009801.TW,中信美國創新科技,上市,ETF,海外股票 ETF,379,True,True
009805,009805.TW,台新美國電力基建,上市,ETF,海外股票 ETF,324,True,True
009810,009810.TW,玉山全球藍籌100,上市,ETF,海外股票 ETF,278,True,True
009811,009811.TW,統一美國50ETF基金,上市,ETF,海外股票 ETF,271,True,True
009812,009812.TW,野村日本東證,上市,ETF,海外股票 ETF,234,True,False
009813,009813.TW,貝萊德標普卓越50,上市,ETF,海外股票 ETF,196,True,False
009817,009817.TW,國泰大和日本不動產收息ETF基金,上市,ETF,海外股票 ETF,138,True,False
009818,009818.TW,華南永昌NASDAQxT,上市,ETF,海外股票 ETF,117,True,False
009819,009819.TW,中信數據及電力,上市,ETF,海外股票 ETF,87,True,False
00981T,00981T.TW,平衡凱基雙核收息,上市,ETF,海外股票 ETF,223,True,False
009820,009820.TW,元大納斯達克精選,上市,ETF,海外股票 ETF,87,True,False
009821,009821.TW,野村稀土關鍵資源,上市,ETF,海外股票 ETF,54,True,False
009824,009824.TW,群益美國科技巨頭ETF基金,上市,ETF,海外股票 ETF,49,True,False
009826,009826.TW,貝萊德世界股票,上市,ETF,海外股票 ETF,19,True,False
009829,009829.TW,大華韓國KOSPI 50,上市,ETF,海外股票 ETF,4,True,False
00982T,00982T.TW,平衡兆豐台美動能,上市,ETF,海外股票 ETF,168,True,False
00411A,00411A.TWO,主動統一前沿科技,上櫃,ETF,主動式 ETF,1,True,False
00980D,00980D.TWO,主動聯博投等入息,上櫃,ETF,主動式 ETF,265,True,True
00985D,00985D.TWO,主動貝萊德優投等,上櫃,ETF,主動式 ETF,106,True,False
00998A,00998A.TWO,主動復華金融股息,上櫃,ETF,主動式 ETF,87,True,False
00679B,00679B.TWO,元大美債20年,上櫃,ETF,債券 ETF,2338,True,True
00687B,00687B.TWO,國泰20年美債,上櫃,ETF,債券 ETF,2286,True,True
00687C,00687C.TWO,國泰20年美債+櫃U,上櫃,ETF,債券 ETF,332,True,True
00694B,00694B.TWO,富邦美債1-3,上櫃,ETF,債券 ETF,2251,True,True
00695B,00695B.TWO,富邦美債7-10,上櫃,ETF,債券 ETF,2251,True,True
00696B,00696B.TWO,富邦美債20年,上櫃,ETF,債券 ETF,2251,True,True
00697B,00697B.TWO,元大美債7-10,上櫃,ETF,債券 ETF,2236,True,True
00719B,00719B.TWO,元大美債1-3,上櫃,ETF,債券 ETF,2088,True,True
00720B,00720B.TWO,元大投資級公司債,上櫃,ETF,債券 ETF,2088,True,True
00722B,00722B.TWO,群益投資級電信債,上櫃,ETF,債券 ETF,2116,True,True
00723B,00723B.TWO,群益投資級科技債,上櫃,ETF,債券 ETF,2116,True,True
00724B,00724B.TWO,群益投資級金融債,上櫃,ETF,債券 ETF,2116,True,True
00725B,00725B.TWO,國泰投資級公司債,上櫃,ETF,債券 ETF,2080,True,True
00726B,00726B.TWO,國泰新興投等債,上櫃,ETF,債券 ETF,2080,True,True
00727B,00727B.TWO,國泰優選非投等債,上櫃,ETF,債券 ETF,2080,True,True
00734B,00734B.TWO,台新JPM新興債,上櫃,ETF,債券 ETF,1991,True,True
00740B,00740B.TWO,富邦全球投等債,上櫃,ETF,債券 ETF,1991,True,True
00741B,00741B.TWO,富邦全球非投等債,上櫃,ETF,債券 ETF,1991,True,True
00746B,00746B.TWO,富邦A級公司債,上櫃,ETF,債券 ETF,1958,True,True
00749B,00749B.TWO,凱基新興債10+,上櫃,ETF,債券 ETF,1937,True,True
00750B,00750B.TWO,凱基科技債10+,上櫃,ETF,債券 ETF,1937,True,True
00751B,00751B.TWO,元大AAA至A公司債,上櫃,ETF,債券 ETF,1913,True,True
00754B,00754B.TWO,群益AAA-AA公司債,上櫃,ETF,債券 ETF,1909,True,True
00755B,00755B.TWO,群益投資級公用債,上櫃,ETF,債券 ETF,1909,True,True
00756B,00756B.TWO,群益投等新興公債,上櫃,ETF,債券 ETF,1909,True,True
00758B,00758B.TWO,復華能源債,上櫃,ETF,債券 ETF,1884,True,True
00759B,00759B.TWO,復華製藥債,上櫃,ETF,債券 ETF,1884,True,True
00760B,00760B.TWO,復華新興企業債,上櫃,ETF,債券 ETF,1884,True,True
00761B,00761B.TWO,國泰A級公司債,上櫃,ETF,債券 ETF,1884,True,True
00764B,00764B.TWO,群益25年美債,上櫃,ETF,債券 ETF,1868,True,True
00768B,00768B.TWO,復華20年美債,上櫃,ETF,債券 ETF,1846,True,True
00772B,00772B.TWO,中信高評級公司債,上櫃,ETF,債券 ETF,1831,True,True
00773B,00773B.TWO,中信優先金融債,上櫃,ETF,債券 ETF,1841,True,True
00777B,00777B.TWO,凱基AAA至A公司債,上櫃,ETF,債券 ETF,1837,True,True
00778B,00778B.TWO,凱基金融債20+,上櫃,ETF,債券 ETF,1837,True,True
00779B,00779B.TWO,凱基美債25+,上櫃,ETF,債券 ETF,1837,True,True
00780B,00780B.TWO,國泰A級金融債,上櫃,ETF,債券 ETF,1823,True,True
00781B,00781B.TWO,國泰A級科技債,上櫃,ETF,債券 ETF,1823,True,True
00782B,00782B.TWO,國泰A級公用債,上櫃,ETF,債券 ETF,1823,True,True
00785B,00785B.TWO,富邦金融投等債,上櫃,ETF,債券 ETF,1809,True,True
00786B,00786B.TWO,元大10年IG銀行債,上櫃,ETF,債券 ETF,1808,True,True
00787B,00787B.TWO,元大10年IG醫療債,上櫃,ETF,債券 ETF,1808,True,True
00788B,00788B.TWO,元大10年IG電能債,上櫃,ETF,債券 ETF,1808,True,True
00789B,00789B.TWO,復華公司債A3,上櫃,ETF,債券 ETF,1816,True,True
00791B,00791B.TWO,復華信用債1-5,上櫃,ETF,債券 ETF,1816,True,True
00792B,00792B.TWO,群益A級公司債,上櫃,ETF,債券 ETF,1805,True,True
00793B,00793B.TWO,群益AAA-A醫療債,上櫃,ETF,債券 ETF,1805,True,True
00795B,00795B.TWO,中信美國公債20年,上櫃,ETF,債券 ETF,1801,True,True
00799B,00799B.TWO,國泰A級醫療債,上櫃,ETF,債券 ETF,1788,True,True
00834B,00834B.TWO,第一金金融債10+,上櫃,ETF,債券 ETF,1784,True,True
00836B,00836B.TWO,永豐10年A公司債,上櫃,ETF,債券 ETF,1772,True,True
00841B,00841B.TWO,凱基AAA-AA公司債,上櫃,ETF,債券 ETF,1760,True,True
00842B,00842B.TWO,台新美元銀行債,上櫃,ETF,債券 ETF,1758,True,True
00844B,00844B.TWO,台新15年IG金融債,上櫃,ETF,債券 ETF,1729,True,True
00845B,00845B.TWO,富邦新興投等債,上櫃,ETF,債券 ETF,1736,True,True
00846B,00846B.TWO,富邦歐洲銀行債,上櫃,ETF,債券 ETF,1736,True,True
00847B,00847B.TWO,中信美國市政債,上櫃,ETF,債券 ETF,1724,True,True
00848B,00848B.TWO,中信新興亞洲債,上櫃,ETF,債券 ETF,1724,True,True
00849B,00849B.TWO,中信EM主權債0-5,上櫃,ETF,債券 ETF,1724,True,True
00853B,00853B.TWO,統一美債10年Aa-A,上櫃,ETF,債券 ETF,1701,True,True
00856B,00856B.TWO,永豐1-3年美公債,上櫃,ETF,債券 ETF,1686,True,True
00857B,00857B.TWO,永豐20年美公債,上櫃,ETF,債券 ETF,1686,True,True
00859B,00859B.TWO,群益0-1年美債,上櫃,ETF,債券 ETF,1674,True,True
00860B,00860B.TWO,群益1-5Y投資級債,上櫃,ETF,債券 ETF,1674,True,True
00862B,00862B.TWO,中信投資級公司債,上櫃,ETF,債券 ETF,1674,True,True
00863B,00863B.TWO,中信全球電信債,上櫃,ETF,債券 ETF,1674,True,True
00864B,00864B.TWO,中信美國公債0-1,上櫃,ETF,債券 ETF,1674,True,True
00867B,00867B.TWO,台新A-BBB電信債,上櫃,ETF,債券 ETF,1651,True,True
00870B,00870B.TWO,元大15年EM主權債,上櫃,ETF,債券 ETF,1617,True,True
00884B,00884B.TWO,中信低碳新興債,上櫃,ETF,債券 ETF,1352,True,True
00890B,00890B.TWO,凱基ESG BBB債15+,上櫃,ETF,債券 ETF,1296,True,True
00931B,00931B.TWO,統一美債20年,上櫃,ETF,債券 ETF,750,True,True
00933B,00933B.TWO,國泰10Y+金融債,上櫃,ETF,債券 ETF,700,True,True
00937B,00937B.TWO,群益ESG投等債20+,上櫃,ETF,債券 ETF,667,True,True
00942B,00942B.TWO,台新美A公司債20+,上櫃,ETF,債券 ETF,560,True,True
00948B,00948B.TWO,中信優息投資級債,上櫃,ETF,債券 ETF,544,True,True
00950B,00950B.TWO,凱基A級公司債,上櫃,ETF,債券 ETF,522,True,True
00957B,00957B.TWO,兆豐US優選投等債,上櫃,ETF,債券 ETF,483,True,True
00958B,00958B.TWO,永豐ESG銀行債15+,上櫃,ETF,債券 ETF,477,True,True
00959B,00959B.TWO,大華投等美債15Y+,上櫃,ETF,債券 ETF,488,True,True
00966B,00966B.TWO,統一ESG投等債15+,上櫃,ETF,債券 ETF,379,True,True
00967B,00967B.TWO,元大優息美債,上櫃,ETF,債券 ETF,379,True,True
00968B,00968B.TWO,元大優息投等債,上櫃,ETF,債券 ETF,379,True,True
00969B,00969B.TWO,元大零息超長美債,上櫃,ETF,債券 ETF,379,True,True
00970B,00970B.TWO,台新BBB投等債20+,上櫃,ETF,債券 ETF,379,True,True
00980B,00980B.TWO,台新特選IG債10+,上櫃,ETF,債券 ETF,379,True,True
00981B,00981B.TWO,第一金優選非投債,上櫃,ETF,債券 ETF,366,True,True
00981D,00981D.TWO,主動中信非投等債,上櫃,ETF,債券 ETF,230,True,False
00982B,00982B.TWO,FT投資級債20+,上櫃,ETF,債券 ETF,332,True,True
00983B,00983B.TWO,大華優利美公債20,上櫃,ETF,債券 ETF,324,True,True
00984B,00984B.TWO,大華優利美A債15,上櫃,ETF,債券 ETF,324,True,True
00986B,00986B.TWO,FT金融債10+,上櫃,ETF,債券 ETF,196,True,False
00986D,00986D.TWO,主動復華金融債息,上櫃,ETF,債券 ETF,87,True,False
00987B,00987B.TWO,野村10+澳洲公債,上櫃,ETF,債券 ETF,145,True,False
00987D,00987D.TWO,主動統一美債量化,上櫃,ETF,債券 ETF,1,True,False
00988B,00988B.TWO,玉山嚴選非投債,上櫃,ETF,債券 ETF,106,True,False
00989B,00989B.TWO,台新美國非投等債,上櫃,ETF,債券 ETF,106,True,False
00990B,00990B.TWO,國泰收益非投等債,上櫃,ETF,債券 ETF,41,True,False
006201,006201.TWO,元大富櫃50,上櫃,ETF,台灣股票 ETF,3579,True,True
00840B,00840B.TWO,凱基IG精選15+,上櫃,ETF,台灣股票 ETF,1760,True,True
00888,00888.TWO,永豐台灣ESG,上櫃,ETF,台灣股票 ETF,1319,True,True
00928,00928.TWO,中信上櫃ESG 30,上櫃,ETF,台灣股票 ETF,797,True,True
009806,009806.TWO,台新標普500,上櫃,ETF,台灣股票 ETF,312,True,True
009807,009807.TWO,台新標普科技精選,上櫃,ETF,台灣股票 ETF,312,True,True
009814,009814.TWO,富邦標普500,上櫃,ETF,台灣股票 ETF,172,True,False
009822,009822.TWO,華南永昌未來金融,上櫃,ETF,台灣股票 ETF,63,True,False
009823,009823.TWO,群益S&P500,上櫃,ETF,台灣股票 ETF,49,True,False
00858,00858.TWO,永豐美國500大,上櫃,ETF,海外股票 ETF,1686,True,True
00877,00877.TWO,復華中國5G,上櫃,ETF,海外股票 ETF,1489,True,True
00886,00886.TWO,永豐美國科技,上櫃,ETF,海外股票 ETF,1319,True,True
00887,00887.TWO,永豐中國科技50大,上櫃,ETF,海外股票 ETF,1319,True,True
00955,00955.TWO,中信日本商社,上櫃,ETF,海外股票 ETF,496,True,True
00980T,00980T.TWO,平衡凱基美國TOP,上櫃,ETF,海外股票 ETF,253,True,True
009815,009815.TWO,大華美國MAG7+,上櫃,ETF,海外股票 ETF,138,True,False
009825,009825.TWO,聯邦美國金融創新,上櫃,ETF,海外股票 ETF,41,True,False
2323,2323.TW,中環,上市,股票,光電業,3579,True,True
2349,2349.TW,錸德,上市,股票,光電業,3579,True,True
2374,2374.TW,佳能,上市,股票,光電業,3579,True,True
2393,2393.TW,億光,上市,股票,光電業,3579,True,True
2406,2406.TW,國碩,上市,股票,光電業,3579,True,True
2409,2409.TW,友達,上市,股票,光電業,3579,True,True
2426,2426.TW,鼎元,上市,股票,光電業,3579,True,True
2429,2429.TW,銘旺科,上市,股票,光電業,3579,True,True
2438,2438.TW,翔耀,上市,股票,光電業,3579,True,True
2466,2466.TW,冠西電,上市,股票,光電業,3579,True,True
2486,2486.TW,一詮,上市,股票,光電業,3579,True,True
2489,2489.TW,瑞軒,上市,股票,光電業,3579,True,True
2491,2491.TW,吉祥全,上市,股票,光電業,3579,True,True
3008,3008.TW,大立光,上市,股票,光電業,3575,True,True
3019,3019.TW,亞光,上市,股票,光電業,3575,True,True
3024,3024.TW,憶聲,上市,股票,光電業,3579,True,True
3031,3031.TW,佰鴻,上市,股票,光電業,3579,True,True
3038,3038.TW,全台,上市,股票,光電業,3579,True,True
3049,3049.TW,精金,上市,股票,光電業,3579,True,True
3050,3050.TW,鈺德,上市,股票,光電業,3579,True,True
3051,3051.TW,力特,上市,股票,光電業,3579,True,True
3059,3059.TW,華晶科,上市,股票,光電業,3579,True,True
3149,3149.TW,正達,上市,股票,光電業,3579,True,True
3168,3168.TW,眾福科,上市,股票,光電業,3579,True,True
3356,3356.TW,奇偶,上市,股票,光電業,3579,True,True
3406,3406.TW,玉晶光,上市,股票,光電業,3575,True,True
3437,3437.TW,榮創,上市,股票,光電業,3579,True,True
3481,3481.TW,群創,上市,股票,光電業,3579,True,True
3504,3504.TW,揚明光,上市,股票,光電業,3579,True,True
3535,3535.TW,晶彩科,上市,股票,光電業,3579,True,True
3543,3543.TW,州巧,上市,股票,光電業,3579,True,True
3563,3563.TW,牧德,上市,股票,光電業,3579,True,True
3576,3576.TW,聯合再生,上市,股票,光電業,3575,True,True
3591,3591.TW,艾笛森,上市,股票,光電業,3579,True,True
3622,3622.TW,洋華,上市,股票,光電業,3579,True,True
3673,3673.TW,TPK-KY,上市,股票,光電業,3579,True,True
3714,3714.TW,富采,上市,股票,光電業,1366,True,True
4934,4934.TW,太極,上市,股票,光電業,3579,True,True
4935,4935.TW,茂林-KY,上市,股票,光電業,3579,True,True
4942,4942.TW,嘉彰,上市,股票,光電業,3579,True,True
4949,4949.TW,有成精密,上市,股票,光電業,3468,True,True
4956,4956.TW,光鋐,上市,股票,光電業,3579,True,True
4960,4960.TW,誠美材,上市,股票,光電業,3579,True,True
4976,4976.TW,佳凌,上市,股票,光電業,3393,True,True
5234,5234.TW,達興材料,上市,股票,光電業,3450,True,True
5243,5243.TW,乙盛-KY,上市,股票,光電業,3114,True,True
5244,5244.TW,弘凱,上市,股票,光電業,1112,True,True
5484,5484.TW,慧友,上市,股票,光電業,3579,True,True
6116,6116.TW,彩晶,上市,股票,光電業,3579,True,True
6120,6120.TW,達運,上市,股票,光電業,3579,True,True
6164,6164.TW,華興,上市,股票,光電業,3579,True,True
6168,6168.TW,宏齊,上市,股票,光電業,3579,True,True
6176,6176.TW,瑞儀,上市,股票,光電業,3579,True,True
6209,6209.TW,今國光,上市,股票,光電業,3579,True,True
6225,6225.TW,天瀚,上市,股票,光電業,3579,True,True
6226,6226.TW,光鼎,上市,股票,光電業,3579,True,True
6278,6278.TW,台表科,上市,股票,光電業,3579,True,True
6405,6405.TW,悅城,上市,股票,光電業,3286,True,True
6443,6443.TW,元晶,上市,股票,光電業,2911,True,True
6456,6456.TW,GIS-KY,上市,股票,光電業,2722,True,True
6477,6477.TW,安集,上市,股票,光電業,2885,True,True
6668,6668.TW,中揚光,上市,股票,光電業,2121,True,True
6706,6706.TW,惠特,上市,股票,光電業,1884,True,True
6742,6742.TW,澤米,上市,股票,光電業,1164,True,True
6916,6916.TW,華凌,上市,股票,光電業,926,True,True
8104,8104.TW,錸寶,上市,股票,光電業,2451,True,True
8105,8105.TW,凌巨,上市,股票,光電業,3579,True,True
8215,8215.TW,明基材,上市,股票,光電業,3579,True,True
1342,1342.TW,八貫,上市,股票,其他,1674,True,True
1416,1416.TW,廣豐,上市,股票,其他,3579,True,True
1435,1435.TW,中福,上市,股票,其他,3579,True,True
1437,1437.TW,勤益控,上市,股票,其他,3579,True,True
1443,1443.TW,立益物流,上市,股票,其他,3579,True,True
1516,1516.TW,川飛,上市,股票,其他,3579,True,True
2348,2348.TW,海悅,上市,股票,其他,3579,True,True
2496,2496.TW,卓越,上市,股票,其他,3579,True,True
2514,2514.TW,龍邦,上市,股票,其他,3579,True,True
2614,2614.TW,東森,上市,股票,其他,3579,True,True
2904,2904.TW,匯僑,上市,股票,其他,3579,True,True
3040,3040.TW,遠見,上市,股票,其他,3579,True,True
5284,5284.TW,jpp-KY,上市,股票,其他,2900,True,True
5871,5871.TW,中租-KY,上市,股票,其他,3579,True,True
6184,6184.TW,大豐電,上市,股票,其他,3579,True,True
6464,6464.TW,台數科,上市,股票,其他,2940,True,True
6504,6504.TW,南六,上市,股票,其他,3579,True,True
6585,6585.TW,鼎基,上市,股票,其他,2422,True,True
6592,6592.TW,和潤企業,上市,股票,其他,1909,True,True
6625,6625.TW,必應,上市,股票,其他,2290,True,True
6655,6655.TW,科定,上市,股票,其他,2127,True,True
6901,6901.TW,鑽石投資,上市,股票,其他,986,True,True
6914,6914.TW,阜爾運通,上市,股票,其他,873,True,True
6952,6952.TW,大武山,上市,股票,其他,770,True,True
6957,6957.TW,裕慶-KY,上市,股票,其他,522,True,True
6958,6958.TW,日盛台駿,上市,股票,其他,770,True,True
7855,7855.TW,和運租車,上市,股票,其他,219,True,False
8033,8033.TW,雷虎,上市,股票,其他,3575,True,True
8404,8404.TW,百和興業-KY,上市,股票,其他,3579,True,True
8411,8411.TW,福貞-KY,上市,股票,其他,3579,True,True
8442,8442.TW,威宏-KY,上市,股票,其他,2382,True,True
8463,8463.TW,潤泰材,上市,股票,其他,2916,True,True
8466,8466.TW,美吉吉-KY,上市,股票,其他,2388,True,True
8481,8481.TW,政伸,上市,股票,其他,2556,True,True
8488,8488.TW,吉源-KY,上市,股票,其他,2359,True,True
9902,9902.TW,台火,上市,股票,其他,3579,True,True
9905,9905.TW,大華,上市,股票,其他,3579,True,True
9907,9907.TW,統一實,上市,股票,其他,3579,True,True
9917,9917.TW,中保科,上市,股票,其他,3579,True,True
9919,9919.TW,康那香,上市,股票,其他,3579,True,True
9925,9925.TW,新保,上市,股票,其他,3579,True,True
9927,9927.TW,泰銘,上市,股票,其他,3579,True,True
9928,9928.TW,中視,上市,股票,其他,3579,True,True
9929,9929.TW,秋雨,上市,股票,其他,3579,True,True
9933,9933.TW,中鼎,上市,股票,其他,3579,True,True
9938,9938.TW,百和,上市,股票,其他,3579,True,True
9939,9939.TW,宏全,上市,股票,其他,3579,True,True
9940,9940.TW,信義,上市,股票,其他,3579,True,True
9941,9941.TW,裕融,上市,股票,其他,3579,True,True
9942,9942.TW,茂順,上市,股票,其他,3579,True,True
9944,9944.TW,新麗,上市,股票,其他,3579,True,True
9945,9945.TW,潤泰新,上市,股票,其他,3579,True,True
2312,2312.TW,金寶,上市,股票,其他電子業,3579,True,True
2317,2317.TW,鴻海,上市,股票,其他電子業,3575,True,True
2354,2354.TW,鴻準,上市,股票,其他電子業,3579,True,True
2359,2359.TW,所羅門,上市,股票,其他電子業,3579,True,True
2360,2360.TW,致茂,上市,股票,其他電子業,3579,True,True
2373,2373.TW,震旦行,上市,股票,其他電子業,3579,True,True
2390,2390.TW,云辰,上市,股票,其他電子業,3579,True,True
2404,2404.TW,漢唐,上市,股票,其他電子業,3579,True,True
2423,2423.TW,固緯,上市,股票,其他電子業,3579,True,True
2433,2433.TW,互盛電,上市,股票,其他電子業,3579,True,True
2459,2459.TW,敦吉,上市,股票,其他電子業,3579,True,True
2461,2461.TW,光群雷,上市,股票,其他電子業,3579,True,True
2464,2464.TW,盟立,上市,股票,其他電子業,3579,True,True
2474,2474.TW,可成,上市,股票,其他電子業,3579,True,True
2477,2477.TW,美隆電,上市,股票,其他電子業,3579,True,True
2482,2482.TW,連宇,上市,股票,其他電子業,3579,True,True
2488,2488.TW,漢平,上市,股票,其他電子業,3579,True,True
3018,3018.TW,隆銘綠能,上市,股票,其他電子業,3579,True,True
3030,3030.TW,德律,上市,股票,其他電子業,3579,True,True
3043,3043.TW,科風,上市,股票,其他電子業,3579,True,True
3305,3305.TW,昇貿,上市,股票,其他電子業,3579,True,True
3518,3518.TW,柏騰,上市,股票,其他電子業,3579,True,True
3617,3617.TW,碩天,上市,股票,其他電子業,3579,True,True
3665,3665.TW,貿聯-KY,上市,股票,其他電子業,3575,True,True
4585,4585.TW,達明,上市,股票,其他電子業,456,True,True
4588,4588.TW,玖鼎電力,上市,股票,其他電子業,922,True,True
5225,5225.TW,東科-KY,上市,股票,其他電子業,3371,True,True
6139,6139.TW,亞翔,上市,股票,其他電子業,3579,True,True
6192,6192.TW,巨路,上市,股票,其他電子業,3579,True,True
6196,6196.TW,帆宣,上市,股票,其他電子業,3575,True,True
6201,6201.TW,亞弘電,上市,股票,其他電子業,3579,True,True
6215,6215.TW,和椿,上市,股票,其他電子業,3579,True,True
6283,6283.TW,淳安,上市,股票,其他電子業,3579,True,True
6409,6409.TW,旭隼,上市,股票,其他電子業,3286,True,True
6438,6438.TW,迅得,上市,股票,其他電子業,3114,True,True
6558,6558.TW,興能高,上市,股票,其他電子業,2618,True,True
6658,6658.TW,聯策,上市,股票,其他電子業,1164,True,True
6691,6691.TW,洋基工程,上市,股票,其他電子業,1951,True,True
6698,6698.TW,旭暉應材,上市,股票,其他電子業,1909,True,True
6722,6722.TW,輝創,上市,股票,其他電子業,797,True,True
6743,6743.TW,安普新,上市,股票,其他電子業,1634,True,True
6830,6830.TW,汎銓,上市,股票,其他電子業,1231,True,True
7631,7631.TW,聚賢研發-創,上市,股票,其他電子業,642,True,True
8021,8021.TW,尖點,上市,股票,其他電子業,3579,True,True
8201,8201.TW,無敵,上市,股票,其他電子業,3579,True,True
8499,8499.TW,鼎炫-KY,上市,股票,其他電子業,2127,True,True
9103,9103.TW,美德醫療-DR,上市,股票,其他／未分類,3579,True,True
910322,910322.TW,康師傅-DR,上市,股票,其他／未分類,3579,True,True
9105,9105.TW,泰金寶-DR,上市,股票,其他／未分類,3579,True,True
910861,910861.TW,神州-DR,上市,股票,其他／未分類,3579,True,True
9110,9110.TW,越南控-DR,上市,股票,其他／未分類,3579,True,True
911608,911608.TW,明輝-DR,上市,股票,其他／未分類,3579,True,True
911622,911622.TW,泰聚亨-DR,上市,股票,其他／未分類,3579,True,True
911868,911868.TW,同方友友-DR,上市,股票,其他／未分類,3579,True,True
912000,912000.TW,晨訊科-DR,上市,股票,其他／未分類,3579,True,True
9136,9136.TW,巨騰-DR,上市,股票,其他／未分類,3579,True,True
1708,1708.TW,東鹼,上市,股票,化學工業,3579,True,True
1709,1709.TW,和益,上市,股票,化學工業,3579,True,True
1710,1710.TW,東聯,上市,股票,化學工業,3579,True,True
1711,1711.TW,永光,上市,股票,化學工業,3579,True,True
1712,1712.TW,興農,上市,股票,化學工業,3579,True,True
1713,1713.TW,國化,上市,股票,化學工業,3579,True,True
1714,1714.TW,和桐,上市,股票,化學工業,3579,True,True
1717,1717.TW,長興,上市,股票,化學工業,3579,True,True
1718,1718.TW,中纖,上市,股票,化學工業,3579,True,True
1721,1721.TW,三晃,上市,股票,化學工業,3579,True,True
1722,1722.TW,台肥,上市,股票,化學工業,3579,True,True
1723,1723.TW,中碳,上市,股票,化學工業,3579,True,True
1725,1725.TW,元禎,上市,股票,化學工業,3579,True,True
1726,1726.TW,永記,上市,股票,化學工業,3579,True,True
1727,1727.TW,中華化,上市,股票,化學工業,3579,True,True
1730,1730.TW,花仙子,上市,股票,化學工業,3579,True,True
1732,1732.TW,毛寶,上市,股票,化學工業,3579,True,True
1735,1735.TW,日勝化,上市,股票,化學工業,3579,True,True
1773,1773.TW,勝一,上市,股票,化學工業,3579,True,True
1776,1776.TW,展宇,上市,股票,化學工業,3579,True,True
4720,4720.TW,德淵,上市,股票,化學工業,3579,True,True
4722,4722.TW,國精化,上市,股票,化學工業,3579,True,True
4739,4739.TW,康普,上市,股票,化學工業,3579,True,True
4755,4755.TW,三福化,上市,股票,化學工業,3286,True,True
4763,4763.TW,材料*-KY,上市,股票,化學工業,2632,True,True
4764,4764.TW,雙鍵,上市,股票,化學工業,2397,True,True
4766,4766.TW,南寶,上市,股票,化學工業,2208,True,True
4770,4770.TW,上品,上市,股票,化學工業,1431,True,True
2302,2302.TW,麗正,上市,股票,半導體業,3579,True,True
2303,2303.TW,聯電,上市,股票,半導體業,3575,True,True
2329,2329.TW,華泰,上市,股票,半導體業,3579,True,True
2330,2330.TW,台積電,上市,股票,半導體業,3575,True,True
2337,2337.TW,旺宏,上市,股票,半導體業,3575,True,True
2338,2338.TW,光罩,上市,股票,半導體業,3579,True,True
2340,2340.TW,台亞,上市,股票,半導體業,3579,True,True
2342,2342.TW,茂矽,上市,股票,半導體業,3579,True,True
2344,2344.TW,華邦電,上市,股票,半導體業,3575,True,True
2351,2351.TW,順德,上市,股票,半導體業,3579,True,True
2363,2363.TW,矽統,上市,股票,半導體業,3579,True,True
2369,2369.TW,菱生,上市,股票,半導體業,3579,True,True
2379,2379.TW,瑞昱,上市,股票,半導體業,3575,True,True
2388,2388.TW,威盛,上市,股票,半導體業,3579,True,True
2401,2401.TW,凌陽,上市,股票,半導體業,3579,True,True
2408,2408.TW,南亞科,上市,股票,半導體業,3575,True,True
2434,2434.TW,統懋,上市,股票,半導體業,3579,True,True
2436,2436.TW,偉詮電,上市,股票,半導體業,3579,True,True
2441,2441.TW,超豐,上市,股票,半導體業,3579,True,True
2449,2449.TW,京元電子,上市,股票,半導體業,3575,True,True
2451,2451.TW,創見,上市,股票,半導體業,3579,True,True
2454,2454.TW,聯發科,上市,股票,半導體業,3575,True,True
2458,2458.TW,義隆,上市,股票,半導體業,3579,True,True
2481,2481.TW,強茂,上市,股票,半導體業,3579,True,True
3006,3006.TW,晶豪科,上市,股票,半導體業,3579,True,True
3014,3014.TW,聯陽,上市,股票,半導體業,3579,True,True
3016,3016.TW,嘉晶,上市,股票,半導體業,3579,True,True
3034,3034.TW,聯詠,上市,股票,半導體業,3575,True,True
3035,3035.TW,智原,上市,股票,半導體業,3579,True,True
3041,3041.TW,揚智,上市,股票,半導體業,3579,True,True
3094,3094.TW,聯傑,上市,股票,半導體業,3579,True,True
3135,3135.TW,凌航,上市,股票,半導體業,477,True,True
3150,3150.TW,鈺寶-創,上市,股票,半導體業,3465,True,True
3189,3189.TW,景碩,上市,股票,半導體業,3575,True,True
3257,3257.TW,虹冠電,上市,股票,半導體業,3579,True,True
3413,3413.TW,京鼎,上市,股票,半導體業,3575,True,True
3443,3443.TW,創意,上市,股票,半導體業,3575,True,True
3450,3450.TW,聯鈞,上市,股票,半導體業,3579,True,True
3530,3530.TW,晶相光,上市,股票,半導體業,3579,True,True
3532,3532.TW,台勝科,上市,股票,半導體業,3579,True,True
3545,3545.TW,敦泰,上市,股票,半導體業,3579,True,True
3583,3583.TW,辛耘,上市,股票,半導體業,3390,True,True
3588,3588.TW,通嘉,上市,股票,半導體業,3579,True,True
3592,3592.TW,瑞鼎,上市,股票,半導體業,1122,True,True
3661,3661.TW,世芯-KY,上市,股票,半導體業,3390,True,True
3686,3686.TW,達能,上市,股票,半導體業,3579,True,True
3711,3711.TW,日月光投控,上市,股票,半導體業,3575,True,True
4919,4919.TW,新唐,上市,股票,半導體業,3579,True,True
4952,4952.TW,凌通,上市,股票,半導體業,3579,True,True
4961,4961.TW,天鈺,上市,股票,半導體業,3468,True,True
4967,4967.TW,十銓,上市,股票,半導體業,3439,True,True
4968,4968.TW,立積,上市,股票,半導體業,3393,True,True
5222,5222.TW,全訊,上市,股票,半導體業,3338,True,True
5236,5236.TW,凌陽創新,上市,股票,半導體業,1431,True,True
5269,5269.TW,祥碩,上市,股票,半導體業,3393,True,True
5285,5285.TW,界霖,上市,股票,半導體業,3393,True,True
5471,5471.TW,松翰,上市,股票,半導體業,3579,True,True
6202,6202.TW,盛群,上市,股票,半導體業,3579,True,True
6239,6239.TW,力成,上市,股票,半導體業,3575,True,True
6243,6243.TW,迅杰,上市,股票,半導體業,3579,True,True
6257,6257.TW,矽格,上市,股票,半導體業,3579,True,True
6271,6271.TW,同欣電,上市,股票,半導體業,3579,True,True
6415,6415.TW,矽力*-KY,上市,股票,半導體業,3099,True,True
6451,6451.TW,訊芯-KY,上市,股票,半導體業,2822,True,True
6515,6515.TW,穎崴,上市,股票,半導體業,1645,True,True
6525,6525.TW,捷敏-KY,上市,股票,半導體業,2530,True,True
6526,6526.TW,達發,上市,股票,半導體業,2714,True,True
6531,6531.TW,愛普*,上市,股票,半導體業,2735,True,True
6533,6533.TW,晶心科,上市,股票,半導體業,2695,True,True
6552,6552.TW,易華電,上市,股票,半導體業,2666,True,True
6573,6573.TW,虹揚-KY,上市,股票,半導體業,2161,True,True
6695,6695.TW,芯鼎,上市,股票,半導體業,1857,True,True
6719,6719.TW,力智,上市,股票,半導體業,1116,True,True
6756,6756.TW,威鋒電子,上市,股票,半導體業,1617,True,True
6770,6770.TW,力積電,上市,股票,半導體業,1378,True,True
6789,6789.TW,采鈺,上市,股票,半導體業,1314,True,True
6799,6799.TW,來頡,上市,股票,半導體業,1391,True,True
6854,6854.TW,錼創科技-KY創,上市,股票,半導體業,971,True,True
6909,6909.TW,創控,上市,股票,半導體業,815,True,True
6921,6921.TW,嘉雨思-創,上市,股票,半導體業,156,True,False
6937,6937.TW,天虹,上市,股票,半導體業,815,True,True
6962,6962.TW,奕力-KY,上市,股票,半導體業,379,True,True
7730,7730.TW,暉盛-創,上市,股票,半導體業,560,True,True
7749,7749.TW,意騰-KY,上市,股票,半導體業,296,True,True
7768,7768.TW,頌勝科技,上市,股票,半導體業,340,True,True
7769,7769.TW,鴻勁,上市,股票,半導體業,440,True,True
7822,7822.TW,倍利科,上市,股票,半導體業,340,True,True
8016,8016.TW,矽創,上市,股票,半導體業,3579,True,True
8028,8028.TW,昇陽半導體,上市,股票,半導體業,3579,True,True
8081,8081.TW,致新,上市,股票,半導體業,3579,True,True
8110,8110.TW,華東,上市,股票,半導體業,3579,True,True
8131,8131.TW,福懋科,上市,股票,半導體業,3579,True,True
8150,8150.TW,南茂,上市,股票,半導體業,3264,True,True
8162,8162.TW,微矽電子-創,上市,股票,半導體業,948,True,True
8261,8261.TW,富鼎,上市,股票,半導體業,3579,True,True
8271,8271.TW,宇瞻,上市,股票,半導體業,3579,True,True
1301,1301.TW,台塑,上市,股票,塑膠工業,3575,True,True
1303,1303.TW,南亞,上市,股票,塑膠工業,3575,True,True
1304,1304.TW,台聚,上市,股票,塑膠工業,3579,True,True
1305,1305.TW,華夏,上市,股票,塑膠工業,3579,True,True
1307,1307.TW,三芳,上市,股票,塑膠工業,3579,True,True
1308,1308.TW,亞聚,上市,股票,塑膠工業,3579,True,True
1309,1309.TW,台達化,上市,股票,塑膠工業,3579,True,True
1310,1310.TW,台苯,上市,股票,塑膠工業,3579,True,True
1312,1312.TW,國喬,上市,股票,塑膠工業,3579,True,True
1313,1313.TW,聯成,上市,股票,塑膠工業,3579,True,True
1314,1314.TW,中石化,上市,股票,塑膠工業,3579,True,True
1315,1315.TW,達新,上市,股票,塑膠工業,3579,True,True
1321,1321.TW,大洋,上市,股票,塑膠工業,3579,True,True
1323,1323.TW,永裕,上市,股票,塑膠工業,3579,True,True
1324,1324.TW,地球,上市,股票,塑膠工業,3579,True,True
1325,1325.TW,恆大,上市,股票,塑膠工業,3579,True,True
1326,1326.TW,台化,上市,股票,塑膠工業,3575,True,True
1337,1337.TW,再生-KY,上市,股票,塑膠工業,3579,True,True
1340,1340.TW,勝悅-KY,上市,股票,塑膠工業,3105,True,True
1341,1341.TW,富林-KY,上市,股票,塑膠工業,1861,True,True
4306,4306.TW,炎洲,上市,股票,塑膠工業,3579,True,True
2062,2062.TW,橋椿,上市,股票,居家生活,3579,True,True
3557,3557.TW,嘉威,上市,股票,居家生活,3579,True,True
6671,6671.TW,三能-KY,上市,股票,居家生活,1868,True,True
6754,6754.TW,匯僑設計,上市,股票,居家生活,1670,True,True
6807,6807.TW,峰源-KY,上市,股票,居家生活,1056,True,True
8464,8464.TW,億豐,上市,股票,居家生活,3579,True,True
8482,8482.TW,商億-KY,上市,股票,居家生活,1951,True,True
9911,9911.TW,櫻花,上市,股票,居家生活,3579,True,True
9924,9924.TW,福興,上市,股票,居家生活,3579,True,True
9934,9934.TW,成霖,上市,股票,居家生活,3579,True,True
9935,9935.TW,慶豐富,上市,股票,居家生活,3579,True,True
1316,1316.TW,上曜,上市,股票,建材營造,3579,True,True
1436,1436.TW,華友聯,上市,股票,建材營造,3579,True,True
1438,1438.TW,三地開發,上市,股票,建材營造,3579,True,True
1439,1439.TW,雋揚,上市,股票,建材營造,3579,True,True
1442,1442.TW,名軒,上市,股票,建材營造,3579,True,True
1453,1453.TW,大將,上市,股票,建材營造,3579,True,True
1456,1456.TW,怡華,上市,股票,建材營造,3579,True,True
1472,1472.TW,三洋實業,上市,股票,建材營造,3579,True,True
1805,1805.TW,寶徠,上市,股票,建材營造,3579,True,True
1808,1808.TW,潤隆,上市,股票,建材營造,3579,True,True
2442,2442.TW,新美齊,上市,股票,建材營造,3579,True,True
2501,2501.TW,國建,上市,股票,建材營造,3579,True,True
2504,2504.TW,國產,上市,股票,建材營造,3575,True,True
2505,2505.TW,國揚,上市,股票,建材營造,3579,True,True
2506,2506.TW,太設,上市,股票,建材營造,3579,True,True
2509,2509.TW,全坤建,上市,股票,建材營造,3579,True,True
2511,2511.TW,太子,上市,股票,建材營造,3579,True,True
2515,2515.TW,中工,上市,股票,建材營造,3575,True,True
2516,2516.TW,新建,上市,股票,建材營造,3579,True,True
2520,2520.TW,冠德,上市,股票,建材營造,3579,True,True
2524,2524.TW,京城,上市,股票,建材營造,3579,True,True
2527,2527.TW,宏璟,上市,股票,建材營造,3579,True,True
2528,2528.TW,皇普,上市,股票,建材營造,3579,True,True
2530,2530.TW,華建,上市,股票,建材營造,3579,True,True
2534,2534.TW,宏盛,上市,股票,建材營造,3579,True,True
2535,2535.TW,達欣工,上市,股票,建材營造,3579,True,True
2536,2536.TW,宏普,上市,股票,建材營造,3579,True,True
2537,2537.TW,聯上發,上市,股票,建材營造,3579,True,True
2538,2538.TW,基泰,上市,股票,建材營造,3579,True,True
2539,2539.TW,櫻花建,上市,股票,建材營造,3579,True,True
2540,2540.TW,愛山林,上市,股票,建材營造,3579,True,True
2542,2542.TW,興富發,上市,股票,建材營造,3575,True,True
2543,2543.TW,皇昌,上市,股票,建材營造,3579,True,True
2545,2545.TW,皇翔,上市,股票,建材營造,3579,True,True
2546,2546.TW,根基,上市,股票,建材營造,3579,True,True
2547,2547.TW,日勝生,上市,股票,建材營造,3579,True,True
2548,2548.TW,華固,上市,股票,建材營造,3575,True,True
2597,2597.TW,潤弘,上市,股票,建材營造,3579,True,True
2923,2923.TW,鼎固-KY,上市,股票,建材營造,3346,True,True
3052,3052.TW,夆典,上市,股票,建材營造,3579,True,True
3056,3056.TW,富華新,上市,股票,建材營造,3579,True,True
3266,3266.TW,昇陽,上市,股票,建材營造,3579,True,True
3703,3703.TW,欣陸,上市,股票,建材營造,3579,True,True
5515,5515.TW,建國,上市,股票,建材營造,3579,True,True
5519,5519.TW,隆大,上市,股票,建材營造,3579,True,True
5521,5521.TW,工信,上市,股票,建材營造,3579,True,True
5522,5522.TW,遠雄,上市,股票,建材營造,3575,True,True
5525,5525.TW,順天,上市,股票,建材營造,3579,True,True
5531,5531.TW,鄉林,上市,股票,建材營造,3579,True,True
5533,5533.TW,皇鼎,上市,股票,建材營造,3579,True,True
5534,5534.TW,長虹,上市,股票,建材營造,3575,True,True
5546,5546.TW,永固-KY,上市,股票,建材營造,1519,True,True
6177,6177.TW,達麗,上市,股票,建材營造,3579,True,True
9906,9906.TW,欣巴巴,上市,股票,建材營造,3579,True,True
9946,9946.TW,三發地產,上市,股票,建材營造,3579,True,True
3130,3130.TW,一零四,上市,股票,數位雲端,3579,True,True
6165,6165.TW,浪凡,上市,股票,數位雲端,3579,True,True
6614,6614.TW,資拓宏宇,上市,股票,數位雲端,480,True,True
6689,6689.TW,伊雲谷,上市,股票,數位雲端,1970,True,True
6902,6902.TW,GOGOLOOK,上市,股票,數位雲端,757,True,True
6906,6906.TW,現觀科,上市,股票,數位雲端,891,True,True
7721,7721.TW,微程式,上市,股票,數位雲端,642,True,True
7722,7722.TW,LINEPAY,上市,股票,數位雲端,621,True,True
7765,7765.TW,中華資安,上市,股票,數位雲端,488,True,True
7823,7823.TW,奧義賽博-KY創,上市,股票,數位雲端,130,True,False
7835,7835.TW,永悅健康-創,上市,股票,數位雲端,23,True,False
8454,8454.TW,富邦媒,上市,股票,數位雲端,3049,True,True
8487,8487.TW,愛爾達-創,上市,股票,數位雲端,2606,True,True
2101,2101.TW,南港,上市,股票,橡膠工業,3579,True,True
2102,2102.TW,泰豐,上市,股票,橡膠工業,3579,True,True
2103,2103.TW,台橡,上市,股票,橡膠工業,3579,True,True
2104,2104.TW,國際中橡,上市,股票,橡膠工業,3579,True,True
2105,2105.TW,正新,上市,股票,橡膠工業,3579,True,True
2106,2106.TW,建大,上市,股票,橡膠工業,3579,True,True
2107,2107.TW,厚生,上市,股票,橡膠工業,3579,True,True
2108,2108.TW,南帝,上市,股票,橡膠工業,3579,True,True
2109,2109.TW,華豐,上市,股票,橡膠工業,3579,True,True
2114,2114.TW,鑫永銓,上市,股票,橡膠工業,3579,True,True
6582,6582.TW,申豐,上市,股票,橡膠工業,2474,True,True
1101,1101.TW,台泥,上市,股票,水泥工業,3579,True,True
1102,1102.TW,亞泥,上市,股票,水泥工業,3579,True,True
1103,1103.TW,嘉泥,上市,股票,水泥工業,3579,True,True
1104,1104.TW,環泥,上市,股票,水泥工業,3579,True,True
1108,1108.TW,幸福,上市,股票,水泥工業,3579,True,True
1109,1109.TW,信大,上市,股票,水泥工業,3579,True,True
1110,1110.TW,東泥,上市,股票,水泥工業,3579,True,True
1319,1319.TW,東陽,上市,股票,汽車工業,3575,True,True
1338,1338.TW,廣華-KY,上市,股票,汽車工業,3373,True,True
1339,1339.TW,昭輝,上市,股票,汽車工業,3508,True,True
1512,1512.TW,瑞利,上市,股票,汽車工業,3579,True,True
1521,1521.TW,大億,上市,股票,汽車工業,3579,True,True
1522,1522.TW,堤維西,上市,股票,汽車工業,3579,True,True
1524,1524.TW,耿鼎,上市,股票,汽車工業,3579,True,True
1525,1525.TW,江申,上市,股票,汽車工業,3579,True,True
1533,1533.TW,車王電,上市,股票,汽車工業,3579,True,True
1536,1536.TW,和大,上市,股票,汽車工業,3575,True,True
1563,1563.TW,巧新,上市,股票,汽車工業,3579,True,True
1568,1568.TW,倉佑,上市,股票,汽車工業,3579,True,True
1587,1587.TW,吉茂,上市,股票,汽車工業,3465,True,True
2115,2115.TW,六暉-KY,上市,股票,汽車工業,3091,True,True
2201,2201.TW,裕隆,上市,股票,汽車工業,3579,True,True
2204,2204.TW,中華,上市,股票,汽車工業,3579,True,True
2206,2206.TW,三陽工業,上市,股票,汽車工業,3579,True,True
2207,2207.TW,和泰車,上市,股票,汽車工業,3579,True,True
2227,2227.TW,裕日車,上市,股票,汽車工業,3579,True,True
2228,2228.TW,劍麟,上市,股票,汽車工業,3286,True,True
2231,2231.TW,為升,上市,股票,汽車工業,3575,True,True
2233,2233.TW,宇隆,上市,股票,汽車工業,3579,True,True
2236,2236.TW,百達-KY,上市,股票,汽車工業,2741,True,True
2237,2237.TW,華德動能-創,上市,股票,汽車工業,2845,True,True
2239,2239.TW,英利-KY,上市,股票,汽車工業,2666,True,True
2241,2241.TW,艾姆勒,上市,股票,汽車工業,2552,True,True
2243,2243.TW,宏旭-KY,上市,股票,汽車工業,2161,True,True
2247,2247.TW,汎德永業,上市,股票,汽車工業,2145,True,True
2248,2248.TW,華勝-KY,上市,股票,汽車工業,1925,True,True
2250,2250.TW,IKKA-KY,上市,股票,汽車工業,1277,True,True
2254,2254.TW,巨鎧精密-創,上市,股票,汽車工業,1148,True,True
2258,2258.TW,鴻華先進-創,上市,股票,汽車工業,638,True,True
2497,2497.TW,怡利電,上市,股票,汽車工業,3579,True,True
3346,3346.TW,麗清,上市,股票,汽車工業,3346,True,True
3717,3717.TW,聯嘉投控,上市,股票,汽車工業,250,True,False
4551,4551.TW,智伸科,上市,股票,汽車工業,3082,True,True
4557,4557.TW,永新-KY,上市,股票,汽車工業,2643,True,True
4569,4569.TW,六方科-KY,上市,股票,汽車工業,748,True,True
4581,4581.TW,光隆精密-KY,上市,股票,汽車工業,1574,True,True
6605,6605.TW,帝寶,上市,股票,汽車工業,3579,True,True
6988,6988.TW,威力暘-創,上市,股票,汽車工業,447,True,True
7732,7732.TW,金興精密,上市,股票,汽車工業,598,True,True
7736,7736.TW,虎山,上市,股票,汽車工業,560,True,True
7821,7821.TW,神數,上市,股票,汽車工業,340,True,True
2616,2616.TW,山隆,上市,股票,油電燃氣,3579,True,True
6505,6505.TW,台塑化,上市,股票,油電燃氣,3579,True,True
8926,8926.TW,台汽電,上市,股票,油電燃氣,3579,True,True
9908,9908.TW,大台北,上市,股票,油電燃氣,3579,True,True
9918,9918.TW,欣天然,上市,股票,油電燃氣,3579,True,True
9926,9926.TW,新海,上市,股票,油電燃氣,3579,True,True
9931,9931.TW,欣高,上市,股票,油電燃氣,3579,True,True
9937,9937.TW,全國,上市,股票,油電燃氣,3579,True,True
1802,1802.TW,台玻,上市,股票,玻璃陶瓷,3579,True,True
1806,1806.TW,冠軍,上市,股票,玻璃陶瓷,3579,True,True
1809,1809.TW,中釉,上市,股票,玻璃陶瓷,3579,True,True
1810,1810.TW,和成,上市,股票,玻璃陶瓷,3579,True,True
1817,1817.TW,凱撒衛,上市,股票,玻璃陶瓷,3286,True,True
1707,1707.TW,葡萄王,上市,股票,生技醫療,3579,True,True
1720,1720.TW,生達,上市,股票,生技醫療,3579,True,True
1731,1731.TW,美吾華,上市,股票,生技醫療,3579,True,True
1733,1733.TW,五鼎,上市,股票,生技醫療,3579,True,True
1734,1734.TW,杏輝,上市,股票,生技醫療,3579,True,True
1752,1752.TW,南光,上市,股票,生技醫療,1112,True,True
1760,1760.TW,寶齡富錦,上市,股票,生技醫療,3579,True,True
1762,1762.TW,中化生,上市,股票,生技醫療,3579,True,True
1783,1783.TW,和康生,上市,股票,生技醫療,3393,True,True
1786,1786.TW,科妍,上市,股票,生技醫療,3286,True,True
1789,1789.TW,神隆,上市,股票,生技醫療,3579,True,True
1795,1795.TW,美時,上市,股票,生技醫療,3575,True,True
3164,3164.TW,景岳,上市,股票,生技醫療,3579,True,True
3705,3705.TW,永信,上市,股票,生技醫療,3579,True,True
3716,3716.TW,中化控股,上市,股票,生技醫療,480,True,True
4104,4104.TW,佳醫,上市,股票,生技醫療,3579,True,True
4106,4106.TW,雃博,上市,股票,生技醫療,3579,True,True
4108,4108.TW,懷特,上市,股票,生技醫療,3579,True,True
4119,4119.TW,旭富,上市,股票,生技醫療,3579,True,True
4133,4133.TW,亞諾法,上市,股票,生技醫療,3579,True,True
4137,4137.TW,麗豐-KY,上市,股票,生技醫療,3112,True,True
4142,4142.TW,國光生,上市,股票,生技醫療,3502,True,True
4148,4148.TW,全宇生技-KY,上市,股票,生技醫療,2236,True,True
4155,4155.TW,訊映,上市,股票,生技醫療,3468,True,True
4164,4164.TW,承業醫,上市,股票,生技醫療,3393,True,True
4169,4169.TW,泰宗,上市,股票,生技醫療,3468,True,True
4178,4178.TW,永笙-KY,上市,股票,生技醫療,379,True,True
4190,4190.TW,佐登-KY,上市,股票,生技醫療,2643,True,True
4195,4195.TW,基米-創,上市,股票,生技醫療,3095,True,True
4736,4736.TW,泰博,上市,股票,生技醫療,3579,True,True
4737,4737.TW,華廣,上市,股票,生技醫療,3579,True,True
4746,4746.TW,台耀,上市,股票,生技醫療,3579,True,True
4771,4771.TW,望隼,上市,股票,生技醫療,1164,True,True
6431,6431.TW,光麗-KY,上市,股票,生技醫療,2858,True,True
6446,6446.TW,藥華藥,上市,股票,生技醫療,3045,True,True
6472,6472.TW,保瑞,上市,股票,生技醫療,2902,True,True
6491,6491.TW,晶碩,上市,股票,生技醫療,2841,True,True
6534,6534.TW,正瀚-創,上市,股票,生技醫療,2722,True,True
6541,6541.TW,泰福-KY,上市,股票,生技醫療,2692,True,True
6550,6550.TW,北極星藥業-KY,上市,股票,生技醫療,2569,True,True
6589,6589.TW,台康生技,上市,股票,生技醫療,2373,True,True
6598,6598.TW,ABC-KY,上市,股票,生技醫療,2324,True,True
6645,6645.TW,金萬林-創,上市,股票,生技醫療,2194,True,True
6657,6657.TW,華安,上市,股票,生技醫療,1951,True,True
6666,6666.TW,羅麗芬-KY,上市,股票,生技醫療,1884,True,True
6782,6782.TW,視陽,上市,股票,生技醫療,1465,True,True
6794,6794.TW,向榮生技,上市,股票,生技醫療,1375,True,True
6796,6796.TW,晉弘,上市,股票,生技醫療,1306,True,True
6838,6838.TW,台新藥,上市,股票,生技醫療,1187,True,True
6861,6861.TW,睿生光電,上市,股票,生技醫療,1148,True,True
6885,6885.TW,全福生技,上市,股票,生技醫療,1009,True,True
6918,6918.TW,愛派司,上市,股票,生技醫療,873,True,True
6919,6919.TW,康霈*,上市,股票,生技醫療,886,True,True
6931,6931.TW,青松健康,上市,股票,生技醫療,881,True,True
6934,6934.TW,心誠鎂,上市,股票,生技醫療,522,True,True
6936,6936.TW,永鴻生技,上市,股票,生技醫療,832,True,True
6949,6949.TW,沛爾生醫-創,上市,股票,生技醫療,602,True,True
6955,6955.TW,邦睿生技-創,上市,股票,生技醫療,751,True,True
7799,7799.TW,禾榮科,上市,股票,生技醫療,230,True,False
7803,7803.TW,雲象科技-創,上市,股票,生技醫療,65,True,False
7827,7827.TW,漢康-KY創,上市,股票,生技醫療,288,True,True
1402,1402.TW,遠東新,上市,股票,紡織纖維,3579,True,True
1409,1409.TW,新纖,上市,股票,紡織纖維,3579,True,True
1410,1410.TW,南染,上市,股票,紡織纖維,3579,True,True
1413,1413.TW,宏洲,上市,股票,紡織纖維,3579,True,True
1414,1414.TW,東和,上市,股票,紡織纖維,3579,True,True
1417,1417.TW,嘉裕,上市,股票,紡織纖維,3579,True,True
1418,1418.TW,東華,上市,股票,紡織纖維,3579,True,True
1419,1419.TW,新紡,上市,股票,紡織纖維,3579,True,True
1423,1423.TW,利華,上市,股票,紡織纖維,3579,True,True
1434,1434.TW,福懋,上市,股票,紡織纖維,3579,True,True
1440,1440.TW,南紡,上市,股票,紡織纖維,3579,True,True
1441,1441.TW,大東,上市,股票,紡織纖維,3579,True,True
1444,1444.TW,力麗,上市,股票,紡織纖維,3579,True,True
1445,1445.TW,大宇,上市,股票,紡織纖維,3579,True,True
1446,1446.TW,宏和,上市,股票,紡織纖維,3579,True,True
1447,1447.TW,力鵬,上市,股票,紡織纖維,3579,True,True
1449,1449.TW,佳和,上市,股票,紡織纖維,3579,True,True
1451,1451.TW,年興,上市,股票,紡織纖維,3579,True,True
1452,1452.TW,宏益,上市,股票,紡織纖維,3579,True,True
1454,1454.TW,台富,上市,股票,紡織纖維,3579,True,True
1455,1455.TW,集盛,上市,股票,紡織纖維,3579,True,True
1457,1457.TW,宜進,上市,股票,紡織纖維,3579,True,True
1459,1459.TW,聯發,上市,股票,紡織纖維,3579,True,True
1460,1460.TW,宏遠,上市,股票,紡織纖維,3579,True,True
1463,1463.TW,強盛新,上市,股票,紡織纖維,3579,True,True
1464,1464.TW,得力,上市,股票,紡織纖維,3579,True,True
1465,1465.TW,偉全,上市,股票,紡織纖維,3579,True,True
1466,1466.TW,聚隆,上市,股票,紡織纖維,3579,True,True
1467,1467.TW,南緯,上市,股票,紡織纖維,3579,True,True
1468,1468.TW,昶和,上市,股票,紡織纖維,3579,True,True
1470,1470.TW,大統新創,上市,股票,紡織纖維,3579,True,True
1473,1473.TW,台南,上市,股票,紡織纖維,3579,True,True
1474,1474.TW,弘裕,上市,股票,紡織纖維,3579,True,True
1475,1475.TW,業旺,上市,股票,紡織纖維,3579,True,True
1476,1476.TW,儒鴻,上市,股票,紡織纖維,3579,True,True
1477,1477.TW,聚陽,上市,股票,紡織纖維,3579,True,True
4414,4414.TW,如興,上市,股票,紡織纖維,3579,True,True
4426,4426.TW,利勤,上市,股票,紡織纖維,3579,True,True
4438,4438.TW,廣越,上市,股票,紡織纖維,2701,True,True
4439,4439.TW,冠星-KY,上市,股票,紡織纖維,1634,True,True
4440,4440.TW,宜新實業,上市,股票,紡織纖維,1690,True,True
4441,4441.TW,振大環球,上市,股票,紡織纖維,1109,True,True
2072,2072.TW,世紀風電,上市,股票,綠能環保,1391,True,True
3708,3708.TW,上緯投控,上市,股票,綠能環保,3575,True,True
4582,4582.TW,聚恆-創,上市,股票,綠能環保,1674,True,True
5292,5292.TW,華懋,上市,股票,綠能環保,1609,True,True
6581,6581.TW,鋼聯,上市,股票,綠能環保,2422,True,True
6641,6641.TW,基士德-KY,上市,股票,綠能環保,1913,True,True
6771,6771.TW,平和環保-創,上市,股票,綠能環保,1609,True,True
6869,6869.TW,雲豹能源,上市,股票,綠能環保,1107,True,True
6873,6873.TW,泓德能源,上市,股票,綠能環保,1129,True,True
6887,6887.TW,寶綠特-KY,上市,股票,綠能環保,355,True,True
6923,6923.TW,中台,上市,股票,綠能環保,815,True,True
6944,6944.TW,兆聯實業,上市,股票,綠能環保,808,True,True
6947,6947.TW,台鎔科技,上市,股票,綠能環保,751,True,True
6951,6951.TW,青新-創,上市,股票,綠能環保,794,True,True
6969,6969.TW,成信實業*-創,上市,股票,綠能環保,477,True,True
6994,6994.TW,富威電力,上市,股票,綠能環保,646,True,True
7610,7610.TW,聯友金屬-創,上市,股票,綠能環保,837,True,True
7740,7740.TW,熙特爾-創,上市,股票,綠能環保,452,True,True
7786,7786.TW,東方風能,上市,股票,綠能環保,447,True,True
7818,7818.TW,溢泰實業,上市,股票,綠能環保,379,True,True
8341,8341.TW,日友,上市,股票,綠能環保,3020,True,True
8422,8422.TW,可寧衛*,上市,股票,綠能環保,3579,True,True
8438,8438.TW,昶昕,上市,股票,綠能環保,3459,True,True
8473,8473.TW,山林水,上市,股票,綠能環保,2783,True,True
8476,8476.TW,台境*,上市,股票,綠能環保,2717,True,True
9930,9930.TW,中聯資源,上市,股票,綠能環保,3579,True,True
9955,9955.TW,佳龍,上市,股票,綠能環保,3579,True,True
2208,2208.TW,台船,上市,股票,航運業,3575,True,True
2601,2601.TW,益航,上市,股票,航運業,3579,True,True
2603,2603.TW,長榮,上市,股票,航運業,3575,True,True
2605,2605.TW,新興,上市,股票,航運業,3579,True,True
2606,2606.TW,裕民,上市,股票,航運業,3575,True,True
2607,2607.TW,榮運,上市,股票,航運業,3579,True,True
2608,2608.TW,嘉里大榮,上市,股票,航運業,3579,True,True
2609,2609.TW,陽明,上市,股票,航運業,3575,True,True
2610,2610.TW,華航,上市,股票,航運業,3575,True,True
2611,2611.TW,志信,上市,股票,航運業,3579,True,True
2612,2612.TW,中航,上市,股票,航運業,3579,True,True
2613,2613.TW,中櫃,上市,股票,航運業,3579,True,True
2615,2615.TW,萬海,上市,股票,航運業,3575,True,True
2617,2617.TW,台航,上市,股票,航運業,3579,True,True
2618,2618.TW,長榮航,上市,股票,航運業,3575,True,True
2630,2630.TW,亞航,上市,股票,航運業,2313,True,True
2633,2633.TW,台灣高鐵,上市,股票,航運業,3579,True,True
2634,2634.TW,漢翔,上市,股票,航運業,2930,True,True
2636,2636.TW,台驊控股,上市,股票,航運業,3579,True,True
2637,2637.TW,慧洋-KY,上市,股票,航運業,3575,True,True
2642,2642.TW,宅配通,上市,股票,航運業,3286,True,True
2645,2645.TW,長榮航太,上市,股票,航運業,1100,True,True
2646,2646.TW,星宇航空,上市,股票,航運業,943,True,True
5607,5607.TW,遠雄港,上市,股票,航運業,3579,True,True
5608,5608.TW,四維航,上市,股票,航運業,3579,True,True
6753,6753.TW,龍德造船,上市,股票,航運業,1357,True,True
6757,6757.TW,台灣虎航,上市,股票,航運業,1617,True,True
8367,8367.TW,建新國際,上市,股票,航運業,2294,True,True
2701,2701.TW,萬企,上市,股票,觀光餐旅,3579,True,True
2702,2702.TW,華園,上市,股票,觀光餐旅,3579,True,True
2704,2704.TW,國賓,上市,股票,觀光餐旅,3579,True,True
2705,2705.TW,六福,上市,股票,觀光餐旅,3579,True,True
2706,2706.TW,第一店,上市,股票,觀光餐旅,3579,True,True
2707,2707.TW,晶華,上市,股票,觀光餐旅,3575,True,True
2712,2712.TW,遠雄來,上市,股票,觀光餐旅,3286,True,True
2722,2722.TW,夏都,上市,股票,觀光餐旅,3536,True,True
2723,2723.TW,美食-KY,上市,股票,觀光餐旅,3579,True,True
2727,2727.TW,王品,上市,股票,觀光餐旅,3540,True,True
2731,2731.TW,雄獅,上市,股票,觀光餐旅,3373,True,True
2739,2739.TW,寒舍,上市,股票,觀光餐旅,2892,True,True
2748,2748.TW,雲品,上市,股票,觀光餐旅,2634,True,True
2753,2753.TW,八方雲集,上市,股票,觀光餐旅,1431,True,True
5706,5706.TW,鳳凰,上市,股票,觀光餐旅,3579,True,True
7705,7705.TW,三商餐飲,上市,股票,觀光餐旅,646,True,True
7760,7760.TW,享溫馨,上市,股票,觀光餐旅,437,True,True
8940,8940.TW,新天地,上市,股票,觀光餐旅,3579,True,True
9943,9943.TW,好樂迪,上市,股票,觀光餐旅,3579,True,True
2901,2901.TW,欣欣,上市,股票,貿易百貨,3579,True,True
2903,2903.TW,遠百,上市,股票,貿易百貨,3579,True,True
2905,2905.TW,三商,上市,股票,貿易百貨,3579,True,True
2906,2906.TW,高林,上市,股票,貿易百貨,3579,True,True
2908,2908.TW,特力,上市,股票,貿易百貨,3579,True,True
2910,2910.TW,統領,上市,股票,貿易百貨,3579,True,True
2911,2911.TW,麗嬰房,上市,股票,貿易百貨,3579,True,True
2912,2912.TW,統一超,上市,股票,貿易百貨,3575,True,True
2913,2913.TW,農林,上市,股票,貿易百貨,3579,True,True
2915,2915.TW,潤泰全,上市,股票,貿易百貨,3579,True,True
2929,2929.TW,淘帝-KY,上市,股票,貿易百貨,3089,True,True
2939,2939.TW,永邑-KY,上市,股票,貿易百貨,2197,True,True
2945,2945.TW,三商家購,上市,股票,貿易百貨,1865,True,True
4807,4807.TW,日成-KY,上市,股票,貿易百貨,2369,True,True
5906,5906.TW,台南-KY,上市,股票,貿易百貨,3579,True,True
5907,5907.TW,大洋-KY,上市,股票,貿易百貨,3477,True,True
8429,8429.TW,金麗-KY,上市,股票,貿易百貨,3338,True,True
8443,8443.TW,阿瘦,上市,股票,貿易百貨,3393,True,True
2427,2427.TW,三商電,上市,股票,資訊服務業,3579,True,True
2453,2453.TW,凌群,上市,股票,資訊服務業,3579,True,True
2468,2468.TW,華經,上市,股票,資訊服務業,3579,True,True
2471,2471.TW,資通,上市,股票,資訊服務業,3579,True,True
2480,2480.TW,敦陽科,上市,股票,資訊服務業,3579,True,True
3029,3029.TW,零壹,上市,股票,資訊服務業,3579,True,True
4994,4994.TW,傳奇,上市,股票,資訊服務業,3579,True,True
5203,5203.TW,訊連,上市,股票,資訊服務業,3579,True,True
6112,6112.TW,邁達特,上市,股票,資訊服務業,3579,True,True
6183,6183.TW,關貿,上市,股票,資訊服務業,3579,True,True
6214,6214.TW,精誠,上市,股票,資訊服務業,3579,True,True
2314,2314.TW,台揚,上市,股票,通信網路業,3579,True,True
2321,2321.TW,東訊,上市,股票,通信網路業,3579,True,True
2332,2332.TW,友訊,上市,股票,通信網路業,3579,True,True
2345,2345.TW,智邦,上市,股票,通信網路業,3575,True,True
2412,2412.TW,中華電,上市,股票,通信網路業,3575,True,True
2419,2419.TW,仲琦,上市,股票,通信網路業,3579,True,True
2424,2424.TW,隴華,上市,股票,通信網路業,3579,True,True
2439,2439.TW,美律,上市,股票,通信網路業,3579,True,True
2444,2444.TW,兆勁,上市,股票,通信網路業,3579,True,True
2450,2450.TW,神腦,上市,股票,通信網路業,3579,True,True
2455,2455.TW,全新,上市,股票,通信網路業,3579,True,True
2485,2485.TW,兆赫,上市,股票,通信網路業,3579,True,True
2498,2498.TW,宏達電,上市,股票,通信網路業,3579,True,True
3025,3025.TW,星通,上市,股票,通信網路業,3579,True,True
3027,3027.TW,盛達,上市,股票,通信網路業,3579,True,True
3045,3045.TW,台灣大,上市,股票,通信網路業,3579,True,True
3047,3047.TW,訊舟,上市,股票,通信網路業,3579,True,True
3062,3062.TW,建漢,上市,股票,通信網路業,3579,True,True
3138,3138.TW,耀登,上市,股票,通信網路業,3579,True,True
3311,3311.TW,閎暉,上市,股票,通信網路業,3579,True,True
3380,3380.TW,明泰,上市,股票,通信網路業,3579,True,True
3419,3419.TW,譁裕,上市,股票,通信網路業,3579,True,True
3447,3447.TW,展達,上市,股票,通信網路業,1192,True,True
3596,3596.TW,智易,上市,股票,通信網路業,3575,True,True
3669,3669.TW,圓展,上市,股票,通信網路業,3579,True,True
3694,3694.TW,海華,上市,股票,通信網路業,3579,True,True
3704,3704.TW,合勤控,上市,股票,通信網路業,3579,True,True
4904,4904.TW,遠傳,上市,股票,通信網路業,3575,True,True
4906,4906.TW,正文,上市,股票,通信網路業,3579,True,True
4977,4977.TW,眾達-KY,上市,股票,通信網路業,3274,True,True
5388,5388.TW,中磊,上市,股票,通信網路業,3575,True,True
6136,6136.TW,富爾特,上市,股票,通信網路業,3579,True,True
6142,6142.TW,友勁,上市,股票,通信網路業,3579,True,True
6152,6152.TW,百一,上市,股票,通信網路業,3579,True,True
6216,6216.TW,居易,上市,股票,通信網路業,3579,True,True
6285,6285.TW,啟碁,上市,股票,通信網路業,3575,True,True
6416,6416.TW,瑞祺電通,上市,股票,通信網路業,3263,True,True
6426,6426.TW,統新,上市,股票,通信網路業,3139,True,True
6442,6442.TW,光聖,上市,股票,通信網路業,3041,True,True
6674,6674.TW,鋐寶科技,上市,股票,通信網路業,2102,True,True
6792,6792.TW,詠業,上市,股票,通信網路業,1400,True,True
6863,6863.TW,永道-KY,上市,股票,通信網路業,832,True,True
7689,7689.TW,大鵬科CLMX,上市,股票,通信網路業,209,True,False
8011,8011.TW,台通,上市,股票,通信網路業,3579,True,True
8045,8045.TW,達運光電,上市,股票,通信網路業,2251,True,True
8101,8101.TW,華冠,上市,股票,通信網路業,3579,True,True
1903,1903.TW,士紙,上市,股票,造紙工業,3579,True,True
1904,1904.TW,正隆,上市,股票,造紙工業,3579,True,True
1905,1905.TW,華紙,上市,股票,造紙工業,3579,True,True
1906,1906.TW,寶隆,上市,股票,造紙工業,3579,True,True
1907,1907.TW,永豐餘,上市,股票,造紙工業,3579,True,True
1909,1909.TW,榮成,上市,股票,造紙工業,3579,True,True
6790,6790.TW,永豐實,上市,股票,造紙工業,1418,True,True
1432,1432.TW,大魯閣,上市,股票,運動休閒,3579,True,True
1598,1598.TW,岱宇,上市,股票,運動休閒,3393,True,True
1736,1736.TW,喬山,上市,股票,運動休閒,3579,True,True
2762,2762.TW,世界健身-KY,上市,股票,運動休閒,626,True,True
4536,4536.TW,拓凱,上市,股票,運動休閒,3393,True,True
5306,5306.TW,桂盟,上市,股票,運動休閒,3579,True,True
6670,6670.TW,復盛應用,上市,股票,運動休閒,2121,True,True
6768,6768.TW,志強-KY,上市,股票,運動休閒,1302,True,True
6890,6890.TW,來億-KY,上市,股票,運動休閒,534,True,True
6965,6965.TW,中傑-KY,上市,股票,運動休閒,360,True,True
8462,8462.TW,柏文,上市,股票,運動休閒,2924,True,True
8467,8467.TW,波力-KY,上市,股票,運動休閒,2604,True,True
8478,8478.TW,東哥遊艇,上市,股票,運動休閒,2660,True,True
9802,9802.TW,鈺齊-KY,上市,股票,運動休閒,3381,True,True
9904,9904.TW,寶成,上市,股票,運動休閒,3579,True,True
9910,9910.TW,豐泰,上市,股票,運動休閒,3575,True,True
9914,9914.TW,美利達,上市,股票,運動休閒,3579,True,True
9921,9921.TW,巨大,上市,股票,運動休閒,3579,True,True
2801,2801.TW,彰銀,上市,股票,金融保險,3579,True,True
2812,2812.TW,台中銀,上市,股票,金融保險,3579,True,True
2816,2816.TW,旺旺保,上市,股票,金融保險,3579,True,True
2820,2820.TW,華票,上市,股票,金融保險,3579,True,True
2832,2832.TW,台產,上市,股票,金融保險,3579,True,True
2834,2834.TW,臺企銀,上市,股票,金融保險,3579,True,True
2836,2836.TW,高雄銀,上市,股票,金融保險,3579,True,True
2838,2838.TW,聯邦銀,上市,股票,金融保險,3579,True,True
2845,2845.TW,遠東銀,上市,股票,金融保險,3579,True,True
2849,2849.TW,安泰銀,上市,股票,金融保險,3579,True,True
2850,2850.TW,新產,上市,股票,金融保險,3579,True,True
2851,2851.TW,中再保,上市,股票,金融保險,3579,True,True
2852,2852.TW,第一保,上市,股票,金融保險,3579,True,True
2855,2855.TW,統一證,上市,股票,金融保險,3579,True,True
2867,2867.TW,三商壽,上市,股票,金融保險,3393,True,True
2880,2880.TW,華南金,上市,股票,金融保險,3575,True,True
2881,2881.TW,富邦金,上市,股票,金融保險,3575,True,True
2882,2882.TW,國泰金,上市,股票,金融保險,3575,True,True
2883,2883.TW,凱基金,上市,股票,金融保險,3579,True,True
2884,2884.TW,玉山金,上市,股票,金融保險,3575,True,True
2885,2885.TW,元大金,上市,股票,金融保險,3575,True,True
2886,2886.TW,兆豐金,上市,股票,金融保險,3575,True,True
2887,2887.TW,台新新光金,上市,股票,金融保險,3579,True,True
2889,2889.TW,國票金,上市,股票,金融保險,3579,True,True
2890,2890.TW,永豐金,上市,股票,金融保險,3579,True,True
2891,2891.TW,中信金,上市,股票,金融保險,3575,True,True
2892,2892.TW,第一金,上市,股票,金融保險,3575,True,True
2897,2897.TW,王道銀行,上市,股票,金融保險,3579,True,True
5876,5876.TW,上海商銀,上市,股票,金融保險,2908,True,True
5880,5880.TW,合庫金,上市,股票,金融保險,3575,True,True
6005,6005.TW,群益證,上市,股票,金融保險,3579,True,True
6024,6024.TW,群益期,上市,股票,金融保險,3579,True,True
2002,2002.TW,中鋼,上市,股票,鋼鐵工業,3575,True,True
2006,2006.TW,東和鋼鐵,上市,股票,鋼鐵工業,3579,True,True
2007,2007.TW,燁興,上市,股票,鋼鐵工業,3579,True,True
2008,2008.TW,高興昌,上市,股票,鋼鐵工業,3579,True,True
2009,2009.TW,第一銅,上市,股票,鋼鐵工業,3579,True,True
2010,2010.TW,春源,上市,股票,鋼鐵工業,3579,True,True
2012,2012.TW,春雨,上市,股票,鋼鐵工業,3579,True,True
2013,2013.TW,中鋼構,上市,股票,鋼鐵工業,3579,True,True
2014,2014.TW,中鴻,上市,股票,鋼鐵工業,3575,True,True
2015,2015.TW,豐興,上市,股票,鋼鐵工業,3579,True,True
2017,2017.TW,官田鋼,上市,股票,鋼鐵工業,3579,True,True
2020,2020.TW,美亞,上市,股票,鋼鐵工業,3579,True,True
2022,2022.TW,聚亨,上市,股票,鋼鐵工業,3579,True,True
2023,2023.TW,燁輝,上市,股票,鋼鐵工業,3579,True,True
2024,2024.TW,志聯,上市,股票,鋼鐵工業,3579,True,True
2025,2025.TW,千興,上市,股票,鋼鐵工業,3579,True,True
2027,2027.TW,大成鋼,上市,股票,鋼鐵工業,3575,True,True
2028,2028.TW,威致,上市,股票,鋼鐵工業,3579,True,True
2029,2029.TW,盛餘,上市,股票,鋼鐵工業,3579,True,True
2030,2030.TW,彰源,上市,股票,鋼鐵工業,3579,True,True
2031,2031.TW,新光鋼,上市,股票,鋼鐵工業,3575,True,True
2032,2032.TW,新鋼,上市,股票,鋼鐵工業,3579,True,True
2033,2033.TW,佳大,上市,股票,鋼鐵工業,3579,True,True
2034,2034.TW,允強,上市,股票,鋼鐵工業,3579,True,True
2038,2038.TW,海光,上市,股票,鋼鐵工業,3579,True,True
2069,2069.TW,運錩,上市,股票,鋼鐵工業,2816,True,True
2211,2211.TW,長榮鋼,上市,股票,鋼鐵工業,1606,True,True
3004,3004.TW,豐達科,上市,股票,鋼鐵工業,3579,True,True
5007,5007.TW,三星,上市,股票,鋼鐵工業,3579,True,True
5538,5538.TW,東明-KY,上市,股票,鋼鐵工業,3095,True,True
9958,9958.TW,世紀鋼,上市,股票,鋼鐵工業,3579,True,True
1603,1603.TW,華電,上市,股票,電器電纜,3579,True,True
1604,1604.TW,聲寶,上市,股票,電器電纜,3579,True,True
1605,1605.TW,華新,上市,股票,電器電纜,3579,True,True
1608,1608.TW,華榮,上市,股票,電器電纜,3579,True,True
1609,1609.TW,大亞,上市,股票,電器電纜,3575,True,True
1611,1611.TW,中電,上市,股票,電器電纜,3579,True,True
1612,1612.TW,宏泰,上市,股票,電器電纜,3579,True,True
1614,1614.TW,三洋電,上市,股票,電器電纜,3579,True,True
1615,1615.TW,大山,上市,股票,電器電纜,3579,True,True
1616,1616.TW,億泰,上市,股票,電器電纜,3579,True,True
1617,1617.TW,榮星,上市,股票,電器電纜,3579,True,True
1618,1618.TW,合機,上市,股票,電器電纜,3579,True,True
1623,1623.TW,大東電,上市,股票,電器電纜,548,True,True
1626,1626.TW,艾美特-KY,上市,股票,電器電纜,3389,True,True
4930,4930.TW,燦星網,上市,股票,電器電纜,3579,True,True
5283,5283.TW,禾聯碩,上市,股票,電器電纜,3386,True,True
2347,2347.TW,聯強,上市,股票,電子通路業,3579,True,True
2414,2414.TW,精技,上市,股票,電子通路業,3579,True,True
2430,2430.TW,燦坤,上市,股票,電子通路業,3579,True,True
3010,3010.TW,華立,上市,股票,電子通路業,3579,True,True
3028,3028.TW,增你強,上市,股票,電子通路業,3579,True,True
3033,3033.TW,威健,上市,股票,電子通路業,3579,True,True
3036,3036.TW,文曄,上市,股票,電子通路業,3579,True,True
3048,3048.TW,益登,上市,股票,電子通路業,3579,True,True
3055,3055.TW,蔚華科,上市,股票,電子通路業,3579,True,True
3209,3209.TW,全科,上市,股票,電子通路業,3579,True,True
3312,3312.TW,弘憶股,上市,股票,電子通路業,3579,True,True
3528,3528.TW,安馳,上市,股票,電子通路業,3579,True,True
3702,3702.TW,大聯大,上市,股票,電子通路業,3579,True,True
5434,5434.TW,崇越,上市,股票,電子通路業,3579,True,True
6189,6189.TW,豐藝,上市,股票,電子通路業,3579,True,True
6281,6281.TW,全國電,上市,股票,電子通路業,3579,True,True
6776,6776.TW,展碁國際,上市,股票,電子通路業,1554,True,True
6908,6908.TW,宏碁遊戲-創,上市,股票,電子通路業,955,True,True
8070,8070.TW,長華*,上市,股票,電子通路業,3579,True,True
8072,8072.TW,陞泰,上市,股票,電子通路業,3579,True,True
8112,8112.TW,至上,上市,股票,電子通路業,3579,True,True
1471,1471.TW,首利,上市,股票,電子零組件,3579,True,True
1582,1582.TW,信錦,上市,股票,電子零組件,3579,True,True
2059,2059.TW,川湖,上市,股票,電子零組件,3579,True,True
2308,2308.TW,台達電,上市,股票,電子零組件,3575,True,True
2313,2313.TW,華通,上市,股票,電子零組件,3575,True,True
2316,2316.TW,楠梓電,上市,股票,電子零組件,3579,True,True
2327,2327.TW,國巨*,上市,股票,電子零組件,3579,True,True
2328,2328.TW,廣宇,上市,股票,電子零組件,3579,True,True
2355,2355.TW,敬鵬,上市,股票,電子零組件,3579,True,True
2367,2367.TW,燿華,上市,股票,電子零組件,3579,True,True
2368,2368.TW,金像電,上市,股票,電子零組件,3575,True,True
2375,2375.TW,凱美,上市,股票,電子零組件,3579,True,True
2383,2383.TW,台光電,上市,股票,電子零組件,3575,True,True
2385,2385.TW,群光,上市,股票,電子零組件,3579,True,True
2392,2392.TW,正崴,上市,股票,電子零組件,3579,True,True
2402,2402.TW,毅嘉,上市,股票,電子零組件,3579,True,True
2413,2413.TW,環科,上市,股票,電子零組件,3579,True,True
2415,2415.TW,錩新,上市,股票,電子零組件,3579,True,True
2420,2420.TW,新巨,上市,股票,電子零組件,3579,True,True
2421,2421.TW,建準,上市,股票,電子零組件,3575,True,True
2428,2428.TW,興勤,上市,股票,電子零組件,3579,True,True
2431,2431.TW,聯昌,上市,股票,電子零組件,3579,True,True
2440,2440.TW,太空梭,上市,股票,電子零組件,3579,True,True
2457,2457.TW,飛宏,上市,股票,電子零組件,3579,True,True
2460,2460.TW,建通,上市,股票,電子零組件,3579,True,True
2462,2462.TW,良得電,上市,股票,電子零組件,3579,True,True
2467,2467.TW,志聖,上市,股票,電子零組件,3579,True,True
2472,2472.TW,立隆電,上市,股票,電子零組件,3579,True,True
2476,2476.TW,鉅祥,上市,股票,電子零組件,3579,True,True
2478,2478.TW,大毅,上市,股票,電子零組件,3579,True,True
2483,2483.TW,百容,上市,股票,電子零組件,3579,True,True
2484,2484.TW,希華,上市,股票,電子零組件,3579,True,True
2492,2492.TW,華新科,上市,股票,電子零組件,3579,True,True
2493,2493.TW,揚博,上市,股票,電子零組件,3579,True,True
3003,3003.TW,健和興,上市,股票,電子零組件,3579,True,True
3011,3011.TW,今皓,上市,股票,電子零組件,3579,True,True
3015,3015.TW,全漢,上市,股票,電子零組件,3579,True,True
3021,3021.TW,鴻名,上市,股票,電子零組件,3579,True,True
3023,3023.TW,信邦,上市,股票,電子零組件,3579,True,True
3026,3026.TW,禾伸堂,上市,股票,電子零組件,3579,True,True
3032,3032.TW,偉訓,上市,股票,電子零組件,3579,True,True
3037,3037.TW,欣興,上市,股票,電子零組件,3575,True,True
3042,3042.TW,晶技,上市,股票,電子零組件,3579,True,True
3044,3044.TW,健鼎,上市,股票,電子零組件,3579,True,True
3058,3058.TW,立德,上市,股票,電子零組件,3579,True,True
3090,3090.TW,日電貿,上市,股票,電子零組件,3579,True,True
3092,3092.TW,鴻碩,上市,股票,電子零組件,3579,True,True
3229,3229.TW,晟鈦,上市,股票,電子零組件,3579,True,True
3296,3296.TW,勝德,上市,股票,電子零組件,3579,True,True
3308,3308.TW,聯德,上市,股票,電子零組件,3579,True,True
3321,3321.TW,同泰,上市,股票,電子零組件,3579,True,True
3338,3338.TW,泰碩,上市,股票,電子零組件,3579,True,True
3376,3376.TW,新日興,上市,股票,電子零組件,3579,True,True
3432,3432.TW,台端,上市,股票,電子零組件,3579,True,True
3501,3501.TW,維熹,上市,股票,電子零組件,3579,True,True
3533,3533.TW,嘉澤,上市,股票,電子零組件,3579,True,True
3550,3550.TW,聯穎,上市,股票,電子零組件,3579,True,True
3593,3593.TW,力銘,上市,股票,電子零組件,3579,True,True
3605,3605.TW,宏致,上市,股票,電子零組件,3579,True,True
3607,3607.TW,谷崧,上市,股票,電子零組件,3579,True,True
3645,3645.TW,達邁,上市,股票,電子零組件,3579,True,True
3653,3653.TW,健策,上市,股票,電子零組件,3575,True,True
3679,3679.TW,新至陞,上市,股票,電子零組件,3579,True,True
3715,3715.TW,定穎投控,上市,股票,電子零組件,964,True,True
4545,4545.TW,銘鈺,上市,股票,電子零組件,3263,True,True
4912,4912.TW,聯德控股-KY,上市,股票,電子零組件,3579,True,True
4915,4915.TW,致伸,上市,股票,電子零組件,3393,True,True
4927,4927.TW,泰鼎-KY,上市,股票,電子零組件,3579,True,True
4943,4943.TW,康控-KY,上市,股票,電子零組件,3439,True,True
4958,4958.TW,臻鼎-KY,上市,股票,電子零組件,3575,True,True
4989,4989.TW,榮科,上市,股票,電子零組件,3286,True,True
4999,4999.TW,鑫禾,上市,股票,電子零組件,3393,True,True
5469,5469.TW,瀚宇博,上市,股票,電子零組件,3579,True,True
6108,6108.TW,競國,上市,股票,電子零組件,3579,True,True
6115,6115.TW,鎰勝,上市,股票,電子零組件,3579,True,True
6133,6133.TW,金橋,上市,股票,電子零組件,3579,True,True
6141,6141.TW,柏承,上市,股票,電子零組件,3579,True,True
6153,6153.TW,嘉聯益,上市,股票,電子零組件,3579,True,True
6155,6155.TW,鈞寶,上市,股票,電子零組件,3579,True,True
6191,6191.TW,精成科,上市,股票,電子零組件,3579,True,True
6197,6197.TW,佳必琪,上市,股票,電子零組件,3579,True,True
6205,6205.TW,詮欣,上市,股票,電子零組件,3579,True,True
6213,6213.TW,聯茂,上市,股票,電子零組件,3579,True,True
6224,6224.TW,聚鼎,上市,股票,電子零組件,3579,True,True
6269,6269.TW,台郡,上市,股票,電子零組件,3579,True,True
6272,6272.TW,驊陞,上市,股票,電子零組件,3579,True,True
6282,6282.TW,康舒,上市,股票,電子零組件,3579,True,True
6412,6412.TW,群電,上市,股票,電子零組件,3290,True,True
6449,6449.TW,鈺邦,上市,股票,電子零組件,3053,True,True
6672,6672.TW,騰輝電子-KY,上市,股票,電子零組件,2089,True,True
6715,6715.TW,嘉基,上市,股票,電子零組件,1884,True,True
6781,6781.TW,AES-KY,上市,股票,電子零組件,1319,True,True
6805,6805.TW,富世達,上市,股票,電子零組件,1400,True,True
6834,6834.TW,天二科技,上市,股票,電子零組件,1212,True,True
6835,6835.TW,圓裕,上市,股票,電子零組件,1227,True,True
6862,6862.TW,三集瑞-KY,上市,股票,電子零組件,447,True,True
6924,6924.TW,榮惠-KY創,上市,股票,電子零組件,379,True,True
7788,7788.TW,松川精密,上市,股票,電子零組件,440,True,True
7795,7795.TW,長廣,上市,股票,電子零組件,379,True,True
8039,8039.TW,台虹,上市,股票,電子零組件,3579,True,True
8046,8046.TW,南電,上市,股票,電子零組件,3575,True,True
8103,8103.TW,瀚荃,上市,股票,電子零組件,3579,True,True
8213,8213.TW,志超,上市,股票,電子零組件,3579,True,True
8249,8249.TW,菱光,上市,股票,電子零組件,3579,True,True
1503,1503.TW,士電,上市,股票,電機機械,3575,True,True
1504,1504.TW,東元,上市,股票,電機機械,3579,True,True
1506,1506.TW,正道,上市,股票,電機機械,3579,True,True
1513,1513.TW,中興電,上市,股票,電機機械,3575,True,True
1514,1514.TW,亞力,上市,股票,電機機械,3579,True,True
1515,1515.TW,力山,上市,股票,電機機械,3579,True,True
1517,1517.TW,利奇,上市,股票,電機機械,3579,True,True
1519,1519.TW,華城,上市,股票,電機機械,3575,True,True
1526,1526.TW,日馳,上市,股票,電機機械,3579,True,True
1527,1527.TW,鑽全,上市,股票,電機機械,3579,True,True
1528,1528.TW,恩德,上市,股票,電機機械,3579,True,True
1529,1529.TW,樂事綠能,上市,股票,電機機械,3579,True,True
1530,1530.TW,亞崴,上市,股票,電機機械,3579,True,True
1531,1531.TW,高林股,上市,股票,電機機械,3579,True,True
1532,1532.TW,勤美,上市,股票,電機機械,3579,True,True
1535,1535.TW,中宇,上市,股票,電機機械,3579,True,True
1537,1537.TW,廣隆,上市,股票,電機機械,3579,True,True
1538,1538.TW,正峰,上市,股票,電機機械,3579,True,True
1539,1539.TW,巨庭,上市,股票,電機機械,3579,True,True
1540,1540.TW,喬福,上市,股票,電機機械,3579,True,True
1541,1541.TW,錩泰,上市,股票,電機機械,3579,True,True
1558,1558.TW,伸興,上市,股票,電機機械,3579,True,True
1560,1560.TW,中砂,上市,股票,電機機械,3575,True,True
1583,1583.TW,程泰,上市,股票,電機機械,3579,True,True
1589,1589.TW,永冠-KY,上市,股票,電機機械,3504,True,True
1590,1590.TW,亞德客-KY,上市,股票,電機機械,3579,True,True
1597,1597.TW,直得,上市,股票,電機機械,3468,True,True
2049,2049.TW,上銀,上市,股票,電機機械,3579,True,True
2371,2371.TW,大同,上市,股票,電機機械,3579,True,True
3167,3167.TW,大量,上市,股票,電機機械,3579,True,True
4526,4526.TW,東台,上市,股票,電機機械,3579,True,True
4532,4532.TW,瑞智,上市,股票,電機機械,3579,True,True
4540,4540.TW,全球傳動,上市,股票,電機機械,2869,True,True
4552,4552.TW,力達-KY,上市,股票,電機機械,2457,True,True
4555,4555.TW,氣立,上市,股票,電機機械,2911,True,True
4560,4560.TW,強信-KY,上市,股票,電機機械,2359,True,True
4562,4562.TW,穎漢,上市,股票,電機機械,2615,True,True
4564,4564.TW,元翎,上市,股票,電機機械,2324,True,True
4566,4566.TW,時碩工業,上市,股票,電機機械,2313,True,True
4571,4571.TW,鈞興-KY,上市,股票,電機機械,1686,True,True
4572,4572.TW,駐龍,上市,股票,電機機械,1986,True,True
4576,4576.TW,大銀微系統,上市,股票,電機機械,1900,True,True
4583,4583.TW,台灣精銳,上市,股票,電機機械,1391,True,True
4590,4590.TW,富田-創,上市,股票,電機機械,437,True,True
5288,5288.TW,豐祥-KY,上市,股票,電機機械,2907,True,True
6606,6606.TW,建德工業,上市,股票,電機機械,3579,True,True
7750,7750.TW,新代,上市,股票,電機機械,534,True,True
8222,8222.TW,寶一,上市,股票,電機機械,3146,True,True
8374,8374.TW,羅昇,上市,股票,電機機械,3579,True,True
8996,8996.TW,高力,上市,股票,電機機械,3579,True,True
2301,2301.TW,光寶科,上市,股票,電腦及週邊設備,3579,True,True
2305,2305.TW,全友,上市,股票,電腦及週邊設備,3579,True,True
2324,2324.TW,仁寶,上市,股票,電腦及週邊設備,3575,True,True
2331,2331.TW,精英,上市,股票,電腦及週邊設備,3579,True,True
2352,2352.TW,佳世達,上市,股票,電腦及週邊設備,3579,True,True
2353,2353.TW,宏碁,上市,股票,電腦及週邊設備,3579,True,True
2356,2356.TW,英業達,上市,股票,電腦及週邊設備,3575,True,True
2357,2357.TW,華碩,上市,股票,電腦及週邊設備,3579,True,True
2362,2362.TW,藍天,上市,股票,電腦及週邊設備,3579,True,True
2364,2364.TW,倫飛,上市,股票,電腦及週邊設備,3579,True,True
2365,2365.TW,昆盈,上市,股票,電腦及週邊設備,3579,True,True
2376,2376.TW,技嘉,上市,股票,電腦及週邊設備,3575,True,True
2377,2377.TW,微星,上市,股票,電腦及週邊設備,3579,True,True
2380,2380.TW,虹光,上市,股票,電腦及週邊設備,3579,True,True
2382,2382.TW,廣達,上市,股票,電腦及週邊設備,3575,True,True
2387,2387.TW,精元,上市,股票,電腦及週邊設備,3579,True,True
2395,2395.TW,研華,上市,股票,電腦及週邊設備,3579,True,True
2397,2397.TW,友通,上市,股票,電腦及週邊設備,3579,True,True
2399,2399.TW,映泰,上市,股票,電腦及週邊設備,3579,True,True
2405,2405.TW,輔信,上市,股票,電腦及週邊設備,3579,True,True
2417,2417.TW,圓剛,上市,股票,電腦及週邊設備,3579,True,True
2425,2425.TW,承啟,上市,股票,電腦及週邊設備,3579,True,True
2432,2432.TW,倚天酷碁-創,上市,股票,電腦及週邊設備,786,True,True
2465,2465.TW,麗臺,上市,股票,電腦及週邊設備,3579,True,True
2495,2495.TW,普安,上市,股票,電腦及週邊設備,3579,True,True
3002,3002.TW,歐格,上市,股票,電腦及週邊設備,3579,True,True
3005,3005.TW,神基,上市,股票,電腦及週邊設備,3579,True,True
3013,3013.TW,晟銘電,上市,股票,電腦及週邊設備,3579,True,True
3017,3017.TW,奇鋐,上市,股票,電腦及週邊設備,3575,True,True
3022,3022.TW,威強電,上市,股票,電腦及週邊設備,3579,True,True
3046,3046.TW,建碁,上市,股票,電腦及週邊設備,3579,True,True
3057,3057.TW,喬鼎,上市,股票,電腦及週邊設備,3579,True,True
3060,3060.TW,銘異,上市,股票,電腦及週邊設備,3579,True,True
3231,3231.TW,緯創,上市,股票,電腦及週邊設備,3575,True,True
3416,3416.TW,融程電,上市,股票,電腦及週邊設備,3579,True,True
3494,3494.TW,誠研,上市,股票,電腦及週邊設備,3579,True,True
3515,3515.TW,華擎,上市,股票,電腦及週邊設備,3579,True,True
3652,3652.TW,精聯,上市,股票,電腦及週邊設備,3579,True,True
3701,3701.TW,大眾控,上市,股票,電腦及週邊設備,3579,True,True
3706,3706.TW,神達,上市,股票,電腦及週邊設備,3579,True,True
3712,3712.TW,永崴投控,上市,股票,電腦及週邊設備,1913,True,True
4916,4916.TW,事欣科,上市,股票,電腦及週邊設備,3393,True,True
4938,4938.TW,和碩,上市,股票,電腦及週邊設備,3575,True,True
5215,5215.TW,科嘉-KY,上市,股票,電腦及週邊設備,3579,True,True
5258,5258.TW,虹堡,上市,股票,電腦及週邊設備,3468,True,True
6117,6117.TW,迎廣,上市,股票,電腦及週邊設備,3579,True,True
6128,6128.TW,上福,上市,股票,電腦及週邊設備,3579,True,True
6166,6166.TW,凌華,上市,股票,電腦及週邊設備,3579,True,True
6206,6206.TW,飛捷,上市,股票,電腦及週邊設備,3579,True,True
6230,6230.TW,尼得科超眾,上市,股票,電腦及週邊設備,3579,True,True
6235,6235.TW,華孚,上市,股票,電腦及週邊設備,3579,True,True
6277,6277.TW,宏正,上市,股票,電腦及週邊設備,3579,True,True
6414,6414.TW,樺漢,上市,股票,電腦及週邊設備,3286,True,True
6579,6579.TW,研揚,上市,股票,電腦及週邊設備,2485,True,True
6591,6591.TW,動力-KY,上市,股票,電腦及週邊設備,2367,True,True
6669,6669.TW,緯穎,上市,股票,電腦及週邊設備,2133,True,True
6831,6831.TW,邁科,上市,股票,電腦及週邊設備,1226,True,True
6928,6928.TW,攸泰科技,上市,股票,電腦及週邊設備,802,True,True
6933,6933.TW,AMAX-KY,上市,股票,電腦及週邊設備,678,True,True
7711,7711.TW,永擎,上市,股票,電腦及週邊設備,183,True,False
8114,8114.TW,振樺電,上市,股票,電腦及週邊設備,3579,True,True
8163,8163.TW,達方,上市,股票,電腦及週邊設備,3579,True,True
8210,8210.TW,勤誠,上市,股票,電腦及週邊設備,3579,True,True
9912,9912.TW,偉聯,上市,股票,電腦及週邊設備,3579,True,True
1201,1201.TW,味全,上市,股票,食品工業,3579,True,True
1203,1203.TW,味王,上市,股票,食品工業,3579,True,True
1210,1210.TW,大成,上市,股票,食品工業,3579,True,True
1213,1213.TW,大飲,上市,股票,食品工業,3579,True,True
1215,1215.TW,卜蜂,上市,股票,食品工業,3579,True,True
1216,1216.TW,統一,上市,股票,食品工業,3575,True,True
1217,1217.TW,愛之味,上市,股票,食品工業,3579,True,True
1218,1218.TW,泰山,上市,股票,食品工業,3579,True,True
1219,1219.TW,福壽,上市,股票,食品工業,3579,True,True
1220,1220.TW,台榮,上市,股票,食品工業,3579,True,True
1225,1225.TW,福懋油,上市,股票,食品工業,3579,True,True
1227,1227.TW,佳格,上市,股票,食品工業,3579,True,True
1229,1229.TW,聯華,上市,股票,食品工業,3579,True,True
1231,1231.TW,聯華食,上市,股票,食品工業,3575,True,True
1232,1232.TW,大統益,上市,股票,食品工業,3579,True,True
1233,1233.TW,天仁,上市,股票,食品工業,3579,True,True
1234,1234.TW,黑松,上市,股票,食品工業,3579,True,True
1235,1235.TW,興泰,上市,股票,食品工業,3579,True,True
1236,1236.TW,宏亞,上市,股票,食品工業,3579,True,True
1256,1256.TW,鮮活果汁-KY,上市,股票,食品工業,3413,True,True
1702,1702.TW,南僑,上市,股票,食品工業,3579,True,True
1737,1737.TW,臺鹽,上市,股票,食品工業,3579,True,True
3054,3054.TW,立萬利,上市,股票,食品工業,3579,True,True
7780,7780.TW,大研生醫*,上市,股票,食品工業,446,True,True
7791,7791.TW,皇家可口,上市,股票,食品工業,196,True,False
3066,3066.TWO,李洲,上櫃,股票,光電業,3579,True,True
3128,3128.TWO,昇銳,上櫃,股票,光電業,3579,True,True
3230,3230.TWO,錦明,上櫃,股票,光電業,3579,True,True
3297,3297.TWO,杭特,上櫃,股票,光電業,3579,True,True
3339,3339.TWO,泰谷,上櫃,股票,光電業,3579,True,True
3362,3362.TWO,先進光,上櫃,股票,光電業,3579,True,True
3434,3434.TWO,哲固,上櫃,股票,光電業,3579,True,True
3441,3441.TWO,聯一光電,上櫃,股票,光電業,3579,True,True
3455,3455.TWO,由田,上櫃,股票,光電業,3579,True,True
3490,3490.TWO,單井,上櫃,股票,光電業,3579,True,True
3516,3516.TWO,亞帝歐,上櫃,股票,光電業,3579,True,True
3523,3523.TWO,迎輝,上櫃,股票,光電業,3579,True,True
3531,3531.TWO,先益,上櫃,股票,光電業,3579,True,True
3615,3615.TWO,安可,上櫃,股票,光電業,3579,True,True
3623,3623.TWO,富晶通,上櫃,股票,光電業,3579,True,True
3630,3630.TWO,新鉅科,上櫃,股票,光電業,3579,True,True
3666,3666.TWO,光耀,上櫃,股票,光電業,3468,True,True
3691,3691.TWO,碩禾,上櫃,股票,光電業,3579,True,True
4729,4729.TWO,熒茂,上櫃,股票,光電業,3579,True,True
4933,4933.TWO,友輝,上櫃,股票,光電業,3579,True,True
4972,4972.TWO,湯石照明,上櫃,股票,光電業,3468,True,True
4995,4995.TWO,晶達,上櫃,股票,光電業,3498,True,True
5220,5220.TWO,萬達光電,上櫃,股票,光電業,2900,True,True
5230,5230.TWO,雷笛克光學,上櫃,股票,光電業,3479,True,True
5245,5245.TWO,智晶,上櫃,股票,光電業,3452,True,True
5251,5251.TWO,天鉞電,上櫃,股票,光電業,3468,True,True
5315,5315.TWO,光聯,上櫃,股票,光電業,3579,True,True
5371,5371.TWO,中光電,上櫃,股票,光電業,3579,True,True
5392,5392.TWO,能率,上櫃,股票,光電業,3579,True,True
6167,6167.TWO,久正,上櫃,股票,光電業,3579,True,True
6222,6222.TWO,立軒,上櫃,股票,光電業,3579,True,True
6234,6234.TWO,高僑,上櫃,股票,光電業,3579,True,True
6244,6244.TWO,茂迪,上櫃,股票,光電業,3575,True,True
6246,6246.TWO,臺龍,上櫃,股票,光電業,3579,True,True
6419,6419.TWO,京晨科,上櫃,股票,光電業,3257,True,True
6498,6498.TWO,久禾光,上櫃,股票,光電業,2819,True,True
6517,6517.TWO,保勝光學,上櫃,股票,光電業,2810,True,True
6556,6556.TWO,勝品,上櫃,股票,光電業,2591,True,True
6560,6560.TWO,欣普羅,上櫃,股票,光電業,2584,True,True
6859,6859.TWO,伯特光,上櫃,股票,光電業,1144,True,True
6899,6899.TWO,創為精密,上櫃,股票,光電業,1009,True,True
7402,7402.TWO,邑錡,上櫃,股票,光電業,2843,True,True
7753,7753.TWO,星亞,上櫃,股票,光電業,484,True,True
8049,8049.TWO,晶采,上櫃,股票,光電業,3579,True,True
8064,8064.TWO,東捷,上櫃,股票,光電業,3579,True,True
8069,8069.TWO,元太,上櫃,股票,光電業,3579,True,True
8111,8111.TWO,立碁,上櫃,股票,光電業,3579,True,True
8240,8240.TWO,華宏,上櫃,股票,光電業,3579,True,True
1584,1584.TWO,精剛,上櫃,股票,其他,3579,True,True
2221,2221.TWO,大甲,上櫃,股票,其他,3579,True,True
2724,2724.TWO,藝舍-KY,上櫃,股票,其他,3484,True,True
3284,3284.TWO,太普高,上櫃,股票,其他,3579,True,True
4154,4154.TWO,樂威科-KY,上櫃,股票,其他,3579,True,True
4430,4430.TWO,耀億,上櫃,股票,其他,3579,True,True
4529,4529.TWO,淳紳,上櫃,股票,其他,3579,True,True
4541,4541.TWO,晟田,上櫃,股票,其他,3214,True,True
4556,4556.TWO,旭然,上櫃,股票,其他,2893,True,True
5209,5209.TWO,新鼎,上櫃,股票,其他,3579,True,True
5276,5276.TWO,達輝-KY,上櫃,股票,其他,2979,True,True
5314,5314.TWO,世紀*,上櫃,股票,其他,3579,True,True
5345,5345.TWO,馥鴻,上櫃,股票,其他,3579,True,True
5398,5398.TWO,慕康生醫,上櫃,股票,其他,3579,True,True
5450,5450.TWO,南良,上櫃,股票,其他,3579,True,True
5481,5481.TWO,新華,上櫃,股票,其他,3579,True,True
5530,5530.TWO,龍巖,上櫃,股票,其他,3579,True,True
5604,5604.TWO,中連,上櫃,股票,其他,3579,True,True
6179,6179.TWO,亞通,上櫃,股票,其他,3579,True,True
6199,6199.TWO,天品,上櫃,股票,其他,3579,True,True
6721,6721.TWO,信實,上櫃,股票,其他,1805,True,True
6881,6881.TWO,潤德,上櫃,股票,其他,986,True,True
6904,6904.TWO,伯鑫,上櫃,股票,其他,971,True,True
7777,7777.TWO,能率亞洲,上櫃,股票,其他,452,True,True
8342,8342.TWO,益張,上櫃,股票,其他,2485,True,True
8354,8354.TWO,冠好,上櫃,股票,其他,3579,True,True
8401,8401.TWO,白紗科,上櫃,股票,其他,3579,True,True
8421,8421.TWO,旭源,上櫃,股票,其他,3465,True,True
8426,8426.TWO,紅木-KY,上櫃,股票,其他,3579,True,True
8435,8435.TWO,鉅邁,上櫃,股票,其他,3452,True,True
8437,8437.TWO,大地-KY,上櫃,股票,其他,2754,True,True
8444,8444.TWO,綠河-KY,上櫃,股票,其他,3210,True,True
8489,8489.TWO,三貝德,上櫃,股票,其他,2584,True,True
8905,8905.TWO,裕國,上櫃,股票,其他,3579,True,True
8906,8906.TWO,花王,上櫃,股票,其他,3579,True,True
8916,8916.TWO,光隆,上櫃,股票,其他,3579,True,True
8921,8921.TWO,沈氏,上櫃,股票,其他,3579,True,True
8929,8929.TWO,富堡,上櫃,股票,其他,3579,True,True
8935,8935.TWO,邦泰,上櫃,股票,其他,3579,True,True
8936,8936.TWO,國統,上櫃,股票,其他,3579,True,True
8937,8937.TWO,合騏*,上櫃,股票,其他,3579,True,True
8942,8942.TWO,森鉅,上櫃,股票,其他,3579,True,True
1785,1785.TWO,光洋科,上櫃,股票,其他電子業,3579,True,True
3093,3093.TWO,港建*,上櫃,股票,其他電子業,3579,True,True
3219,3219.TWO,倚強科,上櫃,股票,其他電子業,3579,True,True
3285,3285.TWO,微端,上櫃,股票,其他電子業,3579,True,True
3289,3289.TWO,宜特,上櫃,股票,其他電子業,3579,True,True
3303,3303.TWO,岱稜,上櫃,股票,其他電子業,3579,True,True
3324,3324.TWO,雙鴻,上櫃,股票,其他電子業,3575,True,True
3373,3373.TWO,熱映,上櫃,股票,其他電子業,3579,True,True
3402,3402.TWO,漢科,上櫃,股票,其他電子業,3579,True,True
3465,3465.TWO,進泰電子,上櫃,股票,其他電子業,3579,True,True
3498,3498.TWO,陽程,上櫃,股票,其他電子業,3579,True,True
3508,3508.TWO,位速,上櫃,股票,其他電子業,3579,True,True
3541,3541.TWO,西柏,上櫃,股票,其他電子業,3579,True,True
3552,3552.TWO,同致,上櫃,股票,其他電子業,3579,True,True
3580,3580.TWO,友威科,上櫃,股票,其他電子業,3579,True,True
3587,3587.TWO,閎康,上櫃,股票,其他電子業,3579,True,True
3628,3628.TWO,盈正,上櫃,股票,其他電子業,3579,True,True
3663,3663.TWO,鑫科,上櫃,股票,其他電子業,3468,True,True
4554,4554.TWO,橙的,上櫃,股票,其他電子業,2921,True,True
4577,4577.TWO,達航科技,上櫃,股票,其他電子業,1418,True,True
4760,4760.TWO,勤凱科技,上櫃,股票,其他電子業,2643,True,True
5452,5452.TWO,佶優,上櫃,股票,其他電子業,3579,True,True
5489,5489.TWO,彩富,上櫃,股票,其他電子業,3579,True,True
5493,5493.TWO,三聯,上櫃,股票,其他電子業,3579,True,True
5536,5536.TWO,聖暉*,上櫃,股票,其他電子業,3579,True,True
6146,6146.TWO,耕興,上櫃,股票,其他電子業,3579,True,True
6151,6151.TWO,晉倫,上櫃,股票,其他電子業,3579,True,True
6512,6512.TWO,啟發電,上櫃,股票,其他電子業,2816,True,True
6613,6613.TWO,朋億*,上櫃,股票,其他電子業,2350,True,True
6654,6654.TWO,天正國際,上櫃,股票,其他電子業,2145,True,True
6667,6667.TWO,信紘科,上櫃,股票,其他電子業,2127,True,True
6725,6725.TWO,矽科宏晟,上櫃,股票,其他電子業,873,True,True
6735,6735.TWO,美達科技,上櫃,股票,其他電子業,1662,True,True
6739,6739.TWO,竹陞科技,上櫃,股票,其他電子業,1294,True,True
6840,6840.TWO,東研信超,上櫃,股票,其他電子業,1122,True,True
6855,6855.TWO,數泓科,上櫃,股票,其他電子業,1102,True,True
6877,6877.TWO,鏵友益,上櫃,股票,其他電子業,1091,True,True
6903,6903.TWO,巨漢,上櫃,股票,其他電子業,986,True,True
6983,6983.TWO,華洋精機,上櫃,股票,其他電子業,678,True,True
7703,7703.TWO,銳澤,上櫃,股票,其他電子業,646,True,True
7728,7728.TWO,光焱科技,上櫃,股票,其他電子業,596,True,True
7792,7792.TWO,安葆,上櫃,股票,其他電子業,379,True,True
8047,8047.TWO,星雲,上櫃,股票,其他電子業,3579,True,True
8085,8085.TWO,福華,上櫃,股票,其他電子業,3579,True,True
8092,8092.TWO,建暐,上櫃,股票,其他電子業,3579,True,True
8183,8183.TWO,精星,上櫃,股票,其他電子業,3579,True,True
8431,8431.TWO,匯鑽科,上櫃,股票,其他電子業,3426,True,True
8455,8455.TWO,大拓-KY,上櫃,股票,其他電子業,2584,True,True
1742,1742.TWO,台蠟,上櫃,股票,化學工業,3579,True,True
3430,3430.TWO,奇鈦科,上櫃,股票,化學工業,3465,True,True
4706,4706.TWO,大恭,上櫃,股票,化學工業,3579,True,True
4707,4707.TWO,磐亞,上櫃,股票,化學工業,3579,True,True
4711,4711.TWO,永純,上櫃,股票,化學工業,3579,True,True
4714,4714.TWO,永捷,上櫃,股票,化學工業,3579,True,True
4716,4716.TWO,大立,上櫃,股票,化學工業,3579,True,True
4721,4721.TWO,美琪瑪,上櫃,股票,化學工業,3579,True,True
4741,4741.TWO,泓瀚,上櫃,股票,化學工業,3459,True,True
4754,4754.TWO,國碳科,上櫃,股票,化學工業,3351,True,True
4767,4767.TWO,誠泰科技,上櫃,股票,化學工業,2161,True,True
4768,4768.TWO,晶呈科技,上櫃,股票,化學工業,1638,True,True
4772,4772.TWO,台特化,上櫃,股票,化學工業,948,True,True
6509,6509.TWO,聚和,上櫃,股票,化學工業,3579,True,True
1595,1595.TWO,川寶,上櫃,股票,半導體業,3579,True,True
3105,3105.TWO,穩懋,上櫃,股票,半導體業,3579,True,True
3122,3122.TWO,笙泉,上櫃,股票,半導體業,3468,True,True
3131,3131.TWO,弘塑,上櫃,股票,半導體業,3575,True,True
3141,3141.TWO,晶宏,上櫃,股票,半導體業,3579,True,True
3169,3169.TWO,亞信,上櫃,股票,半導體業,3579,True,True
3178,3178.TWO,公準,上櫃,股票,半導體業,3579,True,True
3227,3227.TWO,原相,上櫃,股票,半導體業,3579,True,True
3228,3228.TWO,金麗科,上櫃,股票,半導體業,3579,True,True
3259,3259.TWO,鑫創,上櫃,股票,半導體業,3579,True,True
3260,3260.TWO,威剛,上櫃,股票,半導體業,3575,True,True
3264,3264.TWO,欣銓,上櫃,股票,半導體業,3575,True,True
3265,3265.TWO,台星科,上櫃,股票,半導體業,3579,True,True
3268,3268.TWO,海德威,上櫃,股票,半導體業,3579,True,True
3317,3317.TWO,尼克森,上櫃,股票,半導體業,3579,True,True
3372,3372.TWO,典範,上櫃,股票,半導體業,3579,True,True
3374,3374.TWO,精材,上櫃,股票,半導體業,3579,True,True
3438,3438.TWO,類比科,上櫃,股票,半導體業,3579,True,True
3467,3467.TWO,台灣精材,上櫃,股票,半導體業,646,True,True
3527,3527.TWO,聚積,上櫃,股票,半導體業,3579,True,True
3529,3529.TWO,力旺,上櫃,股票,半導體業,3579,True,True
3555,3555.TWO,博士旺,上櫃,股票,半導體業,3579,True,True
3556,3556.TWO,禾瑞亞,上櫃,股票,半導體業,3579,True,True
3567,3567.TWO,逸昌,上櫃,股票,半導體業,3579,True,True
3581,3581.TWO,博磊,上櫃,股票,半導體業,3579,True,True
3675,3675.TWO,德微,上櫃,股票,半導體業,3468,True,True
3680,3680.TWO,家登,上櫃,股票,半導體業,3579,True,True
3707,3707.TWO,漢磊,上櫃,股票,半導體業,3579,True,True
4749,4749.TWO,新應材,上櫃,股票,半導體業,1102,True,True
4923,4923.TWO,力士,上櫃,股票,半導體業,3465,True,True
4951,4951.TWO,精拓科,上櫃,股票,半導體業,3468,True,True
4966,4966.TWO,譜瑞-KY,上櫃,股票,半導體業,3575,True,True
4971,4971.TWO,IET-KY,上櫃,股票,半導體業,3198,True,True
4973,4973.TWO,廣穎電通,上櫃,股票,半導體業,3469,True,True
4991,4991.TWO,環宇-KY,上櫃,股票,半導體業,3459,True,True
5272,5272.TWO,笙科,上櫃,股票,半導體業,3459,True,True
5274,5274.TWO,信驊,上櫃,股票,半導體業,3466,True,True
5299,5299.TWO,杰力,上櫃,股票,半導體業,3346,True,True
5302,5302.TWO,太欣,上櫃,股票,半導體業,3579,True,True
5344,5344.TWO,立衛,上櫃,股票,半導體業,3579,True,True
5347,5347.TWO,世界,上櫃,股票,半導體業,3575,True,True
5351,5351.TWO,鈺創,上櫃,股票,半導體業,3579,True,True
5425,5425.TWO,台半,上櫃,股票,半導體業,3579,True,True
5443,5443.TWO,均豪,上櫃,股票,半導體業,3575,True,True
5468,5468.TWO,凱鈺,上櫃,股票,半導體業,3579,True,True
5483,5483.TWO,中美晶,上櫃,股票,半導體業,3579,True,True
5487,5487.TWO,通泰,上櫃,股票,半導體業,3579,True,True
6103,6103.TWO,合邦,上櫃,股票,半導體業,3579,True,True
6104,6104.TWO,創惟,上櫃,股票,半導體業,3579,True,True
6129,6129.TWO,普誠,上櫃,股票,半導體業,3579,True,True
6138,6138.TWO,茂達,上櫃,股票,半導體業,3579,True,True
6147,6147.TWO,頎邦,上櫃,股票,半導體業,3575,True,True
6182,6182.TWO,合晶,上櫃,股票,半導體業,3579,True,True
6187,6187.TWO,萬潤,上櫃,股票,半導體業,3575,True,True
6208,6208.TWO,日揚,上櫃,股票,半導體業,3579,True,True
6223,6223.TWO,旺矽,上櫃,股票,半導體業,3575,True,True
6229,6229.TWO,研通,上櫃,股票,半導體業,3579,True,True
6233,6233.TWO,旺玖,上櫃,股票,半導體業,3579,True,True
6237,6237.TWO,驊訊,上櫃,股票,半導體業,3579,True,True
6261,6261.TWO,久元,上櫃,股票,半導體業,3579,True,True
6291,6291.TWO,沛亨,上櫃,股票,半導體業,3579,True,True
6411,6411.TWO,晶焱,上櫃,股票,半導體業,3335,True,True
6423,6423.TWO,億而得,上櫃,股票,半導體業,2889,True,True
6435,6435.TWO,大中,上櫃,股票,半導體業,3101,True,True
6462,6462.TWO,神盾,上櫃,股票,半導體業,2972,True,True
6485,6485.TWO,點序,上櫃,股票,半導體業,2893,True,True
6488,6488.TWO,環球晶,上櫃,股票,半導體業,2883,True,True
6494,6494.TWO,九齊,上櫃,股票,半導體業,2843,True,True
6510,6510.TWO,精測,上櫃,股票,半導體業,2828,True,True
6532,6532.TWO,瑞耘,上櫃,股票,半導體業,2747,True,True
6548,6548.TWO,長科*,上櫃,股票,半導體業,2700,True,True
6568,6568.TWO,宏觀,上櫃,股票,半導體業,2577,True,True
6640,6640.TWO,均華,上櫃,股票,半導體業,2197,True,True
6643,6643.TWO,M31,上櫃,股票,半導體業,2170,True,True
6651,6651.TWO,全宇昕,上櫃,股票,半導體業,2161,True,True
6679,6679.TWO,鈺太,上櫃,股票,半導體業,1991,True,True
6683,6683.TWO,雍智科技,上櫃,股票,半導體業,1991,True,True
6684,6684.TWO,安格,上櫃,股票,半導體業,1991,True,True
6693,6693.TWO,廣閎科,上櫃,股票,半導體業,1857,True,True
6708,6708.TWO,天擎,上櫃,股票,半導體業,1609,True,True
6716,6716.TWO,應廣,上櫃,股票,半導體業,1868,True,True
6720,6720.TWO,久昌,上櫃,股票,半導體業,1775,True,True
6732,6732.TWO,昇佳電子,上櫃,股票,半導體業,1740,True,True
6788,6788.TWO,華景電,上櫃,股票,半導體業,1424,True,True
6823,6823.TWO,濾能,上櫃,股票,半導體業,1268,True,True
6829,6829.TWO,千附精密,上櫃,股票,半導體業,1192,True,True
6895,6895.TWO,宏碩系統,上櫃,股票,半導體業,955,True,True
6907,6907.TWO,雅特力-KY,上櫃,股票,半導體業,138,True,False
6953,6953.TWO,家碩,上櫃,股票,半導體業,770,True,True
6996,6996.TWO,力領科技,上櫃,股票,半導體業,650,True,True
7556,7556.TWO,意德士科技,上櫃,股票,半導體業,1648,True,True
7704,7704.TWO,明遠精密,上櫃,股票,半導體業,660,True,True
7712,7712.TWO,博盛半導體,上櫃,股票,半導體業,642,True,True
7734,7734.TWO,印能科技,上櫃,股票,半導體業,598,True,True
7751,7751.TWO,竑騰,上櫃,股票,半導體業,534,True,True
7770,7770.TWO,君曜,上櫃,股票,半導體業,473,True,True
7772,7772.TWO,耀穎,上櫃,股票,半導體業,285,True,True
7810,7810.TWO,捷創科技,上櫃,股票,半導體業,379,True,True
7828,7828.TWO,創新服務,上櫃,股票,半導體業,320,True,True
8024,8024.TWO,佑華,上櫃,股票,半導體業,3579,True,True
8040,8040.TWO,九暘,上櫃,股票,半導體業,3579,True,True
8054,8054.TWO,安國,上櫃,股票,半導體業,3579,True,True
8086,8086.TWO,宏捷科,上櫃,股票,半導體業,3579,True,True
8088,8088.TWO,品安,上櫃,股票,半導體業,3579,True,True
8091,8091.TWO,翔名,上櫃,股票,半導體業,3579,True,True
8102,8102.TWO,傑霖科技,上櫃,股票,半導體業,678,True,True
8227,8227.TWO,巨有科技,上櫃,股票,半導體業,3579,True,True
8277,8277.TWO,商丞,上櫃,股票,半導體業,3579,True,True
8299,8299.TWO,群聯,上櫃,股票,半導體業,3575,True,True
8383,8383.TWO,千附,上櫃,股票,半導體業,3579,True,True
4303,4303.TWO,信立,上櫃,股票,塑膠工業,3579,True,True
4304,4304.TWO,勝昱,上櫃,股票,塑膠工業,3579,True,True
4305,4305.TWO,世坤,上櫃,股票,塑膠工業,3579,True,True
9950,9950.TWO,萬國通,上櫃,股票,塑膠工業,3579,True,True
2230,2230.TWO,泰茂,上櫃,股票,居家生活,3579,True,True
2916,2916.TWO,滿心,上櫃,股票,居家生活,3579,True,True
2924,2924.TWO,宏太-KY,上櫃,股票,居家生活,3579,True,True
2937,2937.TWO,集雅社,上櫃,股票,居家生活,2545,True,True
2941,2941.TWO,米斯特,上櫃,股票,居家生活,1176,True,True
2947,2947.TWO,振宇五金,上櫃,股票,居家生活,1431,True,True
2948,2948.TWO,寶陞,上櫃,股票,居家生活,1386,True,True
3067,3067.TWO,全域,上櫃,股票,居家生活,3579,True,True
3171,3171.TWO,炎洲流通,上櫃,股票,居家生活,3579,True,True
4609,4609.TWO,唐鋒,上櫃,股票,居家生活,3579,True,True
4702,4702.TWO,中美實,上櫃,股票,居家生活,3579,True,True
5902,5902.TWO,德記,上櫃,股票,居家生活,3579,True,True
5903,5903.TWO,全家,上櫃,股票,居家生活,3575,True,True
5904,5904.TWO,寶雅*,上櫃,股票,居家生活,3579,True,True
6195,6195.TWO,詩肯,上櫃,股票,居家生活,3579,True,True
6616,6616.TWO,特昇-KY,上櫃,股票,居家生活,2095,True,True
6629,6629.TWO,泰金-KY,上櫃,股票,居家生活,1755,True,True
6728,6728.TWO,上洋,上櫃,股票,居家生活,1775,True,True
6968,6968.TWO,萬達寵物,上櫃,股票,居家生活,718,True,True
7782,7782.TWO,光速火箭,上櫃,股票,居家生活,447,True,True
7794,7794.TWO,宏碁智新,上櫃,股票,居家生活,26,True,False
8066,8066.TWO,來思達,上櫃,股票,居家生活,3579,True,True
8433,8433.TWO,弘帆,上櫃,股票,居家生活,3459,True,True
8941,8941.TWO,關中,上櫃,股票,居家生活,3579,True,True
2596,2596.TWO,綠意,上櫃,股票,建材營造,3579,True,True
2718,2718.TWO,全心投控,上櫃,股票,建材營造,3579,True,True
3188,3188.TWO,鑫龍騰,上櫃,股票,建材營造,3579,True,True
3313,3313.TWO,斐成,上櫃,股票,建材營造,3579,True,True
3489,3489.TWO,森寶,上櫃,股票,建材營造,3579,True,True
3512,3512.TWO,皇龍,上櫃,股票,建材營造,3579,True,True
3521,3521.TWO,台鋼建設,上櫃,股票,建材營造,3579,True,True
4113,4113.TWO,聯上,上櫃,股票,建材營造,3579,True,True
4416,4416.TWO,三圓,上櫃,股票,建材營造,3579,True,True
4907,4907.TWO,富宇,上櫃,股票,建材營造,3579,True,True
5206,5206.TWO,坤悅,上櫃,股票,建材營造,3579,True,True
5213,5213.TWO,亞昕,上櫃,股票,建材營造,3579,True,True
5324,5324.TWO,士開,上櫃,股票,建材營造,3579,True,True
5455,5455.TWO,昇益,上櫃,股票,建材營造,3579,True,True
5508,5508.TWO,永信建,上櫃,股票,建材營造,3579,True,True
5511,5511.TWO,德昌,上櫃,股票,建材營造,3579,True,True
5512,5512.TWO,力麒,上櫃,股票,建材營造,3579,True,True
5514,5514.TWO,三豐,上櫃,股票,建材營造,3579,True,True
5516,5516.TWO,雙喜,上櫃,股票,建材營造,3579,True,True
5520,5520.TWO,力泰,上櫃,股票,建材營造,3579,True,True
5523,5523.TWO,豐謙,上櫃,股票,建材營造,3579,True,True
5529,5529.TWO,鉅陞,上櫃,股票,建材營造,3579,True,True
5543,5543.TWO,桓鼎-KY,上櫃,股票,建材營造,2501,True,True
5547,5547.TWO,久舜,上櫃,股票,建材營造,1609,True,True
5548,5548.TWO,安倉,上櫃,股票,建材營造,922,True,True
6171,6171.TWO,大城地產,上櫃,股票,建材營造,3579,True,True
6186,6186.TWO,新潤,上櫃,股票,建材營造,3579,True,True
6198,6198.TWO,瑞築,上櫃,股票,建材營造,3579,True,True
6212,6212.TWO,理銘,上櫃,股票,建材營造,3579,True,True
6219,6219.TWO,富旺,上櫃,股票,建材營造,3579,True,True
6264,6264.TWO,富裔,上櫃,股票,建材營造,3579,True,True
8080,8080.TWO,泰霖,上櫃,股票,建材營造,3579,True,True
8424,8424.TWO,惠普,上櫃,股票,建材營造,3467,True,True
2640,2640.TWO,大車隊,上櫃,股票,數位雲端,3467,True,True
2949,2949.TWO,欣新網,上櫃,股票,數位雲端,894,True,True
3085,3085.TWO,新零售,上櫃,股票,數位雲端,3579,True,True
3687,3687.TWO,歐買尬,上櫃,股票,數位雲端,3579,True,True
5278,5278.TWO,尚凡*,上櫃,股票,數位雲端,3468,True,True
5287,5287.TWO,數字,上櫃,股票,數位雲端,3413,True,True
5321,5321.TWO,美而快,上櫃,股票,數位雲端,3579,True,True
6236,6236.TWO,中湛,上櫃,股票,數位雲端,3579,True,True
6690,6690.TWO,安碁資訊,上櫃,股票,數位雲端,1964,True,True
6741,6741.TWO,91APP*-KY,上櫃,股票,數位雲端,1280,True,True
6763,6763.TWO,綠界科技*,上櫃,股票,數位雲端,1553,True,True
6811,6811.TWO,宏碁資訊,上櫃,股票,數位雲端,1366,True,True
6865,6865.TWO,偉康科技,上櫃,股票,數位雲端,1129,True,True
6870,6870.TWO,騰雲,上櫃,股票,數位雲端,1102,True,True
6910,6910.TWO,德鴻,上櫃,股票,數位雲端,795,True,True
6925,6925.TWO,意藍,上櫃,股票,數位雲端,881,True,True
6997,6997.TWO,博弘,上櫃,股票,數位雲端,637,True,True
7547,7547.TWO,碩網,上櫃,股票,數位雲端,1348,True,True
7714,7714.TWO,創泓科技,上櫃,股票,數位雲端,640,True,True
7738,7738.TWO,東聯互動,上櫃,股票,數位雲端,534,True,True
7747,7747.TWO,昕奇雲端,上櫃,股票,數位雲端,548,True,True
7805,7805.TWO,威聯通,上櫃,股票,數位雲端,379,True,True
7839,7839.TWO,達人網,上櫃,股票,數位雲端,310,True,True
8044,8044.TWO,網家,上櫃,股票,數位雲端,3579,True,True
8472,8472.TWO,納維康,上櫃,股票,數位雲端,2831,True,True
8477,8477.TWO,創業家,上櫃,股票,數位雲端,2641,True,True
8932,8932.TWO,智通*,上櫃,股票,數位雲端,3579,True,True
2926,2926.TWO,誠品生活,上櫃,股票,文化創意業,3467,True,True
3064,3064.TWO,泰偉,上櫃,股票,文化創意業,3579,True,True
3083,3083.TWO,網龍,上櫃,股票,文化創意業,3579,True,True
3086,3086.TWO,華義*,上櫃,股票,文化創意業,3579,True,True
3293,3293.TWO,鈊象,上櫃,股票,文化創意業,3579,True,True
3546,3546.TWO,宇峻,上櫃,股票,文化創意業,3579,True,True
3629,3629.TWO,地心引力,上櫃,股票,文化創意業,3579,True,True
4806,4806.TWO,桂田文創,上櫃,股票,文化創意業,2854,True,True
4946,4946.TWO,辣椒,上櫃,股票,文化創意業,3579,True,True
5263,5263.TWO,智崴,上櫃,股票,文化創意業,3467,True,True
5478,5478.TWO,智冠,上櫃,股票,文化創意業,3579,True,True
6101,6101.TWO,寬魚國際,上櫃,股票,文化創意業,3579,True,True
6111,6111.TWO,光聚晶電,上櫃,股票,文化創意業,3579,True,True
6144,6144.TWO,得利影,上櫃,股票,文化創意業,3579,True,True
6169,6169.TWO,昱泉,上櫃,股票,文化創意業,3579,True,True
6180,6180.TWO,橘子,上櫃,股票,文化創意業,3579,True,True
6294,6294.TWO,智基,上櫃,股票,文化創意業,3579,True,True
6482,6482.TWO,弘煜科,上櫃,股票,文化創意業,2874,True,True
6542,6542.TWO,隆中,上櫃,股票,文化創意業,2722,True,True
6596,6596.TWO,寬宏藝術,上櫃,股票,文化創意業,2406,True,True
6856,6856.TWO,鑫傳,上櫃,股票,文化創意業,1122,True,True
7584,7584.TWO,樂意,上櫃,股票,文化創意業,1285,True,True
8446,8446.TWO,華研,上櫃,股票,文化創意業,3377,True,True
8450,8450.TWO,霹靂,上櫃,股票,文化創意業,3151,True,True
8923,8923.TWO,時報,上櫃,股票,文化創意業,3579,True,True
9949,9949.TWO,琉園,上櫃,股票,文化創意業,3579,True,True
8908,8908.TWO,欣雄,上櫃,股票,油電燃氣,3579,True,True
8917,8917.TWO,欣泰,上櫃,股票,油電燃氣,3579,True,True
8927,8927.TWO,北基,上櫃,股票,油電燃氣,3579,True,True
8931,8931.TWO,大汽電,上櫃,股票,油電燃氣,3579,True,True
1565,1565.TWO,精華,上櫃,股票,生技醫療,3579,True,True
1777,1777.TWO,生泰,上櫃,股票,生技醫療,3579,True,True
1781,1781.TWO,合世,上櫃,股票,生技醫療,3579,True,True
1784,1784.TWO,訊聯,上櫃,股票,生技醫療,3579,True,True
1788,1788.TWO,杏昌,上櫃,股票,生技醫療,3579,True,True
1799,1799.TWO,易威,上櫃,股票,生技醫療,3579,True,True
1813,1813.TWO,寶利徠,上櫃,股票,生技醫療,3579,True,True
3118,3118.TWO,進階,上櫃,股票,生技醫療,3579,True,True
3176,3176.TWO,基亞,上櫃,股票,生技醫療,3579,True,True
3205,3205.TWO,佰研,上櫃,股票,生技醫療,3579,True,True
3218,3218.TWO,大學光,上櫃,股票,生技醫療,3579,True,True
4102,4102.TWO,永日,上櫃,股票,生技醫療,3579,True,True
4105,4105.TWO,東洋,上櫃,股票,生技醫療,3579,True,True
4107,4107.TWO,邦特,上櫃,股票,生技醫療,3579,True,True
4109,4109.TWO,加捷生醫,上櫃,股票,生技醫療,3579,True,True
4111,4111.TWO,濟生,上櫃,股票,生技醫療,3579,True,True
4114,4114.TWO,健喬,上櫃,股票,生技醫療,3579,True,True
4116,4116.TWO,明基醫,上櫃,股票,生技醫療,3579,True,True
4120,4120.TWO,友華,上櫃,股票,生技醫療,3579,True,True
4121,4121.TWO,優盛,上櫃,股票,生技醫療,3579,True,True
4123,4123.TWO,晟德,上櫃,股票,生技醫療,3579,True,True
4126,4126.TWO,太醫,上櫃,股票,生技醫療,3579,True,True
4127,4127.TWO,天良,上櫃,股票,生技醫療,3579,True,True
4128,4128.TWO,中天,上櫃,股票,生技醫療,3575,True,True
4129,4129.TWO,聯合,上櫃,股票,生技醫療,3579,True,True
4131,4131.TWO,浩泰,上櫃,股票,生技醫療,3579,True,True
4138,4138.TWO,曜亞,上櫃,股票,生技醫療,3579,True,True
4139,4139.TWO,馬光-KY,上櫃,股票,生技醫療,3579,True,True
4147,4147.TWO,中裕,上櫃,股票,生技醫療,3468,True,True
4153,4153.TWO,鈺緯,上櫃,股票,生技醫療,3449,True,True
4157,4157.TWO,太景*-KY,上櫃,股票,生技醫療,3172,True,True
4160,4160.TWO,訊聯基因,上櫃,股票,生技醫療,3468,True,True
4161,4161.TWO,聿新科,上櫃,股票,生技醫療,3468,True,True
4162,4162.TWO,智擎,上櫃,股票,生技醫療,3468,True,True
4163,4163.TWO,鐿鈦,上櫃,股票,生技醫療,3468,True,True
4166,4166.TWO,友霖,上櫃,股票,生技醫療,3468,True,True
4167,4167.TWO,松瑞藥,上櫃,股票,生技醫療,3337,True,True
4168,4168.TWO,醣聯,上櫃,股票,生技醫療,3468,True,True
4173,4173.TWO,久裕,上櫃,股票,生技醫療,3452,True,True
4174,4174.TWO,浩鼎,上櫃,股票,生技醫療,3338,True,True
4175,4175.TWO,杏一,上櫃,股票,生技醫療,3337,True,True
4183,4183.TWO,福永生技,上櫃,股票,生技醫療,3364,True,True
4188,4188.TWO,安克,上櫃,股票,生技醫療,3091,True,True
4192,4192.TWO,杏國,上櫃,股票,生技醫療,3172,True,True
4198,4198.TWO,欣大健康,上櫃,股票,生技醫療,3125,True,True
4726,4726.TWO,永昕,上櫃,股票,生技醫療,3468,True,True
4728,4728.TWO,雙美,上櫃,股票,生技醫療,3569,True,True
4735,4735.TWO,豪展,上櫃,股票,生技醫療,3579,True,True
4743,4743.TWO,合一,上櫃,股票,生技醫療,3575,True,True
4744,4744.TWO,皇將,上櫃,股票,生技醫療,3467,True,True
4745,4745.TWO,合富-KY,上櫃,股票,生技醫療,3468,True,True
4747,4747.TWO,強生製藥,上櫃,股票,生技醫療,3459,True,True
4905,4905.TWO,台聯電,上櫃,股票,生技醫療,3579,True,True
4911,4911.TWO,德英,上櫃,股票,生技醫療,3579,True,True
5312,5312.TWO,寶島科,上櫃,股票,生技醫療,3579,True,True
6130,6130.TWO,上亞科技,上櫃,股票,生技醫療,3579,True,True
6242,6242.TWO,立康,上櫃,股票,生技醫療,3579,True,True
6461,6461.TWO,益得,上櫃,股票,生技醫療,2957,True,True
6469,6469.TWO,大樹,上櫃,股票,生技醫療,2841,True,True
6492,6492.TWO,生華科,上櫃,股票,生技醫療,2858,True,True
6496,6496.TWO,科懋,上櫃,股票,生技醫療,2843,True,True
6499,6499.TWO,益安,上櫃,股票,生技醫療,2854,True,True
6523,6523.TWO,達爾膚,上櫃,股票,生技醫療,2754,True,True
6527,6527.TWO,明達醫,上櫃,股票,生技醫療,2754,True,True
6535,6535.TWO,順藥,上櫃,股票,生技醫療,2701,True,True
6547,6547.TWO,高端疫苗,上櫃,股票,生技醫療,2666,True,True
6569,6569.TWO,醫揚,上櫃,股票,生技醫療,2584,True,True
6574,6574.TWO,霈方,上櫃,股票,生技醫療,2466,True,True
6576,6576.TWO,逸達,上櫃,股票,生技醫療,2530,True,True
6612,6612.TWO,奈米醫材,上櫃,股票,生技醫療,2350,True,True
6615,6615.TWO,慧智,上櫃,股票,生技醫療,2324,True,True
6617,6617.TWO,共信-KY,上櫃,股票,生技醫療,2324,True,True
6620,6620.TWO,漢達,上櫃,股票,生技醫療,2347,True,True
6637,6637.TWO,醫影,上櫃,股票,生技醫療,2229,True,True
6649,6649.TWO,台生材,上櫃,股票,生技醫療,2187,True,True
6661,6661.TWO,威健生技,上櫃,股票,生技醫療,2151,True,True
6662,6662.TWO,樂斯科,上櫃,股票,生技醫療,2098,True,True
6703,6703.TWO,軒郁,上櫃,股票,生技醫療,1909,True,True
6712,6712.TWO,長聖,上櫃,股票,生技醫療,1900,True,True
6730,6730.TWO,常廣,上櫃,股票,生技醫療,1651,True,True
6733,6733.TWO,博晟生醫,上櫃,股票,生技醫療,1740,True,True
6762,6762.TWO,達亞,上櫃,股票,生技醫療,1617,True,True
6767,6767.TWO,台微醫,上櫃,股票,生技醫療,1634,True,True
6785,6785.TWO,昱展新藥,上櫃,股票,生技醫療,1431,True,True
6841,6841.TWO,長佳智能,上櫃,股票,生技醫療,1201,True,True
6844,6844.TWO,諾貝兒,上櫃,股票,生技醫療,1160,True,True
6872,6872.TWO,浩宇生醫,上櫃,股票,生技醫療,1015,True,True
6875,6875.TWO,國邑*,上櫃,股票,生技醫療,1097,True,True
6929,6929.TWO,佑全,上櫃,股票,生技醫療,779,True,True
6945,6945.TWO,圓祥生技,上櫃,股票,生技醫療,759,True,True
6986,6986.TWO,和迅,上櫃,股票,生技醫療,660,True,True
7713,7713.TWO,威力德生醫,上櫃,股票,生技醫療,642,True,True
7814,7814.TWO,海昌生技,上櫃,股票,生技醫療,379,True,True
8279,8279.TWO,生展,上櫃,股票,生技醫療,2873,True,True
8403,8403.TWO,盛弘,上櫃,股票,生技醫療,3579,True,True
8409,8409.TWO,商之器,上櫃,股票,生技醫療,3452,True,True
8432,8432.TWO,東生華,上櫃,股票,生技醫療,3504,True,True
8436,8436.TWO,大江,上櫃,股票,生技醫療,3468,True,True
4401,4401.TWO,東隆興,上櫃,股票,紡織纖維,3579,True,True
4402,4402.TWO,郡都開發,上櫃,股票,紡織纖維,3579,True,True
4406,4406.TWO,新昕纖,上櫃,股票,紡織纖維,3579,True,True
4413,4413.TWO,飛寶企業,上櫃,股票,紡織纖維,3579,True,True
4417,4417.TWO,金洲,上櫃,股票,紡織纖維,3579,True,True
4420,4420.TWO,光明,上櫃,股票,紡織纖維,3579,True,True
4432,4432.TWO,銘旺實,上櫃,股票,紡織纖維,3468,True,True
4433,4433.TWO,興采,上櫃,股票,紡織纖維,3305,True,True
4442,4442.TWO,竣邦-KY,上櫃,股票,紡織纖維,665,True,True
6506,6506.TWO,雙邦,上櫃,股票,紡織纖維,3579,True,True
3073,3073.TWO,天方能源,上櫃,股票,綠能環保,3579,True,True
3551,3551.TWO,世禾,上櫃,股票,綠能環保,3579,True,True
3713,3713.TWO,新晶投控,上櫃,股票,綠能環保,1575,True,True
4924,4924.TWO,欣厚-KY,上櫃,股票,綠能環保,3579,True,True
5205,5205.TWO,中茂,上櫃,股票,綠能環保,3579,True,True
5432,5432.TWO,新門,上櫃,股票,綠能環保,3579,True,True
6624,6624.TWO,萬年清,上櫃,股票,綠能環保,2294,True,True
6692,6692.TWO,進能服,上櫃,股票,綠能環保,1913,True,True
6803,6803.TWO,崑鼎,上櫃,股票,綠能環保,3579,True,True
6894,6894.TWO,衛司特,上櫃,股票,綠能環保,986,True,True
6971,6971.TWO,惠民實業,上櫃,股票,綠能環保,642,True,True
7715,7715.TWO,裕山,上櫃,股票,綠能環保,633,True,True
7820,7820.TWO,立盈,上櫃,股票,綠能環保,332,True,True
7842,7842.TWO,天能綠電,上櫃,股票,綠能環保,298,True,True
8087,8087.TWO,麗升能源,上櫃,股票,綠能環保,3579,True,True
8171,8171.TWO,天宇,上櫃,股票,綠能環保,3579,True,True
8390,8390.TWO,金益鼎,上櫃,股票,綠能環保,3579,True,True
8423,8423.TWO,保綠-KY,上櫃,股票,綠能環保,3536,True,True
8440,8440.TWO,綠電,上櫃,股票,綠能環保,3468,True,True
2641,2641.TWO,正德,上櫃,股票,航運業,3467,True,True
2643,2643.TWO,捷迅,上櫃,股票,航運業,2865,True,True
5601,5601.TWO,台聯櫃,上櫃,股票,航運業,3579,True,True
5603,5603.TWO,陸海,上櫃,股票,航運業,3579,True,True
5609,5609.TWO,中菲行,上櫃,股票,航運業,3579,True,True
7716,7716.TWO,昱臺國際,上櫃,股票,航運業,560,True,True
1259,1259.TWO,安心,上櫃,股票,觀光餐旅,3579,True,True
1268,1268.TWO,漢來美食,上櫃,股票,觀光餐旅,2596,True,True
2719,2719.TWO,燦星旅,上櫃,股票,觀光餐旅,3579,True,True
2726,2726.TWO,雅茗-KY,上櫃,股票,觀光餐旅,2843,True,True
2729,2729.TWO,瓦城,上櫃,股票,觀光餐旅,3468,True,True
2732,2732.TWO,六角,上櫃,股票,觀光餐旅,3338,True,True
2734,2734.TWO,易飛網,上櫃,股票,觀光餐旅,3292,True,True
2736,2736.TWO,富野,上櫃,股票,觀光餐旅,3100,True,True
2740,2740.TWO,華軒,上櫃,股票,觀光餐旅,2841,True,True
2743,2743.TWO,山富,上櫃,股票,觀光餐旅,2788,True,True
2745,2745.TWO,五福,上櫃,股票,觀光餐旅,2666,True,True
2751,2751.TWO,王座,上櫃,股票,觀光餐旅,766,True,True
2752,2752.TWO,豆府,上櫃,股票,觀光餐旅,1942,True,True
2754,2754.TWO,亞洲藏壽司,上櫃,股票,觀光餐旅,1740,True,True
2755,2755.TWO,揚秦,上櫃,股票,觀光餐旅,1722,True,True
2756,2756.TWO,聯發國際,上櫃,股票,觀光餐旅,1366,True,True
3252,3252.TWO,海灣,上櫃,股票,觀光餐旅,3579,True,True
3522,3522.TWO,御嵿,上櫃,股票,觀光餐旅,3579,True,True
4419,4419.TWO,皇家美食,上櫃,股票,觀光餐旅,3579,True,True
4530,4530.TWO,天意能創,上櫃,股票,觀光餐旅,3579,True,True
4804,4804.TWO,大略-KY,上櫃,股票,觀光餐旅,2841,True,True
5301,5301.TWO,寶得利,上櫃,股票,觀光餐旅,3579,True,True
5364,5364.TWO,力麗店,上櫃,股票,觀光餐旅,3579,True,True
5701,5701.TWO,劍湖山,上櫃,股票,觀光餐旅,3579,True,True
5703,5703.TWO,亞都麗緻,上櫃,股票,觀光餐旅,3579,True,True
5704,5704.TWO,老爺知,上櫃,股票,觀光餐旅,3579,True,True
5905,5905.TWO,南仁湖,上櫃,股票,觀光餐旅,3579,True,True
6961,6961.TWO,旅天下,上櫃,股票,觀光餐旅,748,True,True
7708,7708.TWO,全家餐飲,上櫃,股票,觀光餐旅,646,True,True
7723,7723.TWO,築間,上櫃,股票,觀光餐旅,642,True,True
7757,7757.TWO,金色三麥,上櫃,股票,觀光餐旅,522,True,True
8077,8077.TWO,洛碁,上櫃,股票,觀光餐旅,3579,True,True
3147,3147.TWO,大綜,上櫃,股票,資訊服務業,3151,True,True
3158,3158.TWO,嘉實,上櫃,股票,資訊服務業,1809,True,True
3570,3570.TWO,大塚,上櫃,股票,資訊服務業,3579,True,True
4953,4953.TWO,緯致,上櫃,股票,資訊服務業,3465,True,True
5201,5201.TWO,凱衛,上櫃,股票,資訊服務業,3579,True,True
5202,5202.TWO,力新,上櫃,股票,資訊服務業,3579,True,True
5210,5210.TWO,寶碩,上櫃,股票,資訊服務業,3579,True,True
5211,5211.TWO,蒙恬,上櫃,股票,資訊服務業,3579,True,True
5212,5212.TWO,凌網,上櫃,股票,資訊服務業,3579,True,True
5310,5310.TWO,天剛,上櫃,股票,資訊服務業,3579,True,True
5403,5403.TWO,中菲,上櫃,股票,資訊服務業,3579,True,True
5410,5410.TWO,國眾,上櫃,股票,資訊服務業,3579,True,True
6123,6123.TWO,上奇,上櫃,股票,資訊服務業,3579,True,True
6140,6140.TWO,訊達電腦,上櫃,股票,資訊服務業,3579,True,True
6148,6148.TWO,驊宏資,上櫃,股票,資訊服務業,3579,True,True
6163,6163.TWO,華電網,上櫃,股票,資訊服務業,3579,True,True
6221,6221.TWO,晉泰,上櫃,股票,資訊服務業,3579,True,True
6231,6231.TWO,系微,上櫃,股票,資訊服務業,3579,True,True
6240,6240.TWO,松崗,上櫃,股票,資訊服務業,3579,True,True
6516,6516.TWO,勤崴國際,上櫃,股票,資訊服務業,2822,True,True
6590,6590.TWO,普鴻,上櫃,股票,資訊服務業,2416,True,True
6593,6593.TWO,台灣銘板,上櫃,股票,資訊服務業,2407,True,True
6697,6697.TWO,東捷資訊,上櫃,股票,資訊服務業,1913,True,True
6751,6751.TWO,智聯服務,上櫃,股票,資訊服務業,1645,True,True
6752,6752.TWO,叡揚,上櫃,股票,資訊服務業,1609,True,True
6791,6791.TWO,虎門科技,上櫃,股票,資訊服務業,1291,True,True
6874,6874.TWO,倍力,上櫃,股票,資訊服務業,1048,True,True
6884,6884.TWO,海柏特,上櫃,股票,資訊服務業,1021,True,True
7767,7767.TWO,仁大資訊,上櫃,股票,資訊服務業,440,True,True
7819,7819.TWO,精誠金融,上櫃,股票,資訊服務業,376,True,True
8099,8099.TWO,大世科,上櫃,股票,資訊服務業,3579,True,True
8272,8272.TWO,全景軟體,上櫃,股票,資訊服務業,692,True,True
8284,8284.TWO,三竹,上櫃,股票,資訊服務業,3371,True,True
8416,8416.TWO,實威,上櫃,股票,資訊服務業,3467,True,True
1240,1240.TWO,茂生農經,上櫃,股票,農業科技,2208,True,True
4171,4171.TWO,瑞基,上櫃,股票,農業科技,3361,True,True
6508,6508.TWO,惠光,上櫃,股票,農業科技,3579,True,True
6578,6578.TWO,達邦蛋白,上櫃,股票,農業科技,2457,True,True
3081,3081.TWO,聯亞,上櫃,股票,通信網路業,2959,True,True
3095,3095.TWO,及成,上櫃,股票,通信網路業,3579,True,True
3152,3152.TWO,璟德,上櫃,股票,通信網路業,3579,True,True
3163,3163.TWO,波若威,上櫃,股票,通信網路業,3468,True,True
3221,3221.TWO,台嘉碩,上櫃,股票,通信網路業,3579,True,True
3234,3234.TWO,光環,上櫃,股票,通信網路業,3579,True,True
3306,3306.TWO,鼎天,上櫃,股票,通信網路業,3579,True,True
3363,3363.TWO,上詮,上櫃,股票,通信網路業,3575,True,True
3466,3466.TWO,德晉,上櫃,股票,通信網路業,3579,True,True
3491,3491.TWO,昇達科,上櫃,股票,通信網路業,3579,True,True
3499,3499.TWO,環天科,上櫃,股票,通信網路業,3579,True,True
3558,3558.TWO,神準,上櫃,股票,通信網路業,3579,True,True
3564,3564.TWO,其陽,上櫃,股票,通信網路業,3579,True,True
3632,3632.TWO,研勤,上櫃,股票,通信網路業,3579,True,True
3664,3664.TWO,安瑞-KY,上櫃,股票,通信網路業,3579,True,True
3672,3672.TWO,康聯訊,上櫃,股票,通信網路業,3080,True,True
3684,3684.TWO,榮昌,上櫃,股票,通信網路業,3468,True,True
4903,4903.TWO,聯光通,上櫃,股票,通信網路業,3579,True,True
4908,4908.TWO,前鼎,上櫃,股票,通信網路業,3579,True,True
4909,4909.TWO,新復興,上櫃,股票,通信網路業,3579,True,True
4979,4979.TWO,華星光,上櫃,股票,通信網路業,3575,True,True
5353,5353.TWO,台林,上櫃,股票,通信網路業,3579,True,True
6109,6109.TWO,亞元,上櫃,股票,通信網路業,3579,True,True
6143,6143.TWO,振曜,上櫃,股票,通信網路業,3579,True,True
6170,6170.TWO,統振,上櫃,股票,通信網路業,3579,True,True
6190,6190.TWO,萬泰科,上櫃,股票,通信網路業,3579,True,True
6218,6218.TWO,豪勉,上櫃,股票,通信網路業,3579,True,True
6241,6241.TWO,鑫永洋,上櫃,股票,通信網路業,3579,True,True
6245,6245.TWO,立端,上櫃,股票,通信網路業,3579,True,True
6263,6263.TWO,普萊德,上櫃,股票,通信網路業,3579,True,True
6417,6417.TWO,韋僑,上櫃,股票,通信網路業,3286,True,True
6465,6465.TWO,威潤,上櫃,股票,通信網路業,2963,True,True
6470,6470.TWO,宇智,上櫃,股票,通信網路業,2909,True,True
6486,6486.TWO,互動,上櫃,股票,通信網路業,2866,True,True
6530,6530.TWO,創威,上櫃,股票,通信網路業,2722,True,True
6546,6546.TWO,正基,上櫃,股票,通信網路業,2701,True,True
6561,6561.TWO,是方,上櫃,股票,通信網路業,2229,True,True
6588,6588.TWO,東典光電,上櫃,股票,通信網路業,2433,True,True
7717,7717.TWO,萊德光電-KY,上櫃,股票,通信網路業,189,True,False
8034,8034.TWO,榮群,上櫃,股票,通信網路業,3579,True,True
8048,8048.TWO,德勝,上櫃,股票,通信網路業,3579,True,True
8059,8059.TWO,凱碩,上櫃,股票,通信網路業,3579,True,True
8089,8089.TWO,康全電訊,上櫃,股票,通信網路業,1937,True,True
8097,8097.TWO,常珵,上櫃,股票,通信網路業,3579,True,True
8176,8176.TWO,智捷,上櫃,股票,通信網路業,3579,True,True
1593,1593.TWO,祺驊,上櫃,股票,運動休閒,3473,True,True
5348,5348.TWO,正能量智能,上櫃,股票,運動休閒,3579,True,True
6804,6804.TWO,明係,上櫃,股票,運動休閒,1391,True,True
7811,7811.TWO,民盛,上櫃,股票,運動休閒,379,True,True
8924,8924.TWO,大田,上櫃,股票,運動休閒,3579,True,True
8928,8928.TWO,鉅明,上櫃,股票,運動休閒,3579,True,True
8933,8933.TWO,愛地雅,上櫃,股票,運動休閒,3579,True,True
8938,8938.TWO,明安,上櫃,股票,運動休閒,3579,True,True
9960,9960.TWO,邁達康,上櫃,股票,運動休閒,3579,True,True
5864,5864.TWO,致和證,上櫃,股票,金融保險,3468,True,True
5878,5878.TWO,台名,上櫃,股票,金融保險,3116,True,True
6015,6015.TWO,宏遠證,上櫃,股票,金融保險,3579,True,True
6016,6016.TWO,康和證,上櫃,股票,金融保險,3579,True,True
6020,6020.TWO,大展證,上櫃,股票,金融保險,3579,True,True
6021,6021.TWO,美好證,上櫃,股票,金融保險,3579,True,True
6023,6023.TWO,元大期貨,上櫃,股票,金融保險,3579,True,True
6026,6026.TWO,福邦證,上櫃,股票,金融保險,2905,True,True
6028,6028.TWO,公勝保經,上櫃,股票,金融保險,1816,True,True
2035,2035.TWO,唐榮公司,上櫃,股票,鋼鐵工業,3579,True,True
2063,2063.TWO,世鎧精密,上櫃,股票,鋼鐵工業,3579,True,True
2064,2064.TWO,晉椿,上櫃,股票,鋼鐵工業,3459,True,True
2065,2065.TWO,世豐,上櫃,股票,鋼鐵工業,3281,True,True
2073,2073.TWO,雄順,上櫃,股票,鋼鐵工業,1196,True,True
4950,4950.TWO,金耘國際,上櫃,股票,鋼鐵工業,3504,True,True
5009,5009.TWO,榮剛,上櫃,股票,鋼鐵工業,3579,True,True
5011,5011.TWO,久陽,上櫃,股票,鋼鐵工業,3579,True,True
5013,5013.TWO,強新,上櫃,股票,鋼鐵工業,3579,True,True
5014,5014.TWO,建錩,上櫃,股票,鋼鐵工業,3579,True,True
5015,5015.TWO,華祺,上櫃,股票,鋼鐵工業,3579,True,True
5016,5016.TWO,松和,上櫃,股票,鋼鐵工業,3579,True,True
6248,6248.TWO,沛波,上櫃,股票,鋼鐵工業,3579,True,True
8349,8349.TWO,恒耀國際,上櫃,股票,鋼鐵工業,3579,True,True
8415,8415.TWO,大國鋼,上櫃,股票,鋼鐵工業,3420,True,True
8930,8930.TWO,青鋼,上櫃,股票,鋼鐵工業,3579,True,True
9962,9962.TWO,有益,上櫃,股票,鋼鐵工業,3579,True,True
2061,2061.TWO,風青,上櫃,股票,電器電纜,3579,True,True
3224,3224.TWO,三顧,上櫃,股票,電子通路業,3579,True,True
3232,3232.TWO,昱捷,上櫃,股票,電子通路業,3579,True,True
3360,3360.TWO,尚立,上櫃,股票,電子通路業,3579,True,True
3444,3444.TWO,利機,上櫃,股票,電子通路業,3579,True,True
6113,6113.TWO,亞矽,上櫃,股票,電子通路業,3579,True,True
6118,6118.TWO,建達,上櫃,股票,電子通路業,3579,True,True
6154,6154.TWO,順發,上櫃,股票,電子通路業,3579,True,True
6227,6227.TWO,茂綸,上櫃,股票,電子通路業,3579,True,True
6265,6265.TWO,方土昶,上櫃,股票,電子通路業,3579,True,True
6270,6270.TWO,倍微,上櫃,股票,電子通路業,3579,True,True
6474,6474.TWO,華豫寧,上櫃,股票,電子通路業,2077,True,True
8032,8032.TWO,光菱,上櫃,股票,電子通路業,3579,True,True
8067,8067.TWO,志旭,上櫃,股票,電子通路業,3579,True,True
8068,8068.TWO,全達,上櫃,股票,電子通路業,3579,True,True
8084,8084.TWO,巨虹,上櫃,股票,電子通路業,3579,True,True
8096,8096.TWO,擎亞,上櫃,股票,電子通路業,3579,True,True
1336,1336.TWO,台翰,上櫃,股票,電子零組件,3579,True,True
1815,1815.TWO,富喬,上櫃,股票,電子零組件,3579,True,True
3078,3078.TWO,僑威,上櫃,股票,電子零組件,3579,True,True
3114,3114.TWO,好德,上櫃,股票,電子零組件,3579,True,True
3115,3115.TWO,富榮綱,上櫃,股票,電子零組件,3579,True,True
3191,3191.TWO,雲嘉南,上櫃,股票,電子零組件,3579,True,True
3206,3206.TWO,志豐,上櫃,股票,電子零組件,3579,True,True
3207,3207.TWO,耀勝,上櫃,股票,電子零組件,3579,True,True
3217,3217.TWO,優群,上櫃,股票,電子零組件,3579,True,True
3236,3236.TWO,千如,上櫃,股票,電子零組件,3579,True,True
3276,3276.TWO,宇環,上櫃,股票,電子零組件,3579,True,True
3288,3288.TWO,點晶,上櫃,股票,電子零組件,3579,True,True
3290,3290.TWO,東浦,上櫃,股票,電子零組件,3579,True,True
3294,3294.TWO,英濟,上櫃,股票,電子零組件,3579,True,True
3310,3310.TWO,佳穎,上櫃,股票,電子零組件,3579,True,True
3322,3322.TWO,建舜電,上櫃,股票,電子零組件,3579,True,True
3332,3332.TWO,幸康,上櫃,股票,電子零組件,3579,True,True
3354,3354.TWO,律勝,上櫃,股票,電子零組件,3579,True,True
3357,3357.TWO,臺慶科,上櫃,股票,電子零組件,3467,True,True
3388,3388.TWO,崇越電,上櫃,股票,電子零組件,3579,True,True
3390,3390.TWO,旭軟,上櫃,股票,電子零組件,3579,True,True
3484,3484.TWO,崧騰,上櫃,股票,電子零組件,3579,True,True
3485,3485.TWO,敘豐,上櫃,股票,電子零組件,3396,True,True
3492,3492.TWO,長盛,上櫃,股票,電子零組件,3579,True,True
3511,3511.TWO,矽瑪,上櫃,股票,電子零組件,3579,True,True
3520,3520.TWO,華盈,上櫃,股票,電子零組件,3579,True,True
3526,3526.TWO,凡甲,上櫃,股票,電子零組件,3579,True,True
3537,3537.TWO,堡達,上櫃,股票,電子零組件,3579,True,True
3548,3548.TWO,兆利,上櫃,股票,電子零組件,3579,True,True
3597,3597.TWO,映興,上櫃,股票,電子零組件,3465,True,True
3609,3609.TWO,三一東林,上櫃,股票,電子零組件,3579,True,True
3624,3624.TWO,光頡,上櫃,股票,電子零組件,3579,True,True
3631,3631.TWO,晟楠,上櫃,股票,電子零組件,3579,True,True
3646,3646.TWO,艾恩特,上櫃,股票,電子零組件,3523,True,True
3689,3689.TWO,湧德,上櫃,股票,電子零組件,3467,True,True
3710,3710.TWO,連展投控,上櫃,股票,電子零組件,3579,True,True
4542,4542.TWO,科嶠,上櫃,股票,電子零組件,3338,True,True
4939,4939.TWO,亞電,上櫃,股票,電子零組件,3579,True,True
4974,4974.TWO,亞泰,上櫃,股票,電子零組件,3579,True,True
5227,5227.TWO,立凱-KY,上櫃,股票,電子零組件,3104,True,True
5228,5228.TWO,鈺鎧,上櫃,股票,電子零組件,2788,True,True
5291,5291.TWO,邑昇,上櫃,股票,電子零組件,3172,True,True
5309,5309.TWO,系統電,上櫃,股票,電子零組件,3579,True,True
5328,5328.TWO,華容,上櫃,股票,電子零組件,3579,True,True
5340,5340.TWO,建榮,上櫃,股票,電子零組件,3579,True,True
5355,5355.TWO,佳總,上櫃,股票,電子零組件,3579,True,True
5439,5439.TWO,高技,上櫃,股票,電子零組件,3579,True,True
5457,5457.TWO,宣德,上櫃,股票,電子零組件,3579,True,True
5460,5460.TWO,同協,上櫃,股票,電子零組件,3579,True,True
5464,5464.TWO,霖宏,上櫃,股票,電子零組件,3579,True,True
5475,5475.TWO,德宏,上櫃,股票,電子零組件,3579,True,True
5488,5488.TWO,松普,上櫃,股票,電子零組件,3579,True,True
5498,5498.TWO,凱崴,上櫃,股票,電子零組件,3579,True,True
6114,6114.TWO,久威,上櫃,股票,電子零組件,3579,True,True
6124,6124.TWO,業強,上櫃,股票,電子零組件,3579,True,True
6126,6126.TWO,信音,上櫃,股票,電子零組件,3579,True,True
6127,6127.TWO,九豪,上櫃,股票,電子零組件,3579,True,True
6134,6134.TWO,萬旭,上櫃,股票,電子零組件,3579,True,True
6156,6156.TWO,松上,上櫃,股票,電子零組件,3579,True,True
6158,6158.TWO,禾昌,上櫃,股票,電子零組件,3579,True,True
6173,6173.TWO,信昌電,上櫃,股票,電子零組件,3579,True,True
6174,6174.TWO,安碁,上櫃,股票,電子零組件,3579,True,True
6175,6175.TWO,立敦,上櫃,股票,電子零組件,3579,True,True
6185,6185.TWO,幃翔,上櫃,股票,電子零組件,3579,True,True
6194,6194.TWO,育富,上櫃,股票,電子零組件,3579,True,True
6203,6203.TWO,海韻電,上櫃,股票,電子零組件,3579,True,True
6204,6204.TWO,艾華,上櫃,股票,電子零組件,3579,True,True
6207,6207.TWO,雷科,上櫃,股票,電子零組件,3579,True,True
6210,6210.TWO,慶生,上櫃,股票,電子零組件,3579,True,True
6217,6217.TWO,中探針,上櫃,股票,電子零組件,3579,True,True
6220,6220.TWO,岳豐,上櫃,股票,電子零組件,3579,True,True
6259,6259.TWO,百徽,上櫃,股票,電子零組件,3579,True,True
6266,6266.TWO,泰詠,上櫃,股票,電子零組件,3579,True,True
6274,6274.TWO,台燿,上櫃,股票,電子零組件,3575,True,True
6275,6275.TWO,元山,上櫃,股票,電子零組件,3579,True,True
6279,6279.TWO,胡連,上櫃,股票,電子零組件,3575,True,True
6284,6284.TWO,佳邦,上櫃,股票,電子零組件,3579,True,True
6290,6290.TWO,良維,上櫃,股票,電子零組件,3579,True,True
6292,6292.TWO,迅德,上櫃,股票,電子零組件,3579,True,True
6418,6418.TWO,詠昇,上櫃,股票,電子零組件,3331,True,True
6432,6432.TWO,今展科,上櫃,股票,電子零組件,2972,True,True
6538,6538.TWO,倉和,上櫃,股票,電子零組件,2693,True,True
6584,6584.TWO,南俊國際,上櫃,股票,電子零組件,2451,True,True
6597,6597.TWO,立誠,上櫃,股票,電子零組件,2098,True,True
6642,6642.TWO,富致,上櫃,股票,電子零組件,2151,True,True
6664,6664.TWO,群翊,上櫃,股票,電子零組件,2145,True,True
6727,6727.TWO,亞泰金屬,上櫃,股票,電子零組件,1760,True,True
6761,6761.TWO,穩得,上櫃,股票,電子零組件,1609,True,True
6821,6821.TWO,聯寶,上櫃,股票,電子零組件,1305,True,True
6913,6913.TWO,鴻呈,上櫃,股票,電子零組件,939,True,True
6967,6967.TWO,汎瑋材料,上櫃,股票,電子零組件,700,True,True
7744,7744.TWO,崴寶,上櫃,股票,電子零組件,456,True,True
8038,8038.TWO,長園科,上櫃,股票,電子零組件,3579,True,True
8042,8042.TWO,金山電,上櫃,股票,電子零組件,3579,True,True
8043,8043.TWO,蜜望實,上櫃,股票,電子零組件,3579,True,True
8071,8071.TWO,能率網通,上櫃,股票,電子零組件,3579,True,True
8074,8074.TWO,鉅橡,上櫃,股票,電子零組件,3579,True,True
8093,8093.TWO,保銳,上櫃,股票,電子零組件,3579,True,True
8109,8109.TWO,博大,上櫃,股票,電子零組件,3579,True,True
8121,8121.TWO,越峰,上櫃,股票,電子零組件,3579,True,True
8147,8147.TWO,正淩,上櫃,股票,電子零組件,3468,True,True
8155,8155.TWO,博智,上櫃,股票,電子零組件,3459,True,True
8182,8182.TWO,加高,上櫃,股票,電子零組件,3579,True,True
8289,8289.TWO,泰藝,上櫃,股票,電子零組件,3579,True,True
8291,8291.TWO,尚茂,上櫃,股票,電子零組件,3579,True,True
8358,8358.TWO,金居,上櫃,股票,電子零組件,3579,True,True
1570,1570.TWO,力肯,上櫃,股票,電機機械,3579,True,True
1580,1580.TWO,新麥,上櫃,股票,電機機械,3579,True,True
1586,1586.TWO,和勤,上櫃,股票,電機機械,3569,True,True
1591,1591.TWO,駿吉-KY,上櫃,股票,電機機械,3529,True,True
1599,1599.TWO,宏佳騰,上櫃,股票,電機機械,3465,True,True
2066,2066.TWO,世德,上櫃,股票,電機機械,3430,True,True
2067,2067.TWO,嘉鋼,上櫃,股票,電機機械,3371,True,True
2070,2070.TWO,精湛,上櫃,股票,電機機械,2530,True,True
2235,2235.TWO,謚源,上櫃,股票,電機機械,3430,True,True
3162,3162.TWO,精確,上櫃,股票,電機機械,3579,True,True
3226,3226.TWO,龍鋒,上櫃,股票,電機機械,3579,True,True
3379,3379.TWO,彬台,上櫃,股票,電機機械,3579,True,True
3685,3685.TWO,元創精密,上櫃,股票,電機機械,3579,True,True
4502,4502.TWO,健信,上櫃,股票,電機機械,3579,True,True
4503,4503.TWO,金雨,上櫃,股票,電機機械,3579,True,True
4506,4506.TWO,崇友,上櫃,股票,電機機械,3579,True,True
4510,4510.TWO,高鋒,上櫃,股票,電機機械,3579,True,True
4513,4513.TWO,福裕,上櫃,股票,電機機械,3579,True,True
4523,4523.TWO,永彰,上櫃,股票,電機機械,3579,True,True
4527,4527.TWO,方方土霖,上櫃,股票,電機機械,3579,True,True
4528,4528.TWO,江興鍛,上櫃,股票,電機機械,3579,True,True
4533,4533.TWO,協易機,上櫃,股票,電機機械,3579,True,True
4534,4534.TWO,慶騰,上櫃,股票,電機機械,3579,True,True
4535,4535.TWO,至興,上櫃,股票,電機機械,3579,True,True
4538,4538.TWO,大詠城,上櫃,股票,電機機械,3468,True,True
4543,4543.TWO,萬在,上櫃,股票,電機機械,2900,True,True
4549,4549.TWO,桓達,上櫃,股票,電機機械,3105,True,True
4550,4550.TWO,長佳,上櫃,股票,電機機械,3114,True,True
4558,4558.TWO,寶緯,上櫃,股票,電機機械,2873,True,True
4561,4561.TWO,健椿,上櫃,股票,電機機械,2367,True,True
4563,4563.TWO,百德,上櫃,股票,電機機械,2485,True,True
4568,4568.TWO,科際精密,上櫃,股票,電機機械,2145,True,True
4580,4580.TWO,捷流閥業,上櫃,股票,電機機械,1867,True,True
4584,4584.TWO,君帆,上櫃,股票,電機機械,1188,True,True
5381,5381.TWO,光譜,上櫃,股票,電機機械,3579,True,True
6122,6122.TWO,擎邦,上櫃,股票,電機機械,3579,True,True
6125,6125.TWO,廣運,上櫃,股票,電機機械,3579,True,True
6425,6425.TWO,易發,上櫃,股票,電機機械,3186,True,True
6603,6603.TWO,富強鑫,上櫃,股票,電機機械,3579,True,True
6609,6609.TWO,瀧澤科,上櫃,股票,電機機械,3579,True,True
6843,6843.TWO,進典,上櫃,股票,電機機械,1109,True,True
6982,6982.TWO,大井泵浦,上櫃,股票,電機機械,700,True,True
7642,7642.TWO,昶瑞機電,上櫃,股票,電機機械,642,True,True
7709,7709.TWO,榮田,上櫃,股票,電機機械,637,True,True
7718,7718.TWO,友鋮,上櫃,股票,電機機械,612,True,True
8027,8027.TWO,鈦昇,上櫃,股票,電機機械,3579,True,True
8083,8083.TWO,瑞穎,上櫃,股票,電機機械,3579,True,True
8107,8107.TWO,大億金茂,上櫃,股票,電機機械,3579,True,True
8255,8255.TWO,朋程,上櫃,股票,電機機械,3579,True,True
9951,9951.TWO,皇田,上櫃,股票,電機機械,3575,True,True
1569,1569.TWO,濱川,上櫃,股票,電腦及週邊設備,3579,True,True
3071,3071.TWO,協禧,上櫃,股票,電腦及週邊設備,3579,True,True
3088,3088.TWO,艾訊,上櫃,股票,電腦及週邊設備,3579,True,True
3211,3211.TWO,順達,上櫃,股票,電腦及週邊設備,3579,True,True
3213,3213.TWO,茂訊,上櫃,股票,電腦及週邊設備,3579,True,True
3272,3272.TWO,東碩,上櫃,股票,電腦及週邊設備,3579,True,True
3287,3287.TWO,廣寰科,上櫃,股票,電腦及週邊設備,3579,True,True
3323,3323.TWO,加百裕,上櫃,股票,電腦及週邊設備,3579,True,True
3325,3325.TWO,旭品,上櫃,股票,電腦及週邊設備,3579,True,True
3349,3349.TWO,寶德,上櫃,股票,電腦及週邊設備,3579,True,True
3479,3479.TWO,安勤,上櫃,股票,電腦及週邊設備,3579,True,True
3483,3483.TWO,力致,上櫃,股票,電腦及週邊設備,3579,True,True
3540,3540.TWO,曜越,上櫃,股票,電腦及週邊設備,3579,True,True
3577,3577.TWO,泓格,上櫃,股票,電腦及週邊設備,3579,True,True
3594,3594.TWO,磐儀,上櫃,股票,電腦及週邊設備,3579,True,True
3611,3611.TWO,鼎翰,上櫃,股票,電腦及週邊設備,3579,True,True
3625,3625.TWO,西勝,上櫃,股票,電腦及週邊設備,3579,True,True
3693,3693.TWO,營邦,上櫃,股票,電腦及週邊設備,3467,True,True
3709,3709.TWO,鑫聯大投控,上櫃,股票,電腦及週邊設備,2184,True,True
4931,4931.TWO,新盛力,上櫃,股票,電腦及週邊設備,3391,True,True
5223,5223.TWO,安力-KY,上櫃,股票,電腦及週邊設備,1981,True,True
5289,5289.TWO,宜鼎,上櫃,股票,電腦及週邊設備,3391,True,True
5356,5356.TWO,協益,上櫃,股票,電腦及週邊設備,3579,True,True
5386,5386.TWO,青雲,上櫃,股票,電腦及週邊設備,3579,True,True
5426,5426.TWO,振發,上櫃,股票,電腦及週邊設備,3579,True,True
5438,5438.TWO,東友,上櫃,股票,電腦及週邊設備,3579,True,True
5465,5465.TWO,富驊,上櫃,股票,電腦及週邊設備,3579,True,True
5474,5474.TWO,聰泰,上櫃,股票,電腦及週邊設備,3579,True,True
5490,5490.TWO,同亨,上櫃,股票,電腦及週邊設備,3579,True,True
6121,6121.TWO,新普,上櫃,股票,電腦及週邊設備,3579,True,True
6150,6150.TWO,撼訊,上櫃,股票,電腦及週邊設備,3579,True,True
6160,6160.TWO,欣技,上櫃,股票,電腦及週邊設備,3579,True,True
6161,6161.TWO,捷波,上櫃,股票,電腦及週邊設備,3579,True,True
6188,6188.TWO,廣明,上櫃,股票,電腦及週邊設備,3579,True,True
6228,6228.TWO,全譜,上櫃,股票,電腦及週邊設備,3579,True,True
6276,6276.TWO,安鈦克,上櫃,股票,電腦及週邊設備,3579,True,True
6441,6441.TWO,廣錠,上櫃,股票,電腦及週邊設備,3105,True,True
6570,6570.TWO,維田,上櫃,股票,電腦及週邊設備,2565,True,True
6577,6577.TWO,勁豐,上櫃,股票,電腦及週邊設備,2552,True,True
6680,6680.TWO,鑫創電子,上櫃,股票,電腦及週邊設備,1991,True,True
6922,6922.TWO,宸曜,上櫃,股票,電腦及週邊設備,850,True,True
8050,8050.TWO,廣積,上櫃,股票,電腦及週邊設備,3579,True,True
8076,8076.TWO,伍豐,上櫃,股票,電腦及週邊設備,3579,True,True
8234,8234.TWO,新漢,上櫃,股票,電腦及週邊設備,3579,True,True
8410,8410.TWO,森田,上櫃,股票,電腦及週邊設備,3579,True,True
1264,1264.TWO,德麥,上櫃,股票,食品工業,3053,True,True
1294,1294.TWO,漢田生技,上櫃,股票,食品工業,943,True,True
1295,1295.TWO,生合,上櫃,股票,食品工業,654,True,True
1780,1780.TWO,立弘,上櫃,股票,食品工業,3468,True,True
1796,1796.TWO,金穎生技,上櫃,股票,食品工業,2451,True,True
4205,4205.TWO,中華食,上櫃,股票,食品工業,3579,True,True
4207,4207.TWO,環泰,上櫃,股票,食品工業,3579,True,True
6846,6846.TWO,綠茵,上櫃,股票,食品工業,1061,True,True
7743,7743.TWO,金利食安,上櫃,股票,食品工業,560,True,True
