Code,Yahoo ticker,Name,Full name,Industry code,Issued shares,Market,Industry,Asset type,Fund type,Detailed industry,Investment theme,Supply-chain role
00400A,00400A.TW,主動國泰動能高息,國泰台股動能高息主動式ETF證券投資信託基金,ETF,1976140000,上市,主動式 ETF,ETF,國內成分證券主動式交易所交易基金(股票),主動式 ETF,主動式 ETF,ETF 投資工具
00401A,00401A.TW,主動摩根台灣鑫收,摩根台灣鑫收益主動式ETF證券投資信託基金,ETF,238895000,上市,主動式 ETF,ETF,國內成分證券主動式交易所交易基金(股票),主動式 ETF,主動式 ETF,ETF 投資工具
00402A,00402A.TW,主動安聯美國科技,安聯美國科技領航主動式ETF證券投資信託基&#63754;,ETF,709127000,上市,主動式 ETF,ETF,國外成分證券主動式交易所交易基金(股票),主動式 ETF,主動式 ETF,ETF 投資工具
00403A,00403A.TW,主動統一升級50,統一台股升級50主動式ETF證券投資信託基金,ETF,16813519000,上市,主動式 ETF,ETF,國內成分證券主動式交易所交易基金(股票),主動式 ETF,主動式 ETF,ETF 投資工具
00404A,00404A.TW,主動聯博動能50,聯博台灣動能收益50主動式ETF證券投資信託基金,ETF,347795000,上市,主動式 ETF,ETF,國內成分證券主動式交易所交易基金(股票),主動式 ETF,主動式 ETF,ETF 投資工具
00405A,00405A.TW,主動富邦台灣龍耀,富邦台灣龍耀主動式ETF證券投資信託基金,ETF,3442745000,上市,主動式 ETF,ETF,國內成分證券主動式交易所交易基金(股票),主動式 ETF,主動式 ETF,ETF 投資工具
00406A,00406A.TW,主動中信台灣收益,中國信託台灣收益成長主動式ETF證券投資信託基金,ETF,2788562000,上市,主動式 ETF,ETF,國內成分證券主動式交易所交易基金(股票),主動式 ETF,主動式 ETF,ETF 投資工具
00407A,00407A.TW,主動凱基台灣,凱基台灣主動式ETF證券投資信託基金,ETF,2809239000,上市,主動式 ETF,ETF,國內成分證券主動式交易所交易基金(股票),主動式 ETF,主動式 ETF,ETF 投資工具
00408A,00408A.TW,主動第一金優股息,第一金台股趨勢優股息主動式ETF證券投資信託基金,ETF,152634000,上市,主動式 ETF,ETF,國內成分證券主動式交易所交易基金(股票),主動式 ETF,主動式 ETF,ETF 投資工具
00410A,00410A.TW,主動永豐科技趨勢,永豐台灣科技趨勢主動式ETF證券投資信託基&#63754;,ETF,141360000,上市,主動式 ETF,ETF,國內成分證券主動式交易所交易基金(股票),主動式 ETF,主動式 ETF,ETF 投資工具
00980A,00980A.TW,主動野村臺灣優選,野村臺灣智慧優選主動式ETF證券投資信託基金,ETF,825730000,上市,主動式 ETF,ETF,國內成分證券主動式交易所交易基金(股票),主動式 ETF,主動式 ETF,ETF 投資工具
00981A,00981A.TW,主動統一台股增長,統一台股增長主動式ETF證券投資信託基金,ETF,9822709000,上市,主動式 ETF,ETF,國內成分證券主動式交易所交易基金(股票),主動式 ETF,主動式 ETF,ETF 投資工具
00982A,00982A.TW,主動群益台灣強棒,群益台灣精選強棒主動式ETF證券投資信託基金,ETF,2293436000,上市,主動式 ETF,ETF,國內成分證券主動式交易所交易基金(股票),主動式 ETF,主動式 ETF,ETF 投資工具
00983A,00983A.TW,主動中信ARK創新,中國信託ARK創新主動式ETF證券投資信託基金,ETF,89186000,上市,主動式 ETF,ETF,國外成分證券主動式交易所交易基金(股票),主動式 ETF,主動式 ETF,ETF 投資工具
00984A,00984A.TW,主動安聯台灣高息,安聯台灣高息成長主動式ETF證券投資信託基金,ETF,652458000,上市,主動式 ETF,ETF,國內成分證券主動式交易所交易基金(股票),主動式 ETF,主動式 ETF,ETF 投資工具
00985A,00985A.TW,主動野村台灣50,野村臺灣增強50主動式ETF證券投資信託基金,ETF,450789000,上市,主動式 ETF,ETF,國內成分證券主動式交易所交易基金(股票),主動式 ETF,主動式 ETF,ETF 投資工具
00986A,00986A.TW,主動台新龍頭成長,台新全球龍頭成長主動式ETF證券投資信託基金,ETF,39827000,上市,主動式 ETF,ETF,國外成分證券主動式交易所交易基金(股票),主動式 ETF,主動式 ETF,ETF 投資工具
00987A,00987A.TW,主動台新優勢成長,台新臺灣優勢成長主動式ETF證券投資信託基金,ETF,161143000,上市,主動式 ETF,ETF,國內成分證券主動式交易所交易基金(股票),主動式 ETF,主動式 ETF,ETF 投資工具
00988A,00988A.TW,主動統一全球創新,統一全球創新主動式ETF證券投資信託基金,ETF,3321937000,上市,主動式 ETF,ETF,國外成分證券主動式交易所交易基金(股票),主動式 ETF,主動式 ETF,ETF 投資工具
00989A,00989A.TW,主動摩根美國科技,摩根大美國領先科技主動式ETF證券投資信託基金,ETF,69617000,上市,主動式 ETF,ETF,國外成分證券主動式交易所交易基金(股票),主動式 ETF,主動式 ETF,ETF 投資工具
00990A,00990A.TW,主動元大AI新經濟,元大全球AI新經濟主動式ETF證券投資信託基金,ETF,2444022000,上市,主動式 ETF,ETF,國外成分證券主動式交易所交易基金(股票),主動式 ETF,主動式 ETF,ETF 投資工具
00991A,00991A.TW,主動復華未來50,復華台灣未來50主動式ETF證券投資信託基金,ETF,4746416000,上市,主動式 ETF,ETF,國內成分證券主動式交易所交易基金(股票),主動式 ETF,主動式 ETF,ETF 投資工具
00992A,00992A.TW,主動群益科技創新,群益台灣科技創新主動式ETF證券投資信託基金,ETF,2393955000,上市,主動式 ETF,ETF,國內成分證券主動式交易所交易基金(股票),主動式 ETF,主動式 ETF,ETF 投資工具
00993A,00993A.TW,主動安聯台灣,安聯台灣主動式ETF證券投資信託基金,ETF,785091000,上市,主動式 ETF,ETF,國內成分證券主動式交易所交易基金(股票),主動式 ETF,主動式 ETF,ETF 投資工具
00994A,00994A.TW,主動第一金台股優,第一金台股趨勢優選主動式ETF證券投資信託基金,ETF,292690000,上市,主動式 ETF,ETF,國內成分證券主動式交易所交易基金(股票),主動式 ETF,主動式 ETF,ETF 投資工具
00995A,00995A.TW,主動中信台灣卓越,中國信託台灣卓越成長主動式ETF證券投資信託基金,ETF,283535000,上市,主動式 ETF,ETF,國內成分證券主動式交易所交易基金(股票),主動式 ETF,主動式 ETF,ETF 投資工具
00996A,00996A.TW,主動兆豐台灣豐收,兆豐台灣豐收主動式ETF 證券投資信託基&#63754;,ETF,307899000,上市,主動式 ETF,ETF,國內成分證券主動式交易所交易基金(股票),主動式 ETF,主動式 ETF,ETF 投資工具
00997A,00997A.TW,主動群益美國增長,群益美國增長主動式ETF證券投資信託基金,ETF,1162377000,上市,主動式 ETF,ETF,國外成分證券主動式交易所交易基金(股票),主動式 ETF,主動式 ETF,ETF 投資工具
00999A,00999A.TW,主動野村臺灣高息,野村臺灣策略高息主動式ETF證券投資信託基金,ETF,1038517000,上市,主動式 ETF,ETF,國內成分證券主動式交易所交易基金(股票),主動式 ETF,主動式 ETF,ETF 投資工具
00680L,00680L.TW,元大美債20正2,元大美國政府20年期(以上)債券ETF傘型證券投資信託基金之元大美國政府20年期(以上)債券單日正向2倍證券投資信託基金,ETF,1463076000,上市,債券 ETF,ETF,槓桿/反向指數股票型基金,債券 ETF,債券 ETF,ETF 投資工具
00681R,00681R.TW,元大美債20反1,元大美國政府20年期(以上)債券ETF傘型證券投資信託基金之元大美國政府20年期(以上)債券單日反向1倍證券投資信託基金,ETF,7594000,上市,債券 ETF,ETF,槓桿/反向指數股票型基金,債券 ETF,債券 ETF,ETF 投資工具
00688L,00688L.TW,國泰20年美債正2,國泰美國債券ETF傘型證券投資信託基金之20年期(以上)美國公債指數單日正向2倍證券投資信託基金,ETF,628115000,上市,債券 ETF,ETF,槓桿/反向指數股票型基金,債券 ETF,債券 ETF,ETF 投資工具
00689R,00689R.TW,國泰20年美債反1,國泰美國債券ETF傘型證券投資信託基金之20年期(以上)美國公債指數單日反向1倍證券投資信託基金,ETF,6889000,上市,債券 ETF,ETF,槓桿/反向指數股票型基金,債券 ETF,債券 ETF,ETF 投資工具
00710B,00710B.TW,復華彭博非投等債,復華全球收益ETF傘型證券投資信託基金之復華1至5年期非投資等級債券證券投資信託基金,ETF,179761000,上市,債券 ETF,ETF,國外成分證券指數股票型基金,債券 ETF,債券 ETF,ETF 投資工具
00711B,00711B.TW,復華彭博新興債,復華全球收益ETF傘型證券投資信託基金之復華新興市場10年期以上債券證券投資信託基金,ETF,871761000,上市,債券 ETF,ETF,國外成分證券指數股票型基金,債券 ETF,債券 ETF,ETF 投資工具
00775B,00775B.TW,台新投等債15+,台新全方位收益ETF傘型證券投資信託基金之台新富時15年以上特選產業美元投資等級債券ETF證券投資信託基金,ETF,232100000,上市,債券 ETF,ETF,國外成分證券指數股票型基金,債券 ETF,債券 ETF,ETF 投資工具
00865B,00865B.TW,國泰US短期公債,國泰美國收益傘型證券投資信託基金之美國短期公債ETF證券投資信託基金,ETF,299744000,上市,債券 ETF,ETF,國外成分證券指數股票型基金,債券 ETF,債券 ETF,ETF 投資工具
00945B,00945B.TW,凱基美國非投等債,凱基美國優選收益非投資等級債券ETF證券投資信託基金,ETF,818318000,上市,債券 ETF,ETF,國外成分證券指數股票型基金,債券 ETF,債券 ETF,ETF 投資工具
00953B,00953B.TW,群益優選非投等債,群益優選收益非投資等級債券ETF證券投資信託基金,ETF,4328175000,上市,債券 ETF,ETF,國外成分證券指數股票型基金,債券 ETF,債券 ETF,ETF 投資工具
00982D,00982D.TW,主動富邦動態入息,富邦優選收益傘型證券投資信託基金之富邦環球動態入息投資級債主動式ETF證券投資信託基金,ETF,76229000,上市,債券 ETF,ETF,國外成分證券主動式交易所交易基金(債券),債券 ETF,債券 ETF,ETF 投資工具
00983D,00983D.TW,主動富邦複合收益,富邦優選收益傘型證券投資信託基金之富邦環球複合優選收益債主動式ETF證券投資信託基金,ETF,102697000,上市,債券 ETF,ETF,國外成分證券主動式交易所交易基金(債券),債券 ETF,債券 ETF,ETF 投資工具
00984D,00984D.TW,主動聯博全球非投,聯博優選全球非投資等級債券主動式ETF證券投資信託基金,ETF,981057000,上市,債券 ETF,ETF,國外成分證券主動式交易所交易基金(債券),債券 ETF,債券 ETF,ETF 投資工具
00985B,00985B.TW,群益ESG投等債0-5,群益0-5年期ESG投資等級公司債ETF證券投資信託基金,ETF,631001000,上市,債券 ETF,ETF,國外成分證券指數股票型基金,債券 ETF,債券 ETF,ETF 投資工具
00991B,00991B.TW,貝萊德A級公司債,貝萊德iShares安碩10年期以上A級美元公司債ETF證券投資信託基金,ETF,226828000,上市,債券 ETF,ETF,國外成分證券指數股票型基金,債券 ETF,債券 ETF,ETF 投資工具
0050,0050.TW,元大台灣50,元大台灣卓越50證券投資信託基金,ETF,22338500000,上市,台灣股票 ETF,ETF,國內成分證券指數股票型基金,台灣股票 ETF,台灣股票 ETF,ETF 投資工具
0051,0051.TW,元大中型100,元大台灣中型100證券投資信託基金,ETF,24500000,上市,台灣股票 ETF,ETF,國內成分證券指數股票型基金,台灣股票 ETF,台灣股票 ETF,ETF 投資工具
0052,0052.TW,富邦科技,富邦台灣科技指數證券投資信託基金,ETF,2595500000,上市,台灣股票 ETF,ETF,國內成分證券指數股票型基金,台灣股票 ETF,台灣股票 ETF,ETF 投資工具
0053,0053.TW,元大電子,元大台灣ETF傘型證券投資信託基金之電子科技證券投資信託基金,ETF,9988000,上市,台灣股票 ETF,ETF,國內成分證券指數股票型基金,台灣股票 ETF,台灣股票 ETF,ETF 投資工具
0055,0055.TW,元大MSCI金融,元大台灣ETF傘型證券投資信託基金之金融證券投資信託基金,ETF,85154000,上市,台灣股票 ETF,ETF,國內成分證券指數股票型基金,台灣股票 ETF,台灣股票 ETF,ETF 投資工具
0056,0056.TW,元大高股息,元大台灣高股息證券投資信託基金,ETF,14158534000,上市,台灣股票 ETF,ETF,國內成分證券指數股票型基金,台灣股票 ETF,台灣股票 ETF,ETF 投資工具
0057,0057.TW,富邦摩台,富邦台灣ETF傘型證券投資信託基金之富邦台灣摩根指數股票型證券投資信託基金,ETF,1527000,上市,台灣股票 ETF,ETF,國內成分證券指數股票型基金,台灣股票 ETF,台灣股票 ETF,ETF 投資工具
0061,0061.TW,元大寶滬深,元大標智滬深300證券投資信託基金,ETF,96116000,上市,台灣股票 ETF,ETF,連結式證券指數股票型基金,台灣股票 ETF,台灣股票 ETF,ETF 投資工具
006203,006203.TW,元大MSCI台灣,元大摩臺證券投資信託基金,ETF,10218000,上市,台灣股票 ETF,ETF,國內成分證券指數股票型基金,台灣股票 ETF,台灣股票 ETF,ETF 投資工具
006204,006204.TW,永豐臺灣加權,永豐臺灣加權ETF證券投資信託基金,ETF,1500000,上市,台灣股票 ETF,ETF,國內成分證券指數股票型基金,台灣股票 ETF,台灣股票 ETF,ETF 投資工具
006208,006208.TW,富邦台50,富邦台灣釆吉50 證券投資信託基金,ETF,1860040000,上市,台灣股票 ETF,ETF,國內成分證券指數股票型基金,台灣股票 ETF,台灣股票 ETF,ETF 投資工具
00690,00690.TW,兆豐藍籌30,兆豐臺灣藍籌30ETF傘型證券投資信託基金之兆豐臺灣藍籌30 ETF證券投資信託基金,ETF,83830000,上市,台灣股票 ETF,ETF,國內成分證券指數股票型基金,台灣股票 ETF,台灣股票 ETF,ETF 投資工具
00692,00692.TW,富邦公司治理,富邦臺灣公司治理100證券投資信託基金,ETF,614280000,上市,台灣股票 ETF,ETF,國內成分證券指數股票型基金,台灣股票 ETF,台灣股票 ETF,ETF 投資工具
00701,00701.TW,國泰股利精選30,國泰低波動ETF傘型證券投資信託基金之臺灣低波動股利精選30證券投資信託基金,ETF,170391000,上市,台灣股票 ETF,ETF,國內成分證券指數股票型基金,台灣股票 ETF,台灣股票 ETF,ETF 投資工具
00713,00713.TW,元大台灣高息低波,元大台灣高股息低波動ETF證券投資信託基金,ETF,1696012000,上市,台灣股票 ETF,ETF,國內成分證券指數股票型基金,台灣股票 ETF,台灣股票 ETF,ETF 投資工具
00728,00728.TW,第一金工業30,第一金臺灣工業菁英30ETF傘型證券投資信託基金之第一金臺灣工業菁英30 ETF證券投資信託基金,ETF,39423000,上市,台灣股票 ETF,ETF,國內成分證券指數股票型基金,台灣股票 ETF,台灣股票 ETF,ETF 投資工具
00730,00730.TW,富邦臺灣優質高息,富邦道瓊臺灣優質高息30ETF證券投資信託基金,ETF,69544000,上市,台灣股票 ETF,ETF,國內成分證券指數股票型基金,台灣股票 ETF,台灣股票 ETF,ETF 投資工具
00731,00731.TW,復華富時高息低波,復華富時台灣高股息低波動證券投資信託基金,ETF,20600000,上市,台灣股票 ETF,ETF,國內成分證券指數股票型基金,台灣股票 ETF,台灣股票 ETF,ETF 投資工具
00733,00733.TW,臺灣中小A級動能50 ETF基金,富邦臺灣中小A級動能50 ETF證券投資信託基金,ETF,64966000,上市,台灣股票 ETF,ETF,國內成分證券指數股票型基金,台灣股票 ETF,台灣股票 ETF,ETF 投資工具
00850,00850.TW,元大臺灣ESG永續,元大臺灣ESG永續ETF證券投資信託基金,ETF,416944000,上市,台灣股票 ETF,ETF,國內成分證券指數股票型基金,台灣股票 ETF,台灣股票 ETF,ETF 投資工具
00878,00878.TW,國泰永續高股息,國泰台灣高股息傘型證券投資信託基金之台灣ESG永續高股息ETF證券投資信託基金,ETF,18867790000,上市,台灣股票 ETF,ETF,國內成分證券指數股票型基金,台灣股票 ETF,台灣股票 ETF,ETF 投資工具
00881,00881.TW,國泰台灣科技龍頭,國泰台灣科技龍頭ETF證券投資信託基金,ETF,2975403000,上市,台灣股票 ETF,ETF,國內成分證券指數股票型基金,台灣股票 ETF,台灣股票 ETF,ETF 投資工具
00891,00891.TW,中信關鍵半導體,中國信託臺灣ESG永續關鍵半導體ETF證券投資信託基金,ETF,1919090000,上市,台灣股票 ETF,ETF,國內成分證券指數股票型基金,台灣股票 ETF,台灣股票 ETF,ETF 投資工具
00892,00892.TW,富邦台灣半導體,富邦台灣核心半導體ETF證券投資信託基金,ETF,320792000,上市,台灣股票 ETF,ETF,國內成分證券指數股票型基金,台灣股票 ETF,台灣股票 ETF,ETF 投資工具
00894,00894.TW,中信小資高價30,中國信託特選小資高價30ETF證券投資信託基金,ETF,148509000,上市,台灣股票 ETF,ETF,國內成分證券指數股票型基金,台灣股票 ETF,台灣股票 ETF,ETF 投資工具
00896,00896.TW,中信綠能及電動車,中國信託臺灣綠能及電動車ETF證券投資信託基金,ETF,389880000,上市,台灣股票 ETF,ETF,國內成分證券指數股票型基金,台灣股票 ETF,台灣股票 ETF,ETF 投資工具
00900,00900.TW,富邦特選高股息30,富邦特選台灣高股息30 ETF證券投資信託基金,ETF,1570025000,上市,台灣股票 ETF,ETF,國內成分證券指數股票型基金,台灣股票 ETF,台灣股票 ETF,ETF 投資工具
00901,00901.TW,永豐智能車供應鏈,永豐台灣智能車供應鏈ETF證券投資信託基金,ETF,62349000,上市,台灣股票 ETF,ETF,國內成分證券指數股票型基金,台灣股票 ETF,台灣股票 ETF,ETF 投資工具
00904,00904.TW,台新臺灣半導體30,台新臺灣全市場半導體精選30ETF證券投資信託基金,ETF,162612000,上市,台灣股票 ETF,ETF,國內成分證券指數股票型基金,台灣股票 ETF,台灣股票 ETF,ETF 投資工具
00905,00905.TW,FT臺灣Smart,富蘭克林華美臺灣Smart ETF證券投資信託基金,ETF,359827000,上市,台灣股票 ETF,ETF,國內成分證券指數股票型基金,台灣股票 ETF,台灣股票 ETF,ETF 投資工具
00907,00907.TW,永豐優息存股,永豐台灣優選入息存股ETF證券投資信託基金,ETF,148133000,上市,台灣股票 ETF,ETF,國內成分證券指數股票型基金,台灣股票 ETF,台灣股票 ETF,ETF 投資工具
00912,00912.TW,中信臺灣智慧50,中國信託臺灣智慧50ETF證券投資信託基金,ETF,59753000,上市,台灣股票 ETF,ETF,國內成分證券指數股票型基金,台灣股票 ETF,台灣股票 ETF,ETF 投資工具
00913,00913.TW,兆豐台灣晶圓製造ETF,兆豐特選台灣晶圓製造 ETF證券投資信託基金,ETF,58766000,上市,台灣股票 ETF,ETF,國內成分證券指數股票型基金,台灣股票 ETF,台灣股票 ETF,ETF 投資工具
00915,00915.TW,凱基優選高股息30,凱基台灣優選高股息30ETF證券投資信託基金,ETF,510483000,上市,台灣股票 ETF,ETF,國內成分證券指數股票型基金,台灣股票 ETF,台灣股票 ETF,ETF 投資工具
00918,00918.TW,大華優利高填息30 ETF,大華銀台灣優選股利高填息30ETF證券投資信託基金,ETF,3379264000,上市,台灣股票 ETF,ETF,國內成分證券指數股票型基金,台灣股票 ETF,台灣股票 ETF,ETF 投資工具
00919,00919.TW,群益台灣精選高息,群益台灣精選高息ETF證券投資信託基金,ETF,18180635000,上市,台灣股票 ETF,ETF,國內成分證券指數股票型基金,台灣股票 ETF,台灣股票 ETF,ETF 投資工具
00921,00921.TW,兆豐龍頭等權重,兆豐台灣產業龍頭存股等權重ETF證券投資信託基金,ETF,54770000,上市,台灣股票 ETF,ETF,國內成分證券指數股票型基金,台灣股票 ETF,台灣股票 ETF,ETF 投資工具
00922,00922.TW,國泰台灣領袖50 ETF基金,國泰台灣領袖 50 ETF 證券投資信託基金,ETF,2146686000,上市,台灣股票 ETF,ETF,國內成分證券指數股票型基金,台灣股票 ETF,台灣股票 ETF,ETF 投資工具
00923,00923.TW,群益台ESG低碳50,群益台灣ESG低碳50ETF證券投資信託基金,ETF,954423000,上市,台灣股票 ETF,ETF,國內成分證券指數股票型基金,台灣股票 ETF,台灣股票 ETF,ETF 投資工具
00927,00927.TW,群益半導體收益,群益台灣半導體收益ETF證券投資信託基金,ETF,1350897000,上市,台灣股票 ETF,ETF,國內成分證券指數股票型基金,台灣股票 ETF,台灣股票 ETF,ETF 投資工具
00929,00929.TW,復華台灣科技優息,復華台灣科技優息ETF證券投資信託基金,ETF,5051639000,上市,台灣股票 ETF,ETF,國內成分證券指數股票型基金,台灣股票 ETF,台灣股票 ETF,ETF 投資工具
00930,00930.TW,永豐ESG低碳高息,永豐台灣ESG低碳高息40ETF證券投資信託基金,ETF,127779000,上市,台灣股票 ETF,ETF,國內成分證券指數股票型基金,台灣股票 ETF,台灣股票 ETF,ETF 投資工具
00932,00932.TW,兆豐永續高息等權,兆豐台灣ESG永續高股息等權重ETF證券投資信託基金,ETF,113783000,上市,台灣股票 ETF,ETF,國內成分證券指數股票型基金,台灣股票 ETF,台灣股票 ETF,ETF 投資工具
00934,00934.TW,中信成長高股息,中國信託臺灣優選成長高股息ETF證券投資信託基金,ETF,423526000,上市,台灣股票 ETF,ETF,國內成分證券指數股票型基金,台灣股票 ETF,台灣股票 ETF,ETF 投資工具
00935,00935.TW,野村臺灣新科技50,野村臺灣創新科技50 ETF證券投資信託基金,ETF,848004000,上市,台灣股票 ETF,ETF,國內成分證券指數股票型基金,台灣股票 ETF,台灣股票 ETF,ETF 投資工具
00936,00936.TW,台新永續高息中小型ETF,台新臺灣永續高息中小型ETF證券投資信託基金,ETF,195297000,上市,台灣股票 ETF,ETF,國內成分證券指數股票型基金,台灣股票 ETF,台灣股票 ETF,ETF 投資工具
00938,00938.TW,凱基優選30,凱基台灣優選30 ETF證券投資信託基金,ETF,98516000,上市,台灣股票 ETF,ETF,國內成分證券指數股票型基金,台灣股票 ETF,台灣股票 ETF,ETF 投資工具
00939,00939.TW,統一台灣高息動能ETF基金,統一台灣高息動能ETF證券投資信託基金,ETF,1166476000,上市,台灣股票 ETF,ETF,國內成分證券指數股票型基金,台灣股票 ETF,台灣股票 ETF,ETF 投資工具
00940,00940.TW,元大台灣價值高息,元大臺灣價值高息ETF證券投資信託基金,ETF,5257365000,上市,台灣股票 ETF,ETF,國內成分證券指數股票型基金,台灣股票 ETF,台灣股票 ETF,ETF 投資工具
00943,00943.TW,兆豐電子高息等權,兆豐台灣電子成長高息等權重ETF證券投資信託基金,ETF,40389000,上市,台灣股票 ETF,ETF,國內成分證券指數股票型基金,台灣股票 ETF,台灣股票 ETF,ETF 投資工具
00944,00944.TW,野村趨勢動能高息,野村臺灣趨勢動能高股息ETF證券投資信託基金,ETF,53581000,上市,台灣股票 ETF,ETF,國內成分證券指數股票型基金,台灣股票 ETF,台灣股票 ETF,ETF 投資工具
00946,00946.TW,群益科技高息成長,群益台灣科技高息成長ETF證券投資信託基金,ETF,451246000,上市,台灣股票 ETF,ETF,國內成分證券指數股票型基金,台灣股票 ETF,台灣股票 ETF,ETF 投資工具
00947,00947.TW,台新臺灣IC設計動能ETF基金,台新臺灣IC設計動能ETF證券投資信託基金,ETF,291864000,上市,台灣股票 ETF,ETF,國內成分證券指數股票型基金,台灣股票 ETF,台灣股票 ETF,ETF 投資工具
00952,00952.TW,凱基台灣AI 50,凱基優選台灣AI 50 ETF證券投資信託基金,ETF,247775000,上市,台灣股票 ETF,ETF,國內成分證券指數股票型基金,台灣股票 ETF,台灣股票 ETF,ETF 投資工具
00961,00961.TW,FT臺灣永續高息,富蘭克林華美臺灣ESG永續高息ETF證券投資信託基金,ETF,767511000,上市,台灣股票 ETF,ETF,國內成分證券指數股票型基金,台灣股票 ETF,台灣股票 ETF,ETF 投資工具
00962,00962.TW,台新AI優息動能基金,台新臺灣AI優息動能ETF證券投資信託基金,ETF,56420000,上市,台灣股票 ETF,ETF,國內成分證券指數股票型基金,台灣股票 ETF,台灣股票 ETF,ETF 投資工具
009802,009802.TW,富邦旗艦50,富邦台灣旗艦動能50 ETF證券投資信託基金,ETF,523995000,上市,台灣股票 ETF,ETF,國內成分證券指數股票型基金,台灣股票 ETF,台灣股票 ETF,ETF 投資工具
009803,009803.TW,玉山市值動能50,玉山臺灣市值動能50 ETF證券投資信託基金,ETF,188828000,上市,台灣股票 ETF,ETF,國內成分證券指數股票型基金,台灣股票 ETF,台灣股票 ETF,ETF 投資工具
009804,009804.TW,聯邦台灣精彩50ETF基金,聯邦台灣精彩50ETF證券投資信託基金,ETF,154892000,上市,台灣股票 ETF,ETF,國內成分證券指數股票型基金,台灣股票 ETF,台灣股票 ETF,ETF 投資工具
009808,009808.TW,華南永昌優選50,華南永昌台灣優選50ETF證券投資信託基金,ETF,39511000,上市,台灣股票 ETF,ETF,國內成分證券指數股票型基金,台灣股票 ETF,台灣股票 ETF,ETF 投資工具
009809,009809.TW,富邦淨零ESG50,富邦台灣淨零轉型ESG 50 ETF證券投資信託基金,ETF,30363000,上市,台灣股票 ETF,ETF,國內成分證券指數股票型基金,台灣股票 ETF,台灣股票 ETF,ETF 投資工具
009816,009816.TW,凱基台灣TOP50,凱基台灣 TOP 50 ETF證券投資信託基金,ETF,12014344000,上市,台灣股票 ETF,ETF,國內成分證券指數股票型基金,台灣股票 ETF,台灣股票 ETF,ETF 投資工具
00635U,00635U.TW,期元大S&amp;P黃金(原名：元大S&amp;P黃金),元大標普高盛黃金ER指數股票型期貨信託基金,ETF,345514000,上市,商品／期貨 ETF,ETF,指數股票型期貨信託基金,商品／期貨 ETF,商品／期貨 ETF,ETF 投資工具
00642U,00642U.TW,期元大S&amp;P石油(原名：元大S&amp;P石油),元大標普高盛原油ER指數股票型期貨信託基金,ETF,77821000,上市,商品／期貨 ETF,ETF,指數股票型期貨信託基金,商品／期貨 ETF,商品／期貨 ETF,ETF 投資工具
00673R,00673R.TW,期元大S&amp;P原油反1(原名：元大S&amp;P原油反1),元大標普油金傘型期貨信託基金之元大標普高盛原油ER單日反向1倍指數股票型期貨信託基金,ETF,625050646,上市,商品／期貨 ETF,ETF,槓桿/反向指數股票型基金,商品／期貨 ETF,商品／期貨 ETF,ETF 投資工具
00674R,00674R.TW,期元大S&amp;P黃金反1(原名：元大S&amp;P黃金反1),元大標普油金傘型期貨信託基金之元大標普高盛黃金ER單日反向1倍指數股票型期貨信託基金,ETF,14420555,上市,商品／期貨 ETF,ETF,槓桿/反向指數股票型基金,商品／期貨 ETF,商品／期貨 ETF,ETF 投資工具
00682U,00682U.TW,期元大美元指數(原名：元大美元指數),元大標普美元指數傘型期貨信託基金之元大標普美元ER指數股票型期貨信託基金,ETF,7644000,上市,商品／期貨 ETF,ETF,指數股票型期貨信託基金,商品／期貨 ETF,商品／期貨 ETF,ETF 投資工具
00693U,00693U.TW,期街口S&amp;P黃豆,街口標普高盛黃豆ER指數股票型期貨信託基金,ETF,73166000,上市,商品／期貨 ETF,ETF,指數股票型期貨信託基金,商品／期貨 ETF,商品／期貨 ETF,ETF 投資工具
00708L,00708L.TW,期元大S&amp;P黃金正2(原名：元大S&amp;P黃金正2),元大標普金日傘型期貨信託基金之元大標普高盛黃金ER單日正向2倍指數股票型期貨信託基金,ETF,131073000,上市,商品／期貨 ETF,ETF,槓桿/反向指數股票型基金,商品／期貨 ETF,商品／期貨 ETF,ETF 投資工具
00738U,00738U.TW,期元大道瓊白銀(原名：元大道瓊白銀),元大道瓊白銀ER指數股票型期貨信託基金,ETF,242799000,上市,商品／期貨 ETF,ETF,指數股票型期貨信託基金,商品／期貨 ETF,商品／期貨 ETF,ETF 投資工具
00763U,00763U.TW,期街口道瓊銅,街口道瓊銅ER指數股票型期貨信託基金,ETF,42065000,上市,商品／期貨 ETF,ETF,指數股票型期貨信託基金,商品／期貨 ETF,商品／期貨 ETF,ETF 投資工具
00631L,00631L.TW,元大台灣50正2,元大ETF傘型證券投資信託基金之台灣50單日正向2倍證券投資信託基金,ETF,7517348000,上市,槓桿／反向 ETF,ETF,槓桿/反向指數股票型基金,槓桿／反向 ETF,槓桿／反向 ETF,ETF 投資工具
00632R,00632R.TW,元大台灣50反1,元大ETF傘型證券投資信託基金之台灣50單日反向1倍證券投資信託基金,ETF,2708707730,上市,槓桿／反向 ETF,ETF,槓桿/反向指數股票型基金,槓桿／反向 ETF,槓桿／反向 ETF,ETF 投資工具
00633L,00633L.TW,富邦上証正2,富邦中國ETF傘型證券投資信託基金之富邦上証180單日正向兩倍證券投資信託基金,ETF,116958000,上市,槓桿／反向 ETF,ETF,槓桿/反向指數股票型基金,槓桿／反向 ETF,槓桿／反向 ETF,ETF 投資工具
00634R,00634R.TW,富邦上証反1,富邦中國ETF傘型證券投資信託基金之富邦上証180單日反向一倍證券投資信託基金,ETF,42756000,上市,槓桿／反向 ETF,ETF,槓桿/反向指數股票型基金,槓桿／反向 ETF,槓桿／反向 ETF,ETF 投資工具
00637L,00637L.TW,元大滬深300正2,元大滬深300傘型證券投資信託基金之滬深300單日正向2倍證券投資信託基金,ETF,742106000,上市,槓桿／反向 ETF,ETF,槓桿/反向指數股票型基金,槓桿／反向 ETF,槓桿／反向 ETF,ETF 投資工具
00638R,00638R.TW,元大滬深300反1,元大滬深300傘型證券投資信託基金之滬深300單日反向1倍證券投資信託基金,ETF,22948000,上市,槓桿／反向 ETF,ETF,槓桿/反向指數股票型基金,槓桿／反向 ETF,槓桿／反向 ETF,ETF 投資工具
00640L,00640L.TW,富邦日本正2,富邦日本ETF傘型證券投資信託基金之富邦日本東証單日正向兩倍證券投資信託基金,ETF,6419000,上市,槓桿／反向 ETF,ETF,槓桿/反向指數股票型基金,槓桿／反向 ETF,槓桿／反向 ETF,ETF 投資工具
00641R,00641R.TW,富邦日本反1,富邦日本ETF傘型證券投資信託基金之富邦日本東証單日反向一倍證券投資信託基金,ETF,92258000,上市,槓桿／反向 ETF,ETF,槓桿/反向指數股票型基金,槓桿／反向 ETF,槓桿／反向 ETF,ETF 投資工具
00647L,00647L.TW,元大S&amp;P500正2,元大標普500傘型證券投資信託基金之標普500單日正向2倍證券投資信託基金,ETF,6416000,上市,槓桿／反向 ETF,ETF,槓桿/反向指數股票型基金,槓桿／反向 ETF,槓桿／反向 ETF,ETF 投資工具
00648R,00648R.TW,元大S&amp;P500反1,元大標普500傘型證券投資信託基金之標普500單日反向1倍證券投資信託基金,ETF,142688000,上市,槓桿／反向 ETF,ETF,槓桿/反向指數股票型基金,槓桿／反向 ETF,槓桿／反向 ETF,ETF 投資工具
00650L,00650L.TW,復華香港正2,復華香港ETF傘型證券投資信託基金之復華恒生單日正向二倍證券投資信託基金,ETF,96838000,上市,槓桿／反向 ETF,ETF,槓桿/反向指數股票型基金,槓桿／反向 ETF,槓桿／反向 ETF,ETF 投資工具
00651R,00651R.TW,復華香港反1,復華香港ETF傘型證券投資信託基金之復華恒生單日反向一倍證券投資信託基金,ETF,32192000,上市,槓桿／反向 ETF,ETF,槓桿/反向指數股票型基金,槓桿／反向 ETF,槓桿／反向 ETF,ETF 投資工具
00653L,00653L.TW,富邦印度正2,富邦印度ETF傘型證券投資信託基金之富邦印度NIFTY單日正向兩倍證券投資信託基金,ETF,12903000,上市,槓桿／反向 ETF,ETF,槓桿/反向指數股票型基金,槓桿／反向 ETF,槓桿／反向 ETF,ETF 投資工具
00654R,00654R.TW,富邦印度反1,富邦印度ETF傘型證券投資信託基金之富邦印度NIFTY單日反向一倍證券投資信託基金,ETF,19466000,上市,槓桿／反向 ETF,ETF,槓桿/反向指數股票型基金,槓桿／反向 ETF,槓桿／反向 ETF,ETF 投資工具
00655L,00655L.TW,國泰中國A50正2,國泰A50傘型證券投資信託基金之富時中國A50單日正向2倍證券投資信託基金,ETF,57958000,上市,槓桿／反向 ETF,ETF,槓桿/反向指數股票型基金,槓桿／反向 ETF,槓桿／反向 ETF,ETF 投資工具
00656R,00656R.TW,國泰中國A50反1,國泰A50傘型證券投資信託基金之富時中國A50單日反向1倍證券投資信託基金,ETF,20357000,上市,槓桿／反向 ETF,ETF,槓桿/反向指數股票型基金,槓桿／反向 ETF,槓桿／反向 ETF,ETF 投資工具
00663L,00663L.TW,國泰臺灣加權正2,國泰臺指ETF傘型證券投資信託基金之臺灣加權指數單日正向2倍證券投資信託基金,ETF,158663000,上市,槓桿／反向 ETF,ETF,槓桿/反向指數股票型基金,槓桿／反向 ETF,槓桿／反向 ETF,ETF 投資工具
00664R,00664R.TW,國泰臺灣加權反1,國泰臺指ETF傘型證券投資信託基金之臺灣加權指數單日反向1倍證券投資信託基金,ETF,841075000,上市,槓桿／反向 ETF,ETF,槓桿/反向指數股票型基金,槓桿／反向 ETF,槓桿／反向 ETF,ETF 投資工具
00665L,00665L.TW,富邦恒生國企正2,富邦恒生國企ETF傘型證券投資信託基金之富邦恒生國企單日正向兩倍證券投資信託基金,ETF,403965000,上市,槓桿／反向 ETF,ETF,槓桿/反向指數股票型基金,槓桿／反向 ETF,槓桿／反向 ETF,ETF 投資工具
00666R,00666R.TW,富邦恒生國企反1,富邦恒生國企ETF傘型證券投資信託基金之富邦恒生國企單日反向一倍證券投資信託基金,ETF,13624000,上市,槓桿／反向 ETF,ETF,槓桿/反向指數股票型基金,槓桿／反向 ETF,槓桿／反向 ETF,ETF 投資工具
00669R,00669R.TW,國泰美國道瓊反1,國泰美國ETF傘型證券投資信託基金之道瓊工業平均指數單日反向1倍證券投資信託基金,ETF,205117000,上市,槓桿／反向 ETF,ETF,槓桿/反向指數股票型基金,槓桿／反向 ETF,槓桿／反向 ETF,ETF 投資工具
00670L,00670L.TW,富邦NASDAQ正2,富邦NASDAQ-100 ETF 傘型證券投資信託基金之富邦NASDAQ-100單日正向兩倍證券投資信託基金,ETF,77145000,上市,槓桿／反向 ETF,ETF,槓桿/反向指數股票型基金,槓桿／反向 ETF,槓桿／反向 ETF,ETF 投資工具
00671R,00671R.TW,富邦NASDAQ 反1,富邦NASDAQ-100 ETF傘型證券投資信託基金之富邦NASDAQ-100 單日反向一倍證券投資信託基金,ETF,520884000,上市,槓桿／反向 ETF,ETF,槓桿/反向指數股票型基金,槓桿／反向 ETF,槓桿／反向 ETF,ETF 投資工具
00675L,00675L.TW,FB臺灣加權正2,富邦臺灣加權ETF傘型證券投資信託基金之富邦臺灣加權單日正向兩倍證券投資信託基金,ETF,113786000,上市,槓桿／反向 ETF,ETF,槓桿/反向指數股票型基金,槓桿／反向 ETF,槓桿／反向 ETF,ETF 投資工具
00676R,00676R.TW,富邦臺灣加權反1,富邦臺灣加權ETF傘型證券投資信託基金之富邦臺灣加權單日反向一倍證券投資信託基金,ETF,188333683,上市,槓桿／反向 ETF,ETF,槓桿/反向指數股票型基金,槓桿／反向 ETF,槓桿／反向 ETF,ETF 投資工具
00683L,00683L.TW,期元大美元指正2(原名：元大美元指數正2),元大標普美元指數傘型期貨信託基金之元大標普美元ER單日正向2倍指數股票型期貨信託基金,ETF,11434000,上市,槓桿／反向 ETF,ETF,槓桿/反向指數股票型基金,槓桿／反向 ETF,槓桿／反向 ETF,ETF 投資工具
00684R,00684R.TW,期元大美元指反1(原名：元大美元指數反1),元大標普美元指數傘型期貨信託基金之元大標普美元ER單日反向1倍指數股票型期貨信託基金,ETF,9688000,上市,槓桿／反向 ETF,ETF,槓桿/反向指數股票型基金,槓桿／反向 ETF,槓桿／反向 ETF,ETF 投資工具
00685L,00685L.TW,群益臺灣加權正2,群益臺灣加權指數ETF傘型證券投資信託基金之群益臺灣加權指數單日正向2倍證券投資信託基金,ETF,6164336000,上市,槓桿／反向 ETF,ETF,槓桿/反向指數股票型基金,槓桿／反向 ETF,槓桿／反向 ETF,ETF 投資工具
00686R,00686R.TW,群益臺灣加權反1,群益臺灣加權指數ETF傘型證券投資信託基金之群益臺灣加權指數單日反向1倍證券投資信託基金,ETF,253776000,上市,槓桿／反向 ETF,ETF,槓桿/反向指數股票型基金,槓桿／反向 ETF,槓桿／反向 ETF,ETF 投資工具
00706L,00706L.TW,期元大S&amp;P日圓正2(原名：元大S&amp;P日圓正2),元大標普金日傘型期貨信託基金之元大標普日圓ER單日正向2倍指數股票型期貨信託基金,ETF,131270853,上市,槓桿／反向 ETF,ETF,槓桿/反向指數股票型基金,槓桿／反向 ETF,槓桿／反向 ETF,ETF 投資工具
00707R,00707R.TW,期元大S&amp;P日圓反1(原名：元大S&amp;P日圓反1),元大標普金日傘型期貨信託基金之元大標普日圓ER單日反向1倍指數股票型期貨信託基金,ETF,5855000,上市,槓桿／反向 ETF,ETF,槓桿/反向指數股票型基金,槓桿／反向 ETF,槓桿／反向 ETF,ETF 投資工具
00715L,00715L.TW,期街口布蘭特正2,街口標普高盛布蘭特原油ER單日正向2倍指數股票型期貨信託基金,ETF,88191793,上市,槓桿／反向 ETF,ETF,槓桿/反向指數股票型基金,槓桿／反向 ETF,槓桿／反向 ETF,ETF 投資工具
00753L,00753L.TW,中信中國50正2,中國信託中國外資自由投資50不含A及B股傘型ETF證券投資信託基金之中國信託MSCI中國外資自由投資50不含A及B股單日正向2倍ETF證券投資信託基金,ETF,661157000,上市,槓桿／反向 ETF,ETF,槓桿/反向指數股票型基金,槓桿／反向 ETF,槓桿／反向 ETF,ETF 投資工具
00852L,00852L.TW,國泰美國道瓊正2,國泰道瓊工業平均指數單日正向2倍證券投資信託基金,ETF,8365000,上市,槓桿／反向 ETF,ETF,槓桿/反向指數股票型基金,槓桿／反向 ETF,槓桿／反向 ETF,ETF 投資工具
006205,006205.TW,富邦上証,富邦上証180證券投資信託基金,ETF,94272000,上市,海外股票 ETF,ETF,國外成分證券指數股票型基金,海外股票 ETF,海外股票 ETF,ETF 投資工具
006206,006206.TW,元大上證50,元大中國傘型證券投資信託基金之上證50證券投資信託基金,ETF,26778000,上市,海外股票 ETF,ETF,國外成分證券指數股票型基金,海外股票 ETF,海外股票 ETF,ETF 投資工具
006207,006207.TW,復華滬深,復華滬深300 A股證券投資信託基金,ETF,20892000,上市,海外股票 ETF,ETF,國外成分證券指數股票型基金,海外股票 ETF,海外股票 ETF,ETF 投資工具
00625K,00625K.TW,富邦上証+R,富邦上証180證券投資信託基金-加掛人民幣ETF受益憑證-國外成份/加掛外幣證券指數股票型基金,ETF,333000,上市,海外股票 ETF,ETF,國外成份/加掛外幣證券指數股票型基金,海外股票 ETF,海外股票 ETF,ETF 投資工具
00636,00636.TW,國泰中國A50,國泰富時中國A50證券投資信託基金,ETF,94946000,上市,海外股票 ETF,ETF,國外成分證券指數股票型基金,海外股票 ETF,海外股票 ETF,ETF 投資工具
00636K,00636K.TW,國泰中國A50+U,國泰富時中國A50證券投資信託基金(加掛美元受益憑證)-國外成份/加掛外幣證券指數股票型基金,ETF,62100,上市,海外股票 ETF,ETF,國外成份/加掛外幣證券指數股票型基金,海外股票 ETF,海外股票 ETF,ETF 投資工具
00639,00639.TW,富邦深100,富邦深証100證券投資信託基金,ETF,95903000,上市,海外股票 ETF,ETF,國外成分證券指數股票型基金,海外股票 ETF,海外股票 ETF,ETF 投資工具
00643,00643.TW,群益深証中小,群益深証中小１００證券投資信託基金,ETF,72700000,上市,海外股票 ETF,ETF,國外成分證券指數股票型基金,海外股票 ETF,海外股票 ETF,ETF 投資工具
00643K,00643K.TW,群益深証中小+R,群益深証中小１００證券投資信託基金加掛—人民幣ETF受益憑證-國外成份/加掛外幣證券指數股票型基金,ETF,197000,上市,海外股票 ETF,ETF,國外成份/加掛外幣證券指數股票型基金,海外股票 ETF,海外股票 ETF,ETF 投資工具
00645,00645.TW,富邦日本,富邦日本東証證券投資信託基金,ETF,42997000,上市,海外股票 ETF,ETF,國外成分證券指數股票型基金,海外股票 ETF,海外股票 ETF,ETF 投資工具
00646,00646.TW,元大S&amp;P500,元大標普500傘型證券投資信託基金之標普500證券投資信託基金,ETF,603485000,上市,海外股票 ETF,ETF,國外成分證券指數股票型基金,海外股票 ETF,海外股票 ETF,ETF 投資工具
00652,00652.TW,富邦印度,富邦印度ETF傘型證券投資信託基金之富邦印度NIFTY證券投資信託基金,ETF,61035000,上市,海外股票 ETF,ETF,國外成分證券指數股票型基金,海外股票 ETF,海外股票 ETF,ETF 投資工具
00657,00657.TW,國泰日經225,國泰日本ETF傘型證券投資信託基金之日經225證券投資信託基金,ETF,6113000,上市,海外股票 ETF,ETF,國外成分證券指數股票型基金,海外股票 ETF,海外股票 ETF,ETF 投資工具
00657K,00657K.TW,國泰日經225+U,國泰日本ETF傘型證券投資信託基金之日經225證券投資信託基金(加掛美元受益憑證)-國外成份/加掛外幣證券指數股票型基金,ETF,29900,上市,海外股票 ETF,ETF,國外成份/加掛外幣證券指數股票型基金,海外股票 ETF,海外股票 ETF,ETF 投資工具
00660,00660.TW,元大歐洲50,元大已開發國家傘型證券投資信託基金之元大歐洲50證券投資信託基金,ETF,7531000,上市,海外股票 ETF,ETF,國外成分證券指數股票型基金,海外股票 ETF,海外股票 ETF,ETF 投資工具
00661,00661.TW,元大日經225,元大已開發國家傘型證券投資信託基金之元大日經225證券投資信託基金,ETF,23425000,上市,海外股票 ETF,ETF,國外成分證券指數股票型基金,海外股票 ETF,海外股票 ETF,ETF 投資工具
00662,00662.TW,富邦NASDAQ,富邦NASDAQ-100證券投資信託基金,ETF,900529000,上市,海外股票 ETF,ETF,國外成分證券指數股票型基金,海外股票 ETF,海外股票 ETF,ETF 投資工具
00668,00668.TW,國泰美國道瓊,國泰美國ETF傘型證券投資信託基金之道瓊工業平均指數證券投資信託基金,ETF,7558000,上市,海外股票 ETF,ETF,國外成分證券指數股票型基金,海外股票 ETF,海外股票 ETF,ETF 投資工具
00668K,00668K.TW,國泰美國道瓊+U,國泰道瓊工業平均指數證券投資信託基金(加掛美元受益憑證)-國外成份/加掛外幣證券指數股票型基金,ETF,10500,上市,海外股票 ETF,ETF,國外成份/加掛外幣證券指數股票型基金,海外股票 ETF,海外股票 ETF,ETF 投資工具
00678,00678.TW,群益那斯達克生技,群益那斯達克生技證券投資信託基金,ETF,8948000,上市,海外股票 ETF,ETF,國外成分證券指數股票型基金,海外股票 ETF,海外股票 ETF,ETF 投資工具
00700,00700.TW,富邦恒生國企,富邦恒生國企ETF證券投資信託基金,ETF,31983000,上市,海外股票 ETF,ETF,國外成分證券指數股票型基金,海外股票 ETF,海外股票 ETF,ETF 投資工具
00702,00702.TW,國泰標普低波高息,國泰低波動ETF傘型證券投資信託基金之美國標普500低波動高股息證券投資信託基金,ETF,6688000,上市,海外股票 ETF,ETF,國外成分證券指數股票型基金,海外股票 ETF,海外股票 ETF,ETF 投資工具
00703,00703.TW,台新MSCI中國,台新MSCI新興市場國家傘型ETF證券投資信託基金之台新MSCI中國證券投資信託基金,ETF,9550000,上市,海外股票 ETF,ETF,國外成分證券指數股票型基金,海外股票 ETF,海外股票 ETF,ETF 投資工具
00709,00709.TW,富邦歐洲,富邦富時歐洲ETF證券投資信託基金,ETF,14960000,上市,海外股票 ETF,ETF,國外成分證券指數股票型基金,海外股票 ETF,海外股票 ETF,ETF 投資工具
00712,00712.TW,復華富時不動產,復華全球收益ETF傘型證券投資信託基金之復華富時不動產證券化證券投資信託基金,ETF,4971511000,上市,海外股票 ETF,ETF,國外成分證券指數股票型基金,海外股票 ETF,海外股票 ETF,ETF 投資工具
00714,00714.TW,群益道瓊美國地產,群益道瓊美國地產ETF證券投資信託基金,ETF,20067000,上市,海外股票 ETF,ETF,國外成分證券指數股票型基金,海外股票 ETF,海外股票 ETF,ETF 投資工具
00717,00717.TW,富邦美國特別股,富邦標普美國特別股ETF證券投資信託基金,ETF,119605000,上市,海外股票 ETF,ETF,國外成分證券指數股票型基金,海外股票 ETF,海外股票 ETF,ETF 投資工具
00735,00735.TW,國泰臺韓科技,國泰趨勢ETF傘型證券投資信託基金之臺韓科技證券投資信託基金,ETF,125289000,上市,海外股票 ETF,ETF,國外成分證券指數股票型基金,海外股票 ETF,海外股票 ETF,ETF 投資工具
00736,00736.TW,國泰新興市場,國泰趨勢ETF傘型證券投資信託基金之富時新興市場證券投資信託基金,ETF,6727000,上市,海外股票 ETF,ETF,國外成分證券指數股票型基金,海外股票 ETF,海外股票 ETF,ETF 投資工具
00737,00737.TW,國泰AI機器人,國泰趨勢ETF傘型證券投資信託基金之納斯達克全球人工智慧及機器人證券投資信託基金,ETF,22538000,上市,海外股票 ETF,ETF,國外成分證券指數股票型基金,海外股票 ETF,海外股票 ETF,ETF 投資工具
00739,00739.TW,元大MSCI A股,元大MSCI中國A股國際通ETF證券投資信託基金,ETF,25488000,上市,海外股票 ETF,ETF,國外成分證券指數股票型基金,海外股票 ETF,海外股票 ETF,ETF 投資工具
00752,00752.TW,中信中國50,中國信託中國外資自由投資50不含A及B股傘型ETF證券投資信託基金之中國信託MSCI中國外資自由50不含A及B股ETF證券投資信託基金,ETF,256216000,上市,海外股票 ETF,ETF,國外成分證券指數股票型基金,海外股票 ETF,海外股票 ETF,ETF 投資工具
00757,00757.TW,統一FANG+,統一NYSE FANG+ ETF證券投資信託基金,ETF,267494000,上市,海外股票 ETF,ETF,國外成分證券指數股票型基金,海外股票 ETF,海外股票 ETF,ETF 投資工具
00762,00762.TW,元大全球AI,元大全球人工智慧ETF證券投資信託基金,ETF,46748000,上市,海外股票 ETF,ETF,國外成分證券指數股票型基金,海外股票 ETF,海外股票 ETF,ETF 投資工具
00770,00770.TW,國泰標普北美科技ETF基金,國泰標普北美科技ETF證券投資信託基金,ETF,78458000,上市,海外股票 ETF,ETF,國外成分證券指數股票型基金,海外股票 ETF,海外股票 ETF,ETF 投資工具
00771,00771.TW,元大US高息特別股,元大標普美國高息特別股ETF證券投資信託基金,ETF,14225000,上市,海外股票 ETF,ETF,國外成分證券指數股票型基金,海外股票 ETF,海外股票 ETF,ETF 投資工具
00783,00783.TW,富邦中証500,富邦多元收益ⅡETF傘型證券投資信託基金之富邦中國中証中小500ETF證券投資信託基金,ETF,7031000,上市,海外股票 ETF,ETF,國外成分證券指數股票型基金,海外股票 ETF,海外股票 ETF,ETF 投資工具
00830,00830.TW,國泰費城半導體,國泰大三元ETF傘型證券投資信託基金之美國費城半導體證券投資信託基金,ETF,824465000,上市,海外股票 ETF,ETF,國外成分證券指數股票型基金,海外股票 ETF,海外股票 ETF,ETF 投資工具
00851,00851.TW,台新全球AI,台新SG全球AI機器人精選ETF證券投資信託基金,ETF,5525000,上市,海外股票 ETF,ETF,國外成分證券指數股票型基金,海外股票 ETF,海外股票 ETF,ETF 投資工具
00861,00861.TW,元大全球未來通訊,元大全球未來通訊ETF證券投資信託基金,ETF,69912000,上市,海外股票 ETF,ETF,國外成分證券指數股票型基金,海外股票 ETF,海外股票 ETF,ETF 投資工具
00875,00875.TW,國泰網路資安ETF,國泰網路資安ETF證券投資信託基金,ETF,14488000,上市,海外股票 ETF,ETF,國外成分證券指數股票型基金,海外股票 ETF,海外股票 ETF,ETF 投資工具
00876,00876.TW,元大全球5G(原名:元大未來關鍵科技),元大全球5G關鍵科技ETF證券投資信託基金(原名:元大全球未來關鍵科技ETF證券投資信託基金),ETF,94524000,上市,海外股票 ETF,ETF,國外成分證券指數股票型基金,海外股票 ETF,海外股票 ETF,ETF 投資工具
00882,00882.TW,中信中國高股息,中國信託全球收益ETF傘型證券投資信託基金之中國信託恒生中國高股息ETF證券投資信託基金,ETF,1974849000,上市,海外股票 ETF,ETF,國外成分證券指數股票型基金,海外股票 ETF,海外股票 ETF,ETF 投資工具
00885,00885.TW,富邦越南,富邦富時越南ETF證券投資信託基金,ETF,606738000,上市,海外股票 ETF,ETF,國外成分證券指數股票型基金,海外股票 ETF,海外股票 ETF,ETF 投資工具
00893,00893.TW,國泰智能電動車,國泰全球智能電動車ETF證券投資信託基金,ETF,358884000,上市,海外股票 ETF,ETF,國外成分證券指數股票型基金,海外股票 ETF,海外股票 ETF,ETF 投資工具
00895,00895.TW,富邦未來車,富邦未來車ETF證券投資信託基金,ETF,143916000,上市,海外股票 ETF,ETF,國外成分證券指數股票型基金,海外股票 ETF,海外股票 ETF,ETF 投資工具
00897,00897.TW,富邦基因免疫生技,富邦基因免疫生技ETF證券投資信託基金,ETF,128512000,上市,海外股票 ETF,ETF,國外成分證券指數股票型基金,海外股票 ETF,海外股票 ETF,ETF 投資工具
00898,00898.TW,國泰全球基因免疫與醫療革命ETF基金,國泰全球基因免疫與醫療革命ETF證券投資信託基金,ETF,117476000,上市,海外股票 ETF,ETF,國外成分證券指數股票型基金,海外股票 ETF,海外股票 ETF,ETF 投資工具
00899,00899.TW,FT潔淨能源(原名:富蘭克林潔淨能源),富蘭克林華美全球潔淨能源ETF證券投資信託基金,ETF,16135000,上市,海外股票 ETF,ETF,國外成分證券指數股票型基金,海外股票 ETF,海外股票 ETF,ETF 投資工具
00902,00902.TW,中信電池及儲能,中國信託電池及儲能科技ETF證券投資信託基金,ETF,223997000,上市,海外股票 ETF,ETF,國外成分證券指數股票型基金,海外股票 ETF,海外股票 ETF,ETF 投資工具
00903,00903.TW,富邦元宇宙,富邦元宇宙ETF證券投資信託基金,ETF,48221000,上市,海外股票 ETF,ETF,國外成分證券指數股票型基金,海外股票 ETF,海外股票 ETF,ETF 投資工具
00908,00908.TW,富邦入息REITs+,富邦全球入息不動產與基礎建設ETF證券投資信託基金,ETF,34416000,上市,海外股票 ETF,ETF,國外成分證券指數股票型基金,海外股票 ETF,海外股票 ETF,ETF 投資工具
00909,00909.TW,國泰全球數位支付服務ETF基金,國泰全球數位支付服務ETF證券投資信託基金,ETF,107204000,上市,海外股票 ETF,ETF,國外成分證券指數股票型基金,海外股票 ETF,海外股票 ETF,ETF 投資工具
00910,00910.TW,第一金太空衛星,第一金太空衛星ETF證券投資信託基金,ETF,117439000,上市,海外股票 ETF,ETF,國外成分證券指數股票型基金,海外股票 ETF,海外股票 ETF,ETF 投資工具
00911,00911.TW,兆豐洲際半導體,兆豐洲際半導體ETF證券投資信託基金,ETF,32403000,上市,海外股票 ETF,ETF,國外成分證券指數股票型基金,海外股票 ETF,海外股票 ETF,ETF 投資工具
00916,00916.TW,國泰全球品牌50,國泰全球品牌50ETF證券投資信託基金,ETF,105919000,上市,海外股票 ETF,ETF,國外成分證券指數股票型基金,海外股票 ETF,海外股票 ETF,ETF 投資工具
00917,00917.TW,中信特選金融,中國信託特選金融及數據ETF證券投資信託基金,ETF,61478000,上市,海外股票 ETF,ETF,國外成分證券指數股票型基金,海外股票 ETF,海外股票 ETF,ETF 投資工具
00920,00920.TW,富邦ESG綠色電力,富邦全球ESG綠色電力ETF證券投資信託基金,ETF,20280000,上市,海外股票 ETF,ETF,國外成分證券指數股票型基金,海外股票 ETF,海外股票 ETF,ETF 投資工具
00924,00924.TW,復華S&amp;P500成長,復華美國標普500成長ETF證券投資信託基金,ETF,436103000,上市,海外股票 ETF,ETF,國外成分證券指數股票型基金,海外股票 ETF,海外股票 ETF,ETF 投資工具
00926,00926.TW,凱基全球菁英55,凱基全球菁英55 ETF證券投資信託基金,ETF,102982000,上市,海外股票 ETF,ETF,國外成分證券指數股票型基金,海外股票 ETF,海外股票 ETF,ETF 投資工具
00941,00941.TW,中信上游半導體,中國信託上游半導體ETF證券投資信託基金,ETF,455291000,上市,海外股票 ETF,ETF,國外成分證券指數股票型基金,海外股票 ETF,海外股票 ETF,ETF 投資工具
00949,00949.TW,復華日本龍頭,復華日本護城河優勢龍頭企業ETF證券投資信託基金,ETF,167928000,上市,海外股票 ETF,ETF,國外成分證券指數股票型基金,海外股票 ETF,海外股票 ETF,ETF 投資工具
00951,00951.TW,台新日本半導體ETF,台新日本半導體ETF證券投資信託基金,ETF,225542000,上市,海外股票 ETF,ETF,國外成分證券指數股票型基金,海外股票 ETF,海外股票 ETF,ETF 投資工具
00954,00954.TW,中信日本半導體,中國信託日本ETF傘型證券投資信託基金之中國信託日本半導體ETF證券投資信託基金,ETF,122247000,上市,海外股票 ETF,ETF,國外成分證券指數股票型基金,海外股票 ETF,海外股票 ETF,ETF 投資工具
00956,00956.TW,中信日經高股息,中國信託日本ETF傘型證券投資信託基金之中國信託日經高股息50ETF證券投資信託基金,ETF,33130000,上市,海外股票 ETF,ETF,國外成分證券指數股票型基金,海外股票 ETF,海外股票 ETF,ETF 投資工具
00960,00960.TW,野村全球航運龍頭,野村全球航運龍頭息收ETF證券投資信託基金,ETF,64495000,上市,海外股票 ETF,ETF,國外成分證券指數股票型基金,海外股票 ETF,海外股票 ETF,ETF 投資工具
00963,00963.TW,中信全球高股息,中國信託優息ETF傘型證券投資信託基金之中國信託全球高股息ETF證券投資信託基金,ETF,112933000,上市,海外股票 ETF,ETF,國外成分證券指數股票型基金,海外股票 ETF,海外股票 ETF,ETF 投資工具
00964,00964.TW,中信亞太高股息,中國信託優息ETF傘型證券投資信託基金之中國信託亞太高股息ETF證券投資信託基金,ETF,66124000,上市,海外股票 ETF,ETF,國外成分證券指數股票型基金,海外股票 ETF,海外股票 ETF,ETF 投資工具
00965,00965.TW,元大航太防衛科技,元大全球航太與防衛科技ETF證券投資信託基金,ETF,407492000,上市,海外股票 ETF,ETF,國外成分證券指數股票型基金,海外股票 ETF,海外股票 ETF,ETF 投資工具
00971,00971.TW,野村美國研發龍頭,野村美日ETF傘型證券投資信託基金之美國創新研發龍頭ETF證券投資信託基金,ETF,55177000,上市,海外股票 ETF,ETF,國外成分證券指數股票型基金,海外股票 ETF,海外股票 ETF,ETF 投資工具
00972,00972.TW,野村日本動能高息,野村美日ETF傘型證券投資信託基金之日本價值動能高息ETF證券投資信託基金,ETF,15672000,上市,海外股票 ETF,ETF,國外成分證券指數股票型基金,海外股票 ETF,海外股票 ETF,ETF 投資工具
009800,009800.TW,中信NASDAQ,中國信託美國傘型證券投資信託基金之中國信託NASDAQ 100 ETF證券投資信託基金,ETF,284891000,上市,海外股票 ETF,ETF,國外成分證券指數股票型基金,海外股票 ETF,海外股票 ETF,ETF 投資工具
009801,009801.TW,中信美國創新科技,中國信託美國傘型證券投資信託基金之中國信託美國創新科技ETF證券投資信託基金,ETF,94619000,上市,海外股票 ETF,ETF,國外成分證券指數股票型基金,海外股票 ETF,海外股票 ETF,ETF 投資工具
009805,009805.TW,台新美國電力基建,台新美國電力基建息收ETF證券投資信託基金,ETF,594316000,上市,海外股票 ETF,ETF,國外成分證券指數股票型基金,海外股票 ETF,海外股票 ETF,ETF 投資工具
009810,009810.TW,玉山全球藍籌100,玉山全球跨國藍籌100 ETF證券投資信託基金,ETF,19154000,上市,海外股票 ETF,ETF,國外成分證券指數股票型基金,海外股票 ETF,海外股票 ETF,ETF 投資工具
009811,009811.TW,統一美國50ETF基金,統一美國50ETF證券投資信託基金,ETF,235950000,上市,海外股票 ETF,ETF,國外成分證券指數股票型基金,海外股票 ETF,海外股票 ETF,ETF 投資工具
009812,009812.TW,野村日本東證,野村日本東證ETF證券投資信託基金,ETF,93882000,上市,海外股票 ETF,ETF,連結式證券指數股票型基金,海外股票 ETF,海外股票 ETF,ETF 投資工具
009813,009813.TW,貝萊德標普卓越50,貝萊德iShares 安碩標普500卓越50 ETF 證券投資信託基金,ETF,332324000,上市,海外股票 ETF,ETF,國外成分證券指數股票型基金,海外股票 ETF,海外股票 ETF,ETF 投資工具
009817,009817.TW,國泰大和日本不動產收息ETF基金,國泰大和日本不動產收息ETF證券投資信託基金,ETF,223936000,上市,海外股票 ETF,ETF,連結式證券指數股票型基金,海外股票 ETF,海外股票 ETF,ETF 投資工具
009818,009818.TW,華南永昌NASDAQxT,華南永昌NASDAQ 100科技ETF證券投資信託基金,ETF,46152000,上市,海外股票 ETF,ETF,國外成分證券指數股票型基金,海外股票 ETF,海外股票 ETF,ETF 投資工具
009819,009819.TW,中信數據及電力,中國信託美國數據中心及電力ETF證券投資信託基金,ETF,585245000,上市,海外股票 ETF,ETF,國外成分證券指數股票型基金,海外股票 ETF,海外股票 ETF,ETF 投資工具
00981T,00981T.TW,平衡凱基雙核收息,凱基雙核收息債股平衡ETF證券投資信託基金,ETF,245761000,上市,海外股票 ETF,ETF,國外成分證券平衡型指數股票型基金,海外股票 ETF,海外股票 ETF,ETF 投資工具
009820,009820.TW,元大納斯達克精選,元大納斯達克100增強成長精選ETF證券投資信託基金,ETF,1156202000,上市,海外股票 ETF,ETF,國外成分證券指數股票型基金,海外股票 ETF,海外股票 ETF,ETF 投資工具
009821,009821.TW,野村稀土關鍵資源,野村全球稀土與關鍵資源ETF證券投資信託基金,ETF,540840000,上市,海外股票 ETF,ETF,國外成分證券指數股票型基金,海外股票 ETF,海外股票 ETF,ETF 投資工具
009824,009824.TW,群益美國科技巨頭ETF基金,群益美國科技巨頭ETF證券投資信託基金,ETF,559347000,上市,海外股票 ETF,ETF,國外成分證券指數股票型基金,海外股票 ETF,海外股票 ETF,ETF 投資工具
009826,009826.TW,貝萊德世界股票,貝萊德iShares安碩世界股票ETF證券投資信託基金,ETF,670304000,上市,海外股票 ETF,ETF,國外成分證券指數股票型基金,海外股票 ETF,海外股票 ETF,ETF 投資工具
009829,009829.TW,大華韓國KOSPI 50,大華銀韓國KOSPI 50 ETF 證券投資信託基金,ETF,309870000,上市,海外股票 ETF,ETF,國外成分證券指數股票型基金,海外股票 ETF,海外股票 ETF,ETF 投資工具
00982T,00982T.TW,平衡兆豐台美動能,兆豐台美動能股債平衡ETF證券投資信託基金,ETF,17097000,上市,海外股票 ETF,ETF,國外成分證券平衡型指數股票型基金,海外股票 ETF,海外股票 ETF,ETF 投資工具
00411A,00411A.TWO,主動統一前沿科技,主動統一前沿科技,ETF,701076000,上櫃,主動式 ETF,ETF,,主動式 ETF,主動式 ETF,ETF 投資工具
00980D,00980D.TWO,主動聯博投等入息,主動聯博投等入息,ETF,101957000,上櫃,主動式 ETF,ETF,,主動式 ETF,主動式 ETF,ETF 投資工具
00985D,00985D.TWO,主動貝萊德優投等,主動貝萊德優投等,ETF,101232000,上櫃,主動式 ETF,ETF,,主動式 ETF,主動式 ETF,ETF 投資工具
00998A,00998A.TWO,主動復華金融股息,主動復華金融股息,ETF,225609000,上櫃,主動式 ETF,ETF,,主動式 ETF,主動式 ETF,ETF 投資工具
00679B,00679B.TWO,元大美債20年,元大美債20年,ETF,6236692000,上櫃,債券 ETF,ETF,,債券 ETF,債券 ETF,ETF 投資工具
00687B,00687B.TWO,國泰20年美債,國泰20年美債,ETF,4238380380,上櫃,債券 ETF,ETF,,債券 ETF,債券 ETF,ETF 投資工具
00687C,00687C.TWO,國泰20年美債+櫃U,國泰20年美債+櫃U,ETF,1942268,上櫃,債券 ETF,ETF,,債券 ETF,債券 ETF,ETF 投資工具
00694B,00694B.TWO,富邦美債1-3,富邦美債1-3,ETF,27076000,上櫃,債券 ETF,ETF,,債券 ETF,債券 ETF,ETF 投資工具
00695B,00695B.TWO,富邦美債7-10,富邦美債7-10,ETF,40186000,上櫃,債券 ETF,ETF,,債券 ETF,債券 ETF,ETF 投資工具
00696B,00696B.TWO,富邦美債20年,富邦美債20年,ETF,612681000,上櫃,債券 ETF,ETF,,債券 ETF,債券 ETF,ETF 投資工具
00697B,00697B.TWO,元大美債7-10,元大美債7-10,ETF,64212000,上櫃,債券 ETF,ETF,,債券 ETF,債券 ETF,ETF 投資工具
00719B,00719B.TWO,元大美債1-3,元大美債1-3,ETF,304014000,上櫃,債券 ETF,ETF,,債券 ETF,債券 ETF,ETF 投資工具
00720B,00720B.TWO,元大投資級公司債,元大投資級公司債,ETF,4037109000,上櫃,債券 ETF,ETF,,債券 ETF,債券 ETF,ETF 投資工具
00722B,00722B.TWO,群益投資級電信債,群益投資級電信債,ETF,1459739000,上櫃,債券 ETF,ETF,,債券 ETF,債券 ETF,ETF 投資工具
00723B,00723B.TWO,群益投資級科技債,群益投資級科技債,ETF,1520583000,上櫃,債券 ETF,ETF,,債券 ETF,債券 ETF,ETF 投資工具
00724B,00724B.TWO,群益投資級金融債,群益投資級金融債,ETF,3022775000,上櫃,債券 ETF,ETF,,債券 ETF,債券 ETF,ETF 投資工具
00725B,00725B.TWO,國泰投資級公司債,國泰投資級公司債,ETF,3687706000,上櫃,債券 ETF,ETF,,債券 ETF,債券 ETF,ETF 投資工具
00726B,00726B.TWO,國泰新興投等債,國泰新興投等債,ETF,1187489000,上櫃,債券 ETF,ETF,,債券 ETF,債券 ETF,ETF 投資工具
00727B,00727B.TWO,國泰優選非投等債,國泰優選非投等債,ETF,57189000,上櫃,債券 ETF,ETF,,債券 ETF,債券 ETF,ETF 投資工具
00734B,00734B.TWO,台新JPM新興債,台新JPM新興債,ETF,24979000,上櫃,債券 ETF,ETF,,債券 ETF,債券 ETF,ETF 投資工具
00740B,00740B.TWO,富邦全球投等債,富邦全球投等債,ETF,2187971000,上櫃,債券 ETF,ETF,,債券 ETF,債券 ETF,ETF 投資工具
00741B,00741B.TWO,富邦全球非投等債,富邦全球非投等債,ETF,13128000,上櫃,債券 ETF,ETF,,債券 ETF,債券 ETF,ETF 投資工具
00746B,00746B.TWO,富邦A級公司債,富邦A級公司債,ETF,2549964000,上櫃,債券 ETF,ETF,,債券 ETF,債券 ETF,ETF 投資工具
00749B,00749B.TWO,凱基新興債10+,凱基新興債10+,ETF,1110500000,上櫃,債券 ETF,ETF,,債券 ETF,債券 ETF,ETF 投資工具
00750B,00750B.TWO,凱基科技債10+,凱基科技債10+,ETF,148000000,上櫃,債券 ETF,ETF,,債券 ETF,債券 ETF,ETF 投資工具
00751B,00751B.TWO,元大AAA至A公司債,元大AAA至A公司債,ETF,5197603000,上櫃,債券 ETF,ETF,,債券 ETF,債券 ETF,ETF 投資工具
00754B,00754B.TWO,群益AAA-AA公司債,群益AAA-AA公司債,ETF,1277900000,上櫃,債券 ETF,ETF,,債券 ETF,債券 ETF,ETF 投資工具
00755B,00755B.TWO,群益投資級公用債,群益投資級公用債,ETF,280230000,上櫃,債券 ETF,ETF,,債券 ETF,債券 ETF,ETF 投資工具
00756B,00756B.TWO,群益投等新興公債,群益投等新興公債,ETF,1299300000,上櫃,債券 ETF,ETF,,債券 ETF,債券 ETF,ETF 投資工具
00758B,00758B.TWO,復華能源債,復華能源債,ETF,5525000,上櫃,債券 ETF,ETF,,債券 ETF,債券 ETF,ETF 投資工具
00759B,00759B.TWO,復華製藥債,復華製藥債,ETF,47525000,上櫃,債券 ETF,ETF,,債券 ETF,債券 ETF,ETF 投資工具
00760B,00760B.TWO,復華新興企業債,復華新興企業債,ETF,435020000,上櫃,債券 ETF,ETF,,債券 ETF,債券 ETF,ETF 投資工具
00761B,00761B.TWO,國泰A級公司債,國泰A級公司債,ETF,2735089000,上櫃,債券 ETF,ETF,,債券 ETF,債券 ETF,ETF 投資工具
00764B,00764B.TWO,群益25年美債,群益25年美債,ETF,1543000000,上櫃,債券 ETF,ETF,,債券 ETF,債券 ETF,ETF 投資工具
00768B,00768B.TWO,復華20年美債,復華20年美債,ETF,789600000,上櫃,債券 ETF,ETF,,債券 ETF,債券 ETF,ETF 投資工具
00772B,00772B.TWO,中信高評級公司債,中信高評級公司債,ETF,3366790000,上櫃,債券 ETF,ETF,,債券 ETF,債券 ETF,ETF 投資工具
00773B,00773B.TWO,中信優先金融債,中信優先金融債,ETF,2593790000,上櫃,債券 ETF,ETF,,債券 ETF,債券 ETF,ETF 投資工具
00777B,00777B.TWO,凱基AAA至A公司債,凱基AAA至A公司債,ETF,2076650000,上櫃,債券 ETF,ETF,,債券 ETF,債券 ETF,ETF 投資工具
00778B,00778B.TWO,凱基金融債20+,凱基金融債20+,ETF,1522150000,上櫃,債券 ETF,ETF,,債券 ETF,債券 ETF,ETF 投資工具
00779B,00779B.TWO,凱基美債25+,凱基美債25+,ETF,1297650000,上櫃,債券 ETF,ETF,,債券 ETF,債券 ETF,ETF 投資工具
00780B,00780B.TWO,國泰A級金融債,國泰A級金融債,ETF,246102000,上櫃,債券 ETF,ETF,,債券 ETF,債券 ETF,ETF 投資工具
00781B,00781B.TWO,國泰A級科技債,國泰A級科技債,ETF,8336000,上櫃,債券 ETF,ETF,,債券 ETF,債券 ETF,ETF 投資工具
00782B,00782B.TWO,國泰A級公用債,國泰A級公用債,ETF,20467000,上櫃,債券 ETF,ETF,,債券 ETF,債券 ETF,ETF 投資工具
00785B,00785B.TWO,富邦金融投等債,富邦金融投等債,ETF,1063466000,上櫃,債券 ETF,ETF,,債券 ETF,債券 ETF,ETF 投資工具
00786B,00786B.TWO,元大10年IG銀行債,元大10年IG銀行債,ETF,19566000,上櫃,債券 ETF,ETF,,債券 ETF,債券 ETF,ETF 投資工具
00787B,00787B.TWO,元大10年IG醫療債,元大10年IG醫療債,ETF,11806000,上櫃,債券 ETF,ETF,,債券 ETF,債券 ETF,ETF 投資工具
00788B,00788B.TWO,元大10年IG電能債,元大10年IG電能債,ETF,24706000,上櫃,債券 ETF,ETF,,債券 ETF,債券 ETF,ETF 投資工具
00789B,00789B.TWO,復華公司債A3,復華公司債A3,ETF,455600000,上櫃,債券 ETF,ETF,,債券 ETF,債券 ETF,ETF 投資工具
00791B,00791B.TWO,復華信用債1-5,復華信用債1-5,ETF,281100000,上櫃,債券 ETF,ETF,,債券 ETF,債券 ETF,ETF 投資工具
00792B,00792B.TWO,群益A級公司債,群益A級公司債,ETF,2317615000,上櫃,債券 ETF,ETF,,債券 ETF,債券 ETF,ETF 投資工具
00793B,00793B.TWO,群益AAA-A醫療債,群益AAA-A醫療債,ETF,2526000,上櫃,債券 ETF,ETF,,債券 ETF,債券 ETF,ETF 投資工具
00795B,00795B.TWO,中信美國公債20年,中信美國公債20年,ETF,1518098000,上櫃,債券 ETF,ETF,,債券 ETF,債券 ETF,ETF 投資工具
00799B,00799B.TWO,國泰A級醫療債,國泰A級醫療債,ETF,26036000,上櫃,債券 ETF,ETF,,債券 ETF,債券 ETF,ETF 投資工具
00834B,00834B.TWO,第一金金融債10+,第一金金融債10+,ETF,23198000,上櫃,債券 ETF,ETF,,債券 ETF,債券 ETF,ETF 投資工具
00836B,00836B.TWO,永豐10年A公司債,永豐10年A公司債,ETF,631041000,上櫃,債券 ETF,ETF,,債券 ETF,債券 ETF,ETF 投資工具
00841B,00841B.TWO,凱基AAA-AA公司債,凱基AAA-AA公司債,ETF,70440000,上櫃,債券 ETF,ETF,,債券 ETF,債券 ETF,ETF 投資工具
00842B,00842B.TWO,台新美元銀行債,台新美元銀行債,ETF,20767000,上櫃,債券 ETF,ETF,,債券 ETF,債券 ETF,ETF 投資工具
00844B,00844B.TWO,台新15年IG金融債,台新15年IG金融債,ETF,213175000,上櫃,債券 ETF,ETF,,債券 ETF,債券 ETF,ETF 投資工具
00845B,00845B.TWO,富邦新興投等債,富邦新興投等債,ETF,237051000,上櫃,債券 ETF,ETF,,債券 ETF,債券 ETF,ETF 投資工具
00846B,00846B.TWO,富邦歐洲銀行債,富邦歐洲銀行債,ETF,74350000,上櫃,債券 ETF,ETF,,債券 ETF,債券 ETF,ETF 投資工具
00847B,00847B.TWO,中信美國市政債,中信美國市政債,ETF,4305000,上櫃,債券 ETF,ETF,,債券 ETF,債券 ETF,ETF 投資工具
00848B,00848B.TWO,中信新興亞洲債,中信新興亞洲債,ETF,136066000,上櫃,債券 ETF,ETF,,債券 ETF,債券 ETF,ETF 投資工具
00849B,00849B.TWO,中信EM主權債0-5,中信EM主權債0-5,ETF,486106000,上櫃,債券 ETF,ETF,,債券 ETF,債券 ETF,ETF 投資工具
00853B,00853B.TWO,統一美債10年Aa-A,統一美債10年Aa-A,ETF,178134000,上櫃,債券 ETF,ETF,,債券 ETF,債券 ETF,ETF 投資工具
00856B,00856B.TWO,永豐1-3年美公債,永豐1-3年美公債,ETF,6792000,上櫃,債券 ETF,ETF,,債券 ETF,債券 ETF,ETF 投資工具
00857B,00857B.TWO,永豐20年美公債,永豐20年美公債,ETF,600268000,上櫃,債券 ETF,ETF,,債券 ETF,債券 ETF,ETF 投資工具
00859B,00859B.TWO,群益0-1年美債,群益0-1年美債,ETF,29011000,上櫃,債券 ETF,ETF,,債券 ETF,債券 ETF,ETF 投資工具
00860B,00860B.TWO,群益1-5Y投資級債,群益1-5Y投資級債,ETF,2671000,上櫃,債券 ETF,ETF,,債券 ETF,債券 ETF,ETF 投資工具
00862B,00862B.TWO,中信投資級公司債,中信投資級公司債,ETF,879381000,上櫃,債券 ETF,ETF,,債券 ETF,債券 ETF,ETF 投資工具
00863B,00863B.TWO,中信全球電信債,中信全球電信債,ETF,511964000,上櫃,債券 ETF,ETF,,債券 ETF,債券 ETF,ETF 投資工具
00864B,00864B.TWO,中信美國公債0-1,中信美國公債0-1,ETF,102722000,上櫃,債券 ETF,ETF,,債券 ETF,債券 ETF,ETF 投資工具
00867B,00867B.TWO,台新A-BBB電信債,台新A-BBB電信債,ETF,565150000,上櫃,債券 ETF,ETF,,債券 ETF,債券 ETF,ETF 投資工具
00870B,00870B.TWO,元大15年EM主權債,元大15年EM主權債,ETF,564151000,上櫃,債券 ETF,ETF,,債券 ETF,債券 ETF,ETF 投資工具
00884B,00884B.TWO,中信低碳新興債,中信低碳新興債,ETF,75440000,上櫃,債券 ETF,ETF,,債券 ETF,債券 ETF,ETF 投資工具
00890B,00890B.TWO,凱基ESG BBB債15+,凱基ESG BBB債15+,ETF,18264000,上櫃,債券 ETF,ETF,,債券 ETF,債券 ETF,ETF 投資工具
00931B,00931B.TWO,統一美債20年,統一美債20年,ETF,2248398000,上櫃,債券 ETF,ETF,,債券 ETF,債券 ETF,ETF 投資工具
00933B,00933B.TWO,國泰10Y+金融債,國泰10Y+金融債,ETF,6512458000,上櫃,債券 ETF,ETF,,債券 ETF,債券 ETF,ETF 投資工具
00937B,00937B.TWO,群益ESG投等債20+,群益ESG投等債20+,ETF,17147805000,上櫃,債券 ETF,ETF,,債券 ETF,債券 ETF,ETF 投資工具
00942B,00942B.TWO,台新美A公司債20+,台新美A公司債20+,ETF,2012959000,上櫃,債券 ETF,ETF,,債券 ETF,債券 ETF,ETF 投資工具
00948B,00948B.TWO,中信優息投資級債,中信優息投資級債,ETF,3990427000,上櫃,債券 ETF,ETF,,債券 ETF,債券 ETF,ETF 投資工具
00950B,00950B.TWO,凱基A級公司債,凱基A級公司債,ETF,4108309000,上櫃,債券 ETF,ETF,,債券 ETF,債券 ETF,ETF 投資工具
00957B,00957B.TWO,兆豐US優選投等債,兆豐US優選投等債,ETF,188263000,上櫃,債券 ETF,ETF,,債券 ETF,債券 ETF,ETF 投資工具
00958B,00958B.TWO,永豐ESG銀行債15+,永豐ESG銀行債15+,ETF,121771000,上櫃,債券 ETF,ETF,,債券 ETF,債券 ETF,ETF 投資工具
00959B,00959B.TWO,大華投等美債15Y+,大華投等美債15Y+,ETF,510336000,上櫃,債券 ETF,ETF,,債券 ETF,債券 ETF,ETF 投資工具
00966B,00966B.TWO,統一ESG投等債15+,統一ESG投等債15+,ETF,119732000,上櫃,債券 ETF,ETF,,債券 ETF,債券 ETF,ETF 投資工具
00967B,00967B.TWO,元大優息美債,元大優息美債,ETF,179907000,上櫃,債券 ETF,ETF,,債券 ETF,債券 ETF,ETF 投資工具
00968B,00968B.TWO,元大優息投等債,元大優息投等債,ETF,794511000,上櫃,債券 ETF,ETF,,債券 ETF,債券 ETF,ETF 投資工具
00969B,00969B.TWO,元大零息超長美債,元大零息超長美債,ETF,148133000,上櫃,債券 ETF,ETF,,債券 ETF,債券 ETF,ETF 投資工具
00970B,00970B.TWO,台新BBB投等債20+,台新BBB投等債20+,ETF,391229000,上櫃,債券 ETF,ETF,,債券 ETF,債券 ETF,ETF 投資工具
00980B,00980B.TWO,台新特選IG債10+,台新特選IG債10+,ETF,53569000,上櫃,債券 ETF,ETF,,債券 ETF,債券 ETF,ETF 投資工具
00981B,00981B.TWO,第一金優選非投債,第一金優選非投債,ETF,1496113000,上櫃,債券 ETF,ETF,,債券 ETF,債券 ETF,ETF 投資工具
00981D,00981D.TWO,主動中信非投等債,主動中信非投等債,ETF,505300000,上櫃,債券 ETF,ETF,,債券 ETF,債券 ETF,ETF 投資工具
00982B,00982B.TWO,FT投資級債20+,FT投資級債20+,ETF,25900000,上櫃,債券 ETF,ETF,,債券 ETF,債券 ETF,ETF 投資工具
00983B,00983B.TWO,大華優利美公債20,大華優利美公債20,ETF,24153000,上櫃,債券 ETF,ETF,,債券 ETF,債券 ETF,ETF 投資工具
00984B,00984B.TWO,大華優利美A債15,大華優利美A債15,ETF,124933000,上櫃,債券 ETF,ETF,,債券 ETF,債券 ETF,ETF 投資工具
00986B,00986B.TWO,FT金融債10+,FT金融債10+,ETF,21262000,上櫃,債券 ETF,ETF,,債券 ETF,債券 ETF,ETF 投資工具
00986D,00986D.TWO,主動復華金融債息,主動復華金融債息,ETF,148677000,上櫃,債券 ETF,ETF,,債券 ETF,債券 ETF,ETF 投資工具
00987B,00987B.TWO,野村10+澳洲公債,野村10+澳洲公債,ETF,72327000,上櫃,債券 ETF,ETF,,債券 ETF,債券 ETF,ETF 投資工具
00987D,00987D.TWO,主動統一美債量化,主動統一美債量化,ETF,95023000,上櫃,債券 ETF,ETF,,債券 ETF,債券 ETF,ETF 投資工具
00988B,00988B.TWO,玉山嚴選非投債,玉山嚴選非投債,ETF,157333000,上櫃,債券 ETF,ETF,,債券 ETF,債券 ETF,ETF 投資工具
00989B,00989B.TWO,台新美國非投等債,台新美國非投等債,ETF,80452000,上櫃,債券 ETF,ETF,,債券 ETF,債券 ETF,ETF 投資工具
00990B,00990B.TWO,國泰收益非投等債,國泰收益非投等債,ETF,84350000,上櫃,債券 ETF,ETF,,債券 ETF,債券 ETF,ETF 投資工具
006201,006201.TWO,元大富櫃50,元大富櫃50,ETF,22946000,上櫃,台灣股票 ETF,ETF,,台灣股票 ETF,台灣股票 ETF,ETF 投資工具
00840B,00840B.TWO,凱基IG精選15+,凱基IG精選15+,ETF,59431000,上櫃,台灣股票 ETF,ETF,,台灣股票 ETF,台灣股票 ETF,ETF 投資工具
00888,00888.TWO,永豐台灣ESG,永豐台灣ESG,ETF,663478000,上櫃,台灣股票 ETF,ETF,,台灣股票 ETF,台灣股票 ETF,ETF 投資工具
00928,00928.TWO,中信上櫃ESG 30,中信上櫃ESG 30,ETF,43856000,上櫃,台灣股票 ETF,ETF,,台灣股票 ETF,台灣股票 ETF,ETF 投資工具
009806,009806.TWO,台新標普500,台新標普500,ETF,13661000,上櫃,台灣股票 ETF,ETF,,台灣股票 ETF,台灣股票 ETF,ETF 投資工具
009807,009807.TWO,台新標普科技精選,台新標普科技精選,ETF,14260000,上櫃,台灣股票 ETF,ETF,,台灣股票 ETF,台灣股票 ETF,ETF 投資工具
009814,009814.TWO,富邦標普500,富邦標普500,ETF,149576000,上櫃,台灣股票 ETF,ETF,,台灣股票 ETF,台灣股票 ETF,ETF 投資工具
009822,009822.TWO,華南永昌未來金融,華南永昌未來金融,ETF,89056000,上櫃,台灣股票 ETF,ETF,,台灣股票 ETF,台灣股票 ETF,ETF 投資工具
009823,009823.TWO,群益S&P500,群益S&P500,ETF,351317000,上櫃,台灣股票 ETF,ETF,,台灣股票 ETF,台灣股票 ETF,ETF 投資工具
00858,00858.TWO,永豐美國500大,永豐美國500大,ETF,117374000,上櫃,海外股票 ETF,ETF,,海外股票 ETF,海外股票 ETF,ETF 投資工具
00877,00877.TWO,復華中國5G,復華中國5G,ETF,163788000,上櫃,海外股票 ETF,ETF,,海外股票 ETF,海外股票 ETF,ETF 投資工具
00886,00886.TWO,永豐美國科技,永豐美國科技,ETF,4451000,上櫃,海外股票 ETF,ETF,,海外股票 ETF,海外股票 ETF,ETF 投資工具
00887,00887.TWO,永豐中國科技50大,永豐中國科技50大,ETF,447351000,上櫃,海外股票 ETF,ETF,,海外股票 ETF,海外股票 ETF,ETF 投資工具
00955,00955.TWO,中信日本商社,中信日本商社,ETF,508931000,上櫃,海外股票 ETF,ETF,,海外股票 ETF,海外股票 ETF,ETF 投資工具
00980T,00980T.TWO,平衡凱基美國TOP,平衡凱基美國TOP,ETF,74918000,上櫃,海外股票 ETF,ETF,,海外股票 ETF,海外股票 ETF,ETF 投資工具
009815,009815.TWO,大華美國MAG7+,大華美國MAG7+,ETF,434170000,上櫃,海外股票 ETF,ETF,,海外股票 ETF,海外股票 ETF,ETF 投資工具
009825,009825.TWO,聯邦美國金融創新,聯邦美國金融創新,ETF,129208000,上櫃,海外股票 ETF,ETF,,海外股票 ETF,海外股票 ETF,ETF 投資工具
2323,2323.TW,中環,中環股份有限公司,26,980413495,上市,光電業,股票,,光電業,光電業,待進一步分類
2349,2349.TW,錸德,錸德科技股份有限公司,26,693679663,上市,光電業,股票,,光電業,光電業,待進一步分類
2374,2374.TW,佳能,佳能企業股份有限公司,26,337992133,上市,光電業,股票,,光電業,光電業,待進一步分類
2393,2393.TW,億光,億光電子工業股份有限公司,26,443393086,上市,光電業,股票,,光電業,光電業,待進一步分類
2406,2406.TW,國碩,國碩科技工業股份有限公司,26,350905689,上市,光電業,股票,,光電業,光電業,待進一步分類
2409,2409.TW,友達,友達光電股份有限公司,26,7547098972,上市,光電業,股票,,光電業,光電業,待進一步分類
2426,2426.TW,鼎元,鼎元光電科技股份有限公司,26,300622252,上市,光電業,股票,,光電業,光電業,待進一步分類
2429,2429.TW,銘旺科,銘旺科技股份有限公司,26,85500000,上市,光電業,股票,,光電業,光電業,待進一步分類
2438,2438.TW,翔耀,翔耀實業股份有限公司,26,71195641,上市,光電業,股票,,光電業,光電業,待進一步分類
2466,2466.TW,冠西電,冠西電子企業股份有限公司,26,173458697,上市,光電業,股票,,光電業,光電業,待進一步分類
2486,2486.TW,一詮,一詮精密工業股份有限公司,26,240482510,上市,光電業,股票,,光電業,光電業,待進一步分類
2489,2489.TW,瑞軒,瑞軒科技股份有限公司,26,610000000,上市,光電業,股票,,光電業,光電業,待進一步分類
2491,2491.TW,吉祥全,吉祥全球實業股份有限公司,26,82008000,上市,光電業,股票,,光電業,光電業,待進一步分類
3008,3008.TW,大立光,大立光電股份有限公司,26,130798197,上市,光電業,股票,,光學與光通訊,矽光子／高速光通訊,光學元件／模組
3019,3019.TW,亞光,亞洲光學股份有限公司,26,279243901,上市,光電業,股票,,光學與光通訊,矽光子／高速光通訊,光學元件／模組
3024,3024.TW,憶聲,憶聲電子股份有限公司,26,277157496,上市,光電業,股票,,光電業,光電業,待進一步分類
3031,3031.TW,佰鴻,佰鴻工業股份有限公司,26,173203224,上市,光電業,股票,,光電業,光電業,待進一步分類
3038,3038.TW,全台,全台晶像股份有限公司,26,157407603,上市,光電業,股票,,光電業,光電業,待進一步分類
3049,3049.TW,精金,精金科技股份有限公司,26,802010529,上市,光電業,股票,,光電業,光電業,待進一步分類
3050,3050.TW,鈺德,鈺德科技股份有限公司,26,154984450,上市,光電業,股票,,光電業,光電業,待進一步分類
3051,3051.TW,力特,力特光電科技股份有限公司,26,167000000,上市,光電業,股票,,光電業,光電業,待進一步分類
3059,3059.TW,華晶科,華晶科技股份有限公司,26,307668025,上市,光電業,股票,,光電業,光電業,待進一步分類
3149,3149.TW,正達,正達國際光電股份有限公司,26,226233604,上市,光電業,股票,,光電業,光電業,待進一步分類
3168,3168.TW,眾福科,眾福科技股份有限公司,26,75099649,上市,光電業,股票,,光電業,光電業,待進一步分類
3356,3356.TW,奇偶,奇偶科技股份有限公司,26,68550422,上市,光電業,股票,,光電業,光電業,待進一步分類
3406,3406.TW,玉晶光,玉晶光電股份有限公司,26,112743063,上市,光電業,股票,,光學與光通訊,矽光子／高速光通訊,光學元件／模組
3437,3437.TW,榮創,榮創能源科技股份有限公司,26,144548000,上市,光電業,股票,,光電業,光電業,待進一步分類
3481,3481.TW,群創,群創光電股份有限公司,26,7989197337,上市,光電業,股票,,光電業,光電業,待進一步分類
3504,3504.TW,揚明光,揚明光學股份有限公司,26,114059785,上市,光電業,股票,,光電業,光電業,待進一步分類
3535,3535.TW,晶彩科,晶彩科技股份有限公司,26,79052356,上市,光電業,股票,,光電業,光電業,待進一步分類
3543,3543.TW,州巧,州巧科技股份有限公司,26,110263150,上市,光電業,股票,,光電業,光電業,待進一步分類
3563,3563.TW,牧德,牧德科技股份有限公司,26,63960858,上市,光電業,股票,,光電業,光電業,待進一步分類
3576,3576.TW,聯合再生,聯合再生能源股份有限公司,26,1627795375,上市,光電業,股票,,重電與綠能,電網升級／能源轉型,重電／能源設備
3591,3591.TW,艾笛森,艾笛森光電股份有限公司,26,130386835,上市,光電業,股票,,光電業,光電業,待進一步分類
3622,3622.TW,洋華,洋華光電股份有限公司,26,151327600,上市,光電業,股票,,光電業,光電業,待進一步分類
3673,3673.TW,TPK-KY,"TPK Holding Co., Ltd.",26,406663759,上市,光電業,股票,,光電業,光電業,待進一步分類
3714,3714.TW,富采,富采控股股份有限公司,26,737940460,上市,光電業,股票,,光電業,光電業,待進一步分類
4934,4934.TW,太極,太極能源科技股份有限公司,26,225000000,上市,光電業,股票,,光電業,光電業,待進一步分類
4935,4935.TW,茂林-KY,茂林光電科技(開曼)股份有限公司,26,128864091,上市,光電業,股票,,光電業,光電業,待進一步分類
4942,4942.TW,嘉彰,嘉彰股份有限公司,26,142367613,上市,光電業,股票,,光電業,光電業,待進一步分類
4949,4949.TW,有成精密,有成精密股份有限公司,26,67703143,上市,光電業,股票,,光電業,光電業,待進一步分類
4956,4956.TW,光鋐,光鋐科技股份有限公司,26,100408236,上市,光電業,股票,,光電業,光電業,待進一步分類
4960,4960.TW,誠美材,誠美材料科技股份有限公司,26,571705388,上市,光電業,股票,,光電業,光電業,待進一步分類
4976,4976.TW,佳凌,佳凌科技股份有限公司,26,141218000,上市,光電業,股票,,光電業,光電業,待進一步分類
5234,5234.TW,達興材料,達興材料股份有限公司,26,102715911,上市,光電業,股票,,光電業,光電業,待進一步分類
5243,5243.TW,乙盛-KY,乙盛精密工業股份有限公司,26,168528915,上市,光電業,股票,,光電業,光電業,待進一步分類
5244,5244.TW,弘凱,弘凱光電股份有限公司,26,68241899,上市,光電業,股票,,光電業,光電業,待進一步分類
5484,5484.TW,慧友,慧友電子股份有限公司,26,66801000,上市,光電業,股票,,光電業,光電業,待進一步分類
6116,6116.TW,彩晶,瀚宇彩晶股份有限公司,26,2858654851,上市,光電業,股票,,光電業,光電業,待進一步分類
6120,6120.TW,達運,達運精密工業股份有限公司,26,598999602,上市,光電業,股票,,光電業,光電業,待進一步分類
6164,6164.TW,華興,華興電子工業股份有限公司,26,80000000,上市,光電業,股票,,光電業,光電業,待進一步分類
6168,6168.TW,宏齊,宏齊科技股份有限公司,26,205761801,上市,光電業,股票,,光電業,光電業,待進一步分類
6176,6176.TW,瑞儀,瑞儀光電股份有限公司,26,348770447,上市,光電業,股票,,光電業,光電業,待進一步分類
6209,6209.TW,今國光,今國光學工業股份有限公司,26,180462702,上市,光電業,股票,,光電業,光電業,待進一步分類
6225,6225.TW,天瀚,天瀚科技股份有限公司,26,27800000,上市,光電業,股票,,光電業,光電業,待進一步分類
6226,6226.TW,光鼎,光鼎電子股份有限公司,26,115534789,上市,光電業,股票,,光電業,光電業,待進一步分類
6278,6278.TW,台表科,台灣表面黏著科技股份有限公司,26,292398353,上市,光電業,股票,,光電業,光電業,待進一步分類
6405,6405.TW,悅城,悅城科技股份有限公司,26,65800000,上市,光電業,股票,,光電業,光電業,待進一步分類
6443,6443.TW,元晶,元晶太陽能科技股份有限公司,26,512796730,上市,光電業,股票,,光電業,光電業,待進一步分類
6456,6456.TW,GIS-KY,GIS Holding Limited,26,337939800,上市,光電業,股票,,光電業,光電業,待進一步分類
6477,6477.TW,安集,安集科技股份有限公司,26,123787196,上市,光電業,股票,,光電業,光電業,待進一步分類
6668,6668.TW,中揚光,中揚光電股份有限公司,26,107116087,上市,光電業,股票,,光電業,光電業,待進一步分類
6706,6706.TW,惠特,惠特科技股份有限公司,26,78548865,上市,光電業,股票,,光電業,光電業,待進一步分類
6742,6742.TW,澤米,澤米科技股份有限公司,26,71267948,上市,光電業,股票,,光電業,光電業,待進一步分類
6916,6916.TW,華凌,華凌光電股份有限公司,26,67500000,上市,光電業,股票,,光電業,光電業,待進一步分類
8104,8104.TW,錸寶,錸寶科技股份有限公司,26,104058192,上市,光電業,股票,,光電業,光電業,待進一步分類
8105,8105.TW,凌巨,凌巨科技股份有限公司,26,441544851,上市,光電業,股票,,光電業,光電業,待進一步分類
8215,8215.TW,明基材,明基材料股份有限公司,26,320674514,上市,光電業,股票,,光電業,光電業,待進一步分類
1342,1342.TW,八貫,八貫企業股份有限公司,20,78000902,上市,其他,股票,,其他,其他,待進一步分類
1416,1416.TW,廣豐,廣豐實業股份有限公司,20,185342168,上市,其他,股票,,其他,其他,待進一步分類
1435,1435.TW,中福,中福國際(股)公司,20,139780080,上市,其他,股票,,其他,其他,待進一步分類
1437,1437.TW,勤益控,勤益投資控股股份有限公司,20,201871284,上市,其他,股票,,其他,其他,待進一步分類
1443,1443.TW,立益物流,立益物流開發股份有限公司,20,135343011,上市,其他,股票,,其他,其他,待進一步分類
1516,1516.TW,川飛,川飛能源股份有限公司,20,40008195,上市,其他,股票,,其他,其他,待進一步分類
2348,2348.TW,海悅,海悅國際開發股份有限公司,20,159485596,上市,其他,股票,,其他,其他,待進一步分類
2496,2496.TW,卓越,卓越成功股份有限公司,20,19100440,上市,其他,股票,,其他,其他,待進一步分類
2514,2514.TW,龍邦,龍邦國際興業股份有限公司,20,394729278,上市,其他,股票,,其他,其他,待進一步分類
2614,2614.TW,東森,東森國際股份有限公司,20,327264946,上市,其他,股票,,其他,其他,待進一步分類
2904,2904.TW,匯僑,匯僑股份有限公司,20,77834432,上市,其他,股票,,其他,其他,待進一步分類
3040,3040.TW,遠見,遠見科技股份有限公司,20,66224538,上市,其他,股票,,其他,其他,待進一步分類
5284,5284.TW,jpp-KY,經寶精密控股股份有限公司,20,52892683,上市,其他,股票,,其他,其他,待進一步分類
5871,5871.TW,中租-KY,中租控股股份有限公司,20,1745649584,上市,其他,股票,,其他,其他,待進一步分類
6184,6184.TW,大豐電,大豐有線電視股份有限公司,20,158230657,上市,其他,股票,,其他,其他,待進一步分類
6464,6464.TW,台數科,台灣數位光訊科技股份有限公司,20,133932793,上市,其他,股票,,其他,其他,待進一步分類
6504,6504.TW,南六,南六企業股份有限公司,20,72600000,上市,其他,股票,,其他,其他,待進一步分類
6585,6585.TW,鼎基,鼎基先進材料股份有限公司,20,72133587,上市,其他,股票,,其他,其他,待進一步分類
6592,6592.TW,和潤企業,和潤企業股份有限公司,20,641845008,上市,其他,股票,,其他,其他,待進一步分類
6625,6625.TW,必應,必應創造股份有限公司,20,57972488,上市,其他,股票,,其他,其他,待進一步分類
6655,6655.TW,科定,科定企業股份有限公司,20,80571817,上市,其他,股票,,其他,其他,待進一步分類
6901,6901.TW,鑽石投資,鑽石生技投資股份有限公司,20,853360000,上市,其他,股票,,其他,其他,待進一步分類
6914,6914.TW,阜爾運通,阜爾運通股份有限公司,20,66226000,上市,其他,股票,,其他,其他,待進一步分類
6952,6952.TW,大武山,大武山牧場科技股份有限公司,20,68345000,上市,其他,股票,,其他,其他,待進一步分類
6957,6957.TW,裕慶-KY,裕慶金屬股份有限公司,20,55560314,上市,其他,股票,,其他,其他,待進一步分類
6958,6958.TW,日盛台駿,日盛台駿國際租賃股份有限公司,20,401289360,上市,其他,股票,,其他,其他,待進一步分類
7855,7855.TW,和運租車,和運租車股份有限公司,20,192527928,上市,其他,股票,,其他,其他,待進一步分類
8033,8033.TW,雷虎,雷虎科技股份有限公司,20,164629775,上市,其他,股票,,軍工與無人機,國防自主,航太／無人機零組件
8404,8404.TW,百和興業-KY,百和興業股份有限公司(開曼),20,419933884,上市,其他,股票,,其他,其他,待進一步分類
8411,8411.TW,福貞-KY,福貞控股股份有限公司,20,218404319,上市,其他,股票,,其他,其他,待進一步分類
8442,8442.TW,威宏-KY,威宏控股股份有限公司,20,70169764,上市,其他,股票,,其他,其他,待進一步分類
8463,8463.TW,潤泰材,潤泰精密材料股份有限公司,20,150000000,上市,其他,股票,,其他,其他,待進一步分類
8466,8466.TW,美吉吉-KY,美吉吉國際股份有限公司,20,79445628,上市,其他,股票,,其他,其他,待進一步分類
8481,8481.TW,政伸,政伸企業股份有限公司,20,66601866,上市,其他,股票,,其他,其他,待進一步分類
8488,8488.TW,吉源-KY,吉源控股股份有限公司,20,73500000,上市,其他,股票,,其他,其他,待進一步分類
9902,9902.TW,台火,台火開發股份有限公司,20,98049600,上市,其他,股票,,其他,其他,待進一步分類
9905,9905.TW,大華,大華金屬工業股份有限公司,20,305000000,上市,其他,股票,,其他,其他,待進一步分類
9907,9907.TW,統一實,統一實業股份有限公司,20,1579145342,上市,其他,股票,,其他,其他,待進一步分類
9917,9917.TW,中保科,中興保全科技股份有限公司,20,451197093,上市,其他,股票,,其他,其他,待進一步分類
9919,9919.TW,康那香,康那香企業股份有限公司,20,195362750,上市,其他,股票,,其他,其他,待進一步分類
9925,9925.TW,新保,台灣新光保全股份有限公司,20,387489605,上市,其他,股票,,其他,其他,待進一步分類
9927,9927.TW,泰銘,泰銘實業股份有限公司,20,120000000,上市,其他,股票,,其他,其他,待進一步分類
9928,9928.TW,中視,中國電視事業股份有限公司,20,70724583,上市,其他,股票,,其他,其他,待進一步分類
9929,9929.TW,秋雨,秋雨創新股份有限公司,20,101280000,上市,其他,股票,,其他,其他,待進一步分類
9933,9933.TW,中鼎,中鼎工程股份有限公司,20,944437034,上市,其他,股票,,其他,其他,待進一步分類
9938,9938.TW,百和,台灣百和工業股份有限公司,20,297963902,上市,其他,股票,,其他,其他,待進一步分類
9939,9939.TW,宏全,宏全國際股份有限公司,20,295786475,上市,其他,股票,,其他,其他,待進一步分類
9940,9940.TW,信義,信義房屋股份有限公司,20,736846500,上市,其他,股票,,其他,其他,待進一步分類
9941,9941.TW,裕融,裕融企業股份有限公司,20,575636346,上市,其他,股票,,其他,其他,待進一步分類
9942,9942.TW,茂順,茂順密封元件科技股份有限公司,20,83161320,上市,其他,股票,,其他,其他,待進一步分類
9944,9944.TW,新麗,新麗企業股份有限公司,20,105908100,上市,其他,股票,,其他,其他,待進一步分類
9945,9945.TW,潤泰新,潤泰創新國際股份有限公司,20,2844225086,上市,其他,股票,,其他,其他,待進一步分類
2312,2312.TW,金寶,金寶電子工業股份有限公司,31,1505781211,上市,其他電子業,股票,,其他電子業,其他電子業,待進一步分類
2317,2317.TW,鴻海,鴻海精密工業股份有限公司,31,14028648626,上市,其他電子業,股票,,AI 伺服器,AI 資料中心,EMS／系統組裝
2354,2354.TW,鴻準,鴻準精密工業股份有限公司,31,1414485192,上市,其他電子業,股票,,其他電子業,其他電子業,待進一步分類
2359,2359.TW,所羅門,所羅門股份有限公司,31,171471052,上市,其他電子業,股票,,其他電子業,其他電子業,待進一步分類
2360,2360.TW,致茂,致茂電子股份有限公司,31,425245742,上市,其他電子業,股票,,其他電子業,其他電子業,待進一步分類
2373,2373.TW,震旦行,震旦行股份有限公司,31,236202518,上市,其他電子業,股票,,其他電子業,其他電子業,待進一步分類
2390,2390.TW,云辰,云辰電子開發股份有限公司,31,192619442,上市,其他電子業,股票,,其他電子業,其他電子業,待進一步分類
2404,2404.TW,漢唐,漢唐集成股份有限公司,31,190586698,上市,其他電子業,股票,,其他電子業,其他電子業,待進一步分類
2423,2423.TW,固緯,固緯電子實業股份有限公司,31,145047289,上市,其他電子業,股票,,其他電子業,其他電子業,待進一步分類
2433,2433.TW,互盛電,互盛股份有限公司,31,144496011,上市,其他電子業,股票,,其他電子業,其他電子業,待進一步分類
2459,2459.TW,敦吉,敦吉科技股份有限公司,31,105595615,上市,其他電子業,股票,,其他電子業,其他電子業,待進一步分類
2461,2461.TW,光群雷,光群雷射科技股份有限公司,31,191887963,上市,其他電子業,股票,,其他電子業,其他電子業,待進一步分類
2464,2464.TW,盟立,盟立自動化股份有限公司,31,216680434,上市,其他電子業,股票,,其他電子業,其他電子業,待進一步分類
2474,2474.TW,可成,可成科技股份有限公司,31,538821068,上市,其他電子業,股票,,其他電子業,其他電子業,待進一步分類
2477,2477.TW,美隆電,美隆工業股份有限公司,31,158573244,上市,其他電子業,股票,,其他電子業,其他電子業,待進一步分類
2482,2482.TW,連宇,連宇股份有限公司,31,77882711,上市,其他電子業,股票,,其他電子業,其他電子業,待進一步分類
2488,2488.TW,漢平,漢平電子工業股份有限公司,31,79999433,上市,其他電子業,股票,,其他電子業,其他電子業,待進一步分類
3018,3018.TW,隆銘綠能,隆銘綠能科技工程股份有限公司,31,75377715,上市,其他電子業,股票,,其他電子業,其他電子業,待進一步分類
3030,3030.TW,德律,德律科技股份有限公司,31,236216000,上市,其他電子業,股票,,其他電子業,其他電子業,待進一步分類
3043,3043.TW,科風,科風股份有限公司,31,38975634,上市,其他電子業,股票,,其他電子業,其他電子業,待進一步分類
3305,3305.TW,昇貿,昇貿科技股份有限公司,31,143373974,上市,其他電子業,股票,,其他電子業,其他電子業,待進一步分類
3518,3518.TW,柏騰,柏騰科技股份有限公司,31,102467230,上市,其他電子業,股票,,其他電子業,其他電子業,待進一步分類
3617,3617.TW,碩天,碩天科技股份有限公司,31,94766049,上市,其他電子業,股票,,其他電子業,其他電子業,待進一步分類
3665,3665.TW,貿聯-KY,貿聯控股(BizLink Holding Inc.),31,199578405,上市,其他電子業,股票,,電動車零組件,電動車,車用零組件
4585,4585.TW,達明,達明機器人股份有限公司,31,104609000,上市,其他電子業,股票,,其他電子業,其他電子業,待進一步分類
4588,4588.TW,玖鼎電力,玖鼎電力資訊股份有限公司,31,42985000,上市,其他電子業,股票,,其他電子業,其他電子業,待進一步分類
5225,5225.TW,東科-KY,東科控股股份有限公司,31,79136499,上市,其他電子業,股票,,其他電子業,其他電子業,待進一步分類
6139,6139.TW,亞翔,亞翔工程股份有限公司,31,235575724,上市,其他電子業,股票,,其他電子業,其他電子業,待進一步分類
6192,6192.TW,巨路,巨路國際股份有限公司,31,96155770,上市,其他電子業,股票,,其他電子業,其他電子業,待進一步分類
6196,6196.TW,帆宣,帆宣系統科技股份有限公司,31,220329529,上市,其他電子業,股票,,半導體設備與材料,半導體資本支出,設備／材料供應
6201,6201.TW,亞弘電,亞弘電科技股份有限公司,31,89200000,上市,其他電子業,股票,,其他電子業,其他電子業,待進一步分類
6215,6215.TW,和椿,和椿科技股份有限公司,31,82789693,上市,其他電子業,股票,,其他電子業,其他電子業,待進一步分類
6283,6283.TW,淳安,淳安電子股份有限公司,31,148981343,上市,其他電子業,股票,,其他電子業,其他電子業,待進一步分類
6409,6409.TW,旭隼,旭隼科技股份有限公司,31,88253566,上市,其他電子業,股票,,其他電子業,其他電子業,待進一步分類
6438,6438.TW,迅得,迅得機械股份有限公司,31,82206325,上市,其他電子業,股票,,其他電子業,其他電子業,待進一步分類
6558,6558.TW,興能高,興能高科技股份有限公司,31,93788875,上市,其他電子業,股票,,其他電子業,其他電子業,待進一步分類
6658,6658.TW,聯策,聯策科技股份有限公司,31,36370000,上市,其他電子業,股票,,其他電子業,其他電子業,待進一步分類
6691,6691.TW,洋基工程,洋基工程股份有限公司,31,121487209,上市,其他電子業,股票,,其他電子業,其他電子業,待進一步分類
6698,6698.TW,旭暉應材,旭暉應用材料股份有限公司,31,66389753,上市,其他電子業,股票,,其他電子業,其他電子業,待進一步分類
6722,6722.TW,輝創,輝創電子股份有限公司,31,88400000,上市,其他電子業,股票,,其他電子業,其他電子業,待進一步分類
6743,6743.TW,安普新,安普新股份有限公司,31,150000000,上市,其他電子業,股票,,其他電子業,其他電子業,待進一步分類
6830,6830.TW,汎銓,汎銓科技股份有限公司,31,54413615,上市,其他電子業,股票,,其他電子業,其他電子業,待進一步分類
7631,7631.TW,聚賢研發-創,聚賢研發股份有限公司,31,20142000,上市,其他電子業,股票,,其他電子業,其他電子業,待進一步分類
8021,8021.TW,尖點,尖點科技股份有限公司,31,145042467,上市,其他電子業,股票,,其他電子業,其他電子業,待進一步分類
8201,8201.TW,無敵,無敵科技股份有限公司,31,62366275,上市,其他電子業,股票,,其他電子業,其他電子業,待進一步分類
8499,8499.TW,鼎炫-KY,鼎炫投資控股股份有限公司,31,41165557,上市,其他電子業,股票,,其他電子業,其他電子業,待進一步分類
9103,9103.TW,美德醫療-DR,美德向邦醫療國際股份有限公司,91,549411240,上市,其他／未分類,股票,,其他／未分類,其他／未分類,待進一步分類
910322,910322.TW,康師傅-DR,康師傅控股有限公司,91,5620600000,上市,其他／未分類,股票,,其他／未分類,其他／未分類,待進一步分類
9105,9105.TW,泰金寶-DR,泰金寶科技股份有限公司,91,10450002831,上市,其他／未分類,股票,,其他／未分類,其他／未分類,待進一步分類
910861,910861.TW,神州-DR,神州數碼控股有限公司,91,1673607386,上市,其他／未分類,股票,,其他／未分類,其他／未分類,待進一步分類
9110,9110.TW,越南控-DR,越南製造加工出口控股有限公司,91,907680000,上市,其他／未分類,股票,,其他／未分類,其他／未分類,待進一步分類
911608,911608.TW,明輝-DR,明輝環球企業有限公司,91,480000000,上市,其他／未分類,股票,,其他／未分類,其他／未分類,待進一步分類
911622,911622.TW,泰聚亨-DR,聚亨企業集團(泰國)大眾有限公司,91,596748900,上市,其他／未分類,股票,,其他／未分類,其他／未分類,待進一步分類
911868,911868.TW,同方友友-DR,同方友友控股有限公司,91,2094465417,上市,其他／未分類,股票,,其他／未分類,其他／未分類,待進一步分類
912000,912000.TW,晨訊科-DR,晨訊科技集團有限公司,91,2362546300,上市,其他／未分類,股票,,其他／未分類,其他／未分類,待進一步分類
9136,9136.TW,巨騰-DR,巨騰國際控股有限公司,91,1200008445,上市,其他／未分類,股票,,其他／未分類,其他／未分類,待進一步分類
1708,1708.TW,東鹼,東南實業股份有限公司,21,249001651,上市,化學工業,股票,,化學工業,化學工業,待進一步分類
1709,1709.TW,和益,和益化學工業股份有限公司,21,477016272,上市,化學工業,股票,,化學工業,化學工業,待進一步分類
1710,1710.TW,東聯,東聯化學股份有限公司,21,885703029,上市,化學工業,股票,,化學工業,化學工業,待進一步分類
1711,1711.TW,永光,臺灣永光化學工業股份有限公司,21,547752226,上市,化學工業,股票,,化學工業,化學工業,待進一步分類
1712,1712.TW,興農,興農股份有限公司,21,420492585,上市,化學工業,股票,,化學工業,化學工業,待進一步分類
1713,1713.TW,國化,國泰化工廠股份有限公司,21,150951700,上市,化學工業,股票,,化學工業,化學工業,待進一步分類
1714,1714.TW,和桐,和桐化學股份有限公司,21,991824808,上市,化學工業,股票,,化學工業,化學工業,待進一步分類
1717,1717.TW,長興,長興材料工業股份有限公司,21,1172245483,上市,化學工業,股票,,化學工業,化學工業,待進一步分類
1718,1718.TW,中纖,中國人造纖維股份有限公司,21,1685905745,上市,化學工業,股票,,化學工業,化學工業,待進一步分類
1721,1721.TW,三晃,國慶科技股份有限公司,21,184884092,上市,化學工業,股票,,化學工業,化學工業,待進一步分類
1722,1722.TW,台肥,台灣肥料股份有限公司,21,980000000,上市,化學工業,股票,,化學工業,化學工業,待進一步分類
1723,1723.TW,中碳,中鋼碳素化學股份有限公司,21,236904480,上市,化學工業,股票,,化學工業,化學工業,待進一步分類
1725,1725.TW,元禎,元禎企業股份有限公司,21,181829978,上市,化學工業,股票,,化學工業,化學工業,待進一步分類
1726,1726.TW,永記,永記造漆工業股份有限公司,21,162000000,上市,化學工業,股票,,化學工業,化學工業,待進一步分類
1727,1727.TW,中華化,臺灣中華化學工業股份有限公司,21,128019559,上市,化學工業,股票,,化學工業,化學工業,待進一步分類
1730,1730.TW,花仙子,花仙子企業股份有限公司,21,63233851,上市,化學工業,股票,,化學工業,化學工業,待進一步分類
1732,1732.TW,毛寶,毛寶股份有限公司,21,42443957,上市,化學工業,股票,,化學工業,化學工業,待進一步分類
1735,1735.TW,日勝化,日勝化工股份有限公司,21,99388000,上市,化學工業,股票,,化學工業,化學工業,待進一步分類
1773,1773.TW,勝一,勝一化工股份有限公司,21,300000000,上市,化學工業,股票,,化學工業,化學工業,待進一步分類
1776,1776.TW,展宇,展宇科技材料股份有限公司,21,60106952,上市,化學工業,股票,,化學工業,化學工業,待進一步分類
4720,4720.TW,德淵,德淵企業股份有限公司,21,114516037,上市,化學工業,股票,,化學工業,化學工業,待進一步分類
4722,4722.TW,國精化,國精化學股份有限公司,21,102784914,上市,化學工業,股票,,化學工業,化學工業,待進一步分類
4739,4739.TW,康普,康普材料科技股份有限公司,21,124649269,上市,化學工業,股票,,化學工業,化學工業,待進一步分類
4755,4755.TW,三福化,三福化工股份有限公司,21,100706000,上市,化學工業,股票,,化學工業,化學工業,待進一步分類
4763,4763.TW,材料*-KY,濟南大自然新材料股份有限公司,21,989146670,上市,化學工業,股票,,化學工業,化學工業,待進一步分類
4764,4764.TW,雙鍵,雙鍵化工股份有限公司,21,85542062,上市,化學工業,股票,,化學工業,化學工業,待進一步分類
4766,4766.TW,南寶,南寶樹脂化學工廠股份有限公司,21,120570780,上市,化學工業,股票,,化學工業,化學工業,待進一步分類
4770,4770.TW,上品,上品綜合工業股份有限公司,21,79976000,上市,化學工業,股票,,化學工業,化學工業,待進一步分類
2302,2302.TW,麗正,麗正國際科技股份有限公司,24,166302881,上市,半導體業,股票,,半導體業,半導體業,待進一步分類
2303,2303.TW,聯電,聯華電子股份有限公司,24,12570093899,上市,半導體業,股票,,晶圓代工,成熟製程,成熟製程晶圓製造
2329,2329.TW,華泰,華泰電子股份有限公司,24,658948333,上市,半導體業,股票,,半導體業,半導體業,待進一步分類
2330,2330.TW,台積電,台灣積體電路製造股份有限公司,24,25932370067,上市,半導體業,股票,,晶圓代工,先進製程／AI 晶片,先進晶圓製造
2337,2337.TW,旺宏,旺宏電子股份有限公司,24,1981856638,上市,半導體業,股票,,Flash／NOR 記憶體,記憶體,Flash 記憶體製造
2338,2338.TW,光罩,台灣光罩股份有限公司,24,366849183,上市,半導體業,股票,,半導體業,半導體業,待進一步分類
2340,2340.TW,台亞,台亞半導體股份有限公司,24,438622846,上市,半導體業,股票,,半導體業,半導體業,待進一步分類
2342,2342.TW,茂矽,台灣茂矽電子股份有限公司,24,157335244,上市,半導體業,股票,,半導體業,半導體業,待進一步分類
2344,2344.TW,華邦電,華邦電子股份有限公司,24,4500000193,上市,半導體業,股票,,DRAM 記憶體,記憶體,DRAM 製造
2351,2351.TW,順德,順德工業股份有限公司,24,193734061,上市,半導體業,股票,,半導體業,半導體業,待進一步分類
2363,2363.TW,矽統,矽統科技股份有限公司,24,514988161,上市,半導體業,股票,,半導體業,半導體業,待進一步分類
2369,2369.TW,菱生,菱生精密工業股份有限公司,24,380102344,上市,半導體業,股票,,半導體業,半導體業,待進一步分類
2379,2379.TW,瑞昱,瑞昱半導體股份有限公司,24,515512641,上市,半導體業,股票,,IC 設計,半導體 IC 設計,晶片設計
2388,2388.TW,威盛,威盛電子股份有限公司,24,555935941,上市,半導體業,股票,,半導體業,半導體業,待進一步分類
2401,2401.TW,凌陽,凌陽科技股份有限公司,24,591994919,上市,半導體業,股票,,半導體業,半導體業,待進一步分類
2408,2408.TW,南亞科,南亞科技股份有限公司,24,3450205894,上市,半導體業,股票,,DRAM 記憶體,記憶體,DRAM 製造
2434,2434.TW,統懋,統懋半導體股份有限公司,24,37000000,上市,半導體業,股票,,半導體業,半導體業,待進一步分類
2436,2436.TW,偉詮電,偉詮電子股份有限公司,24,204177561,上市,半導體業,股票,,半導體業,半導體業,待進一步分類
2441,2441.TW,超豐,超豐電子股份有限公司,24,568845921,上市,半導體業,股票,,半導體業,半導體業,待進一步分類
2449,2449.TW,京元電子,京元電子股份有限公司,24,1283882318,上市,半導體業,股票,,半導體封裝測試,先進封裝／測試,封裝與測試
2451,2451.TW,創見,創見資訊股份有限公司,24,431345675,上市,半導體業,股票,,半導體業,半導體業,待進一步分類
2454,2454.TW,聯發科,聯發科技股份有限公司,24,1603895407,上市,半導體業,股票,,手機／邊緣 AI 晶片,AI 終端／IC 設計,SoC 晶片設計
2458,2458.TW,義隆,義隆電子股份有限公司,24,303880392,上市,半導體業,股票,,半導體業,半導體業,待進一步分類
2481,2481.TW,強茂,強茂股份有限公司,24,382114927,上市,半導體業,股票,,半導體業,半導體業,待進一步分類
3006,3006.TW,晶豪科,晶豪科技股份有限公司,24,298127841,上市,半導體業,股票,,半導體業,半導體業,待進一步分類
3014,3014.TW,聯陽,聯陽半導體股份有限公司,24,165954124,上市,半導體業,股票,,半導體業,半導體業,待進一步分類
3016,3016.TW,嘉晶,嘉晶電子股份有限公司,24,290356903,上市,半導體業,股票,,半導體業,半導體業,待進一步分類
3034,3034.TW,聯詠,聯詠科技股份有限公司,24,608511469,上市,半導體業,股票,,IC 設計,半導體 IC 設計,晶片設計
3035,3035.TW,智原,智原科技股份有限公司,24,260550313,上市,半導體業,股票,,半導體業,半導體業,待進一步分類
3041,3041.TW,揚智,揚智科技股份有限公司,24,140223647,上市,半導體業,股票,,半導體業,半導體業,待進一步分類
3094,3094.TW,聯傑,聯傑國際股份有限公司,24,83117089,上市,半導體業,股票,,半導體業,半導體業,待進一步分類
3135,3135.TW,凌航,凌航科技股份有限公司,24,90071491,上市,半導體業,股票,,半導體業,半導體業,待進一步分類
3150,3150.TW,鈺寶-創,鈺寶科技股份有限公司,24,44377001,上市,半導體業,股票,,半導體業,半導體業,待進一步分類
3189,3189.TW,景碩,景碩科技股份有限公司,24,526910360,上市,半導體業,股票,,ABF／IC 載板,高速運算載板,IC 載板
3257,3257.TW,虹冠電,虹冠電子工業股份有限公司,24,79823590,上市,半導體業,股票,,半導體業,半導體業,待進一步分類
3413,3413.TW,京鼎,京鼎精密科技股份有限公司,24,110762280,上市,半導體業,股票,,半導體設備與材料,半導體資本支出,設備／材料供應
3443,3443.TW,創意,創意電子股份有限公司,24,134011911,上市,半導體業,股票,,ASIC 設計服務,AI ASIC,ASIC 設計服務
3450,3450.TW,聯鈞,聯鈞光電股份有限公司,24,145681382,上市,半導體業,股票,,半導體業,半導體業,待進一步分類
3530,3530.TW,晶相光,晶相光電股份有限公司,24,77475900,上市,半導體業,股票,,半導體業,半導體業,待進一步分類
3532,3532.TW,台勝科,台塑勝高科技股份有限公司,24,387848300,上市,半導體業,股票,,半導體業,半導體業,待進一步分類
3545,3545.TW,敦泰,敦泰電子股份有限公司,24,222411350,上市,半導體業,股票,,半導體業,半導體業,待進一步分類
3583,3583.TW,辛耘,辛耘企業股份有限公司,24,83858644,上市,半導體業,股票,,半導體設備與材料,半導體資本支出,設備／材料供應
3588,3588.TW,通嘉,通嘉科技股份有限公司,24,61993182,上市,半導體業,股票,,半導體業,半導體業,待進一步分類
3592,3592.TW,瑞鼎,瑞鼎科技股份有限公司,24,75855226,上市,半導體業,股票,,半導體業,半導體業,待進一步分類
3661,3661.TW,世芯-KY,世芯電子股份有限公司,24,86270239,上市,半導體業,股票,,IC 設計,半導體 IC 設計,晶片設計
3686,3686.TW,達能,達能科技股份有限公司,24,76495118,上市,半導體業,股票,,半導體業,半導體業,待進一步分類
3711,3711.TW,日月光投控,日月光投資控股股份有限公司,24,4470572282,上市,半導體業,股票,,半導體封裝測試,先進封裝,封裝／測試
4919,4919.TW,新唐,新唐科技股份有限公司,24,419765268,上市,半導體業,股票,,半導體業,半導體業,待進一步分類
4952,4952.TW,凌通,凌通科技股份有限公司,24,108815816,上市,半導體業,股票,,半導體業,半導體業,待進一步分類
4961,4961.TW,天鈺,天鈺科技股份有限公司,24,121253603,上市,半導體業,股票,,半導體業,半導體業,待進一步分類
4967,4967.TW,十銓,十銓科技股份有限公司,24,84963288,上市,半導體業,股票,,半導體業,半導體業,待進一步分類
4968,4968.TW,立積,立積電子股份有限公司,24,92209898,上市,半導體業,股票,,半導體業,半導體業,待進一步分類
5222,5222.TW,全訊,全訊科技股份有限公司,24,91094968,上市,半導體業,股票,,半導體業,半導體業,待進一步分類
5236,5236.TW,凌陽創新,凌陽創新科技股份有限公司,24,60004038,上市,半導體業,股票,,半導體業,半導體業,待進一步分類
5269,5269.TW,祥碩,祥碩科技股份有限公司,24,74156359,上市,半導體業,股票,,半導體業,半導體業,待進一步分類
5285,5285.TW,界霖,界霖科技股份有限公司,24,102040926,上市,半導體業,股票,,半導體業,半導體業,待進一步分類
5471,5471.TW,松翰,松翰科技股份有限公司,24,167877062,上市,半導體業,股票,,半導體業,半導體業,待進一步分類
6202,6202.TW,盛群,盛群半導體股份有限公司,24,230388200,上市,半導體業,股票,,半導體業,半導體業,待進一步分類
6239,6239.TW,力成,力成科技股份有限公司,24,759146634,上市,半導體業,股票,,半導體封裝測試,先進封裝／測試,封裝與測試
6243,6243.TW,迅杰,迅杰科技股份有限公司,24,45268841,上市,半導體業,股票,,半導體業,半導體業,待進一步分類
6257,6257.TW,矽格,矽格股份有限公司,24,483912325,上市,半導體業,股票,,半導體業,半導體業,待進一步分類
6271,6271.TW,同欣電,同欣電子工業股份有限公司,24,209058024,上市,半導體業,股票,,半導體業,半導體業,待進一步分類
6415,6415.TW,矽力*-KY,矽力杰股份有限公司,24,389452853,上市,半導體業,股票,,IC 設計,半導體 IC 設計,晶片設計
6451,6451.TW,訊芯-KY,訊芯科技控股股份有限公司,24,114725607,上市,半導體業,股票,,半導體業,半導體業,待進一步分類
6515,6515.TW,穎崴,穎崴科技股份有限公司,24,36038042,上市,半導體業,股票,,半導體業,半導體業,待進一步分類
6525,6525.TW,捷敏-KY,捷敏股份有限公司,24,129047384,上市,半導體業,股票,,半導體業,半導體業,待進一步分類
6526,6526.TW,達發,達發科技股份有限公司,24,167505554,上市,半導體業,股票,,半導體業,半導體業,待進一步分類
6531,6531.TW,愛普*,愛普科技股份有限公司,24,162846540,上市,半導體業,股票,,IC 設計,半導體 IC 設計,晶片設計
6533,6533.TW,晶心科,晶心科技股份有限公司,24,50650911,上市,半導體業,股票,,半導體業,半導體業,待進一步分類
6552,6552.TW,易華電,易華電子股份有限公司,24,83000000,上市,半導體業,股票,,半導體業,半導體業,待進一步分類
6573,6573.TW,虹揚-KY,虹揚發展科技股份有限公司,24,80499345,上市,半導體業,股票,,半導體業,半導體業,待進一步分類
6695,6695.TW,芯鼎,芯鼎科技股份有限公司,24,106477650,上市,半導體業,股票,,半導體業,半導體業,待進一步分類
6719,6719.TW,力智,力智電子股份有限公司,24,105483989,上市,半導體業,股票,,半導體業,半導體業,待進一步分類
6756,6756.TW,威鋒電子,威鋒電子股份有限公司,24,69990000,上市,半導體業,股票,,半導體業,半導體業,待進一步分類
6770,6770.TW,力積電,力晶積成電子製造股份有限公司,24,4712080856,上市,半導體業,股票,,晶圓代工,晶圓製造,晶圓製造
6789,6789.TW,采鈺,采鈺科技股份有限公司,24,318299119,上市,半導體業,股票,,半導體業,半導體業,待進一步分類
6799,6799.TW,來頡,來頡科技股份有限公司,24,43652193,上市,半導體業,股票,,半導體業,半導體業,待進一步分類
6854,6854.TW,錼創科技-KY創,PlayNitride Inc.,24,117678622,上市,半導體業,股票,,半導體業,半導體業,待進一步分類
6909,6909.TW,創控,創控科技股份有限公司,24,67212600,上市,半導體業,股票,,半導體業,半導體業,待進一步分類
6921,6921.TW,嘉雨思-創,嘉雨思科技股份有限公司,24,31836941,上市,半導體業,股票,,半導體業,半導體業,待進一步分類
6937,6937.TW,天虹,天虹科技股份有限公司,24,67655263,上市,半導體業,股票,,半導體業,半導體業,待進一步分類
6962,6962.TW,奕力-KY,ITH Corporation,24,492396565,上市,半導體業,股票,,半導體業,半導體業,待進一步分類
7730,7730.TW,暉盛-創,暉盛科技股份有限公司,24,36796731,上市,半導體業,股票,,半導體業,半導體業,待進一步分類
7749,7749.TW,意騰-KY,意騰科技股份有限公司,24,46485728,上市,半導體業,股票,,半導體業,半導體業,待進一步分類
7768,7768.TW,頌勝科技,頌勝科技材料股份有限公司,24,70065000,上市,半導體業,股票,,半導體業,半導體業,待進一步分類
7769,7769.TW,鴻勁,鴻勁精密股份有限公司,24,179930000,上市,半導體業,股票,,半導體業,半導體業,待進一步分類
7822,7822.TW,倍利科,倍利科技股份有限公司,24,45560763,上市,半導體業,股票,,半導體業,半導體業,待進一步分類
8016,8016.TW,矽創,矽創電子股份有限公司,24,120136876,上市,半導體業,股票,,半導體業,半導體業,待進一步分類
8028,8028.TW,昇陽半導體,昇陽國際半導體股份有限公司,24,179491729,上市,半導體業,股票,,半導體業,半導體業,待進一步分類
8081,8081.TW,致新,致新科技股份有限公司,24,86172072,上市,半導體業,股票,,半導體業,半導體業,待進一步分類
8110,8110.TW,華東,華東科技股份有限公司,24,517739876,上市,半導體業,股票,,半導體業,半導體業,待進一步分類
8131,8131.TW,福懋科,福懋科技股份有限公司,24,442222223,上市,半導體業,股票,,半導體業,半導體業,待進一步分類
8150,8150.TW,南茂,南茂科技股份有限公司,24,704523126,上市,半導體業,股票,,半導體封裝測試,先進封裝／測試,封裝與測試
8162,8162.TW,微矽電子-創,微矽電子股份有限公司,24,68702000,上市,半導體業,股票,,半導體業,半導體業,待進一步分類
8261,8261.TW,富鼎,富鼎先進電子股份有限公司,24,118878393,上市,半導體業,股票,,半導體業,半導體業,待進一步分類
8271,8271.TW,宇瞻,宇瞻科技股份有限公司,24,129614266,上市,半導體業,股票,,半導體業,半導體業,待進一步分類
1301,1301.TW,台塑,台灣塑膠工業股份有限公司,03,6365740781,上市,塑膠工業,股票,,鋼鐵塑化原物料,原物料循環,上游原料供應
1303,1303.TW,南亞,南亞塑膠工業股份有限公司,03,7930821589,上市,塑膠工業,股票,,鋼鐵塑化原物料,原物料循環,上游原料供應
1304,1304.TW,台聚,台灣聚合化學品股份有限公司,03,1188763500,上市,塑膠工業,股票,,塑膠工業,塑膠工業,待進一步分類
1305,1305.TW,華夏,華夏海灣塑膠股份有限公司,03,581050494,上市,塑膠工業,股票,,塑膠工業,塑膠工業,待進一步分類
1307,1307.TW,三芳,三芳化學工業股份有限公司,03,397818126,上市,塑膠工業,股票,,塑膠工業,塑膠工業,待進一步分類
1308,1308.TW,亞聚,亞洲聚合股份有限公司,03,593743919,上市,塑膠工業,股票,,塑膠工業,塑膠工業,待進一步分類
1309,1309.TW,台達化,台達化學工業股份有限公司,03,397586848,上市,塑膠工業,股票,,塑膠工業,塑膠工業,待進一步分類
1310,1310.TW,台苯,台灣苯乙烯工業股份有限公司,03,527869764,上市,塑膠工業,股票,,塑膠工業,塑膠工業,待進一步分類
1312,1312.TW,國喬,國喬石油化學股份有限公司,03,1506620328,上市,塑膠工業,股票,,塑膠工業,塑膠工業,待進一步分類
1313,1313.TW,聯成,聯成化學科技股份有限公司,03,1330846107,上市,塑膠工業,股票,,塑膠工業,塑膠工業,待進一步分類
1314,1314.TW,中石化,中國石油化學工業開發(股)公司,03,3784850130,上市,塑膠工業,股票,,塑膠工業,塑膠工業,待進一步分類
1315,1315.TW,達新,達新工業股份有限公司,03,99099000,上市,塑膠工業,股票,,塑膠工業,塑膠工業,待進一步分類
1321,1321.TW,大洋,大洋塑膠工業股份有限公司,03,227228268,上市,塑膠工業,股票,,塑膠工業,塑膠工業,待進一步分類
1323,1323.TW,永裕,永裕塑膠工業股份有限公司,03,91274554,上市,塑膠工業,股票,,塑膠工業,塑膠工業,待進一步分類
1324,1324.TW,地球,地球綜合工業股份有限公司,03,75121882,上市,塑膠工業,股票,,塑膠工業,塑膠工業,待進一步分類
1325,1325.TW,恆大,恒大股份有限公司,03,85281198,上市,塑膠工業,股票,,塑膠工業,塑膠工業,待進一步分類
1326,1326.TW,台化,台灣化學纖維股份有限公司,03,5861186291,上市,塑膠工業,股票,,鋼鐵塑化原物料,原物料循環,上游原料供應
1337,1337.TW,再生-KY,亞洲塑膠再生資源控股有限公司,03,268954729,上市,塑膠工業,股票,,塑膠工業,塑膠工業,待進一步分類
1340,1340.TW,勝悅-KY,勝悅新材料有限公司,03,152922855,上市,塑膠工業,股票,,塑膠工業,塑膠工業,待進一步分類
1341,1341.TW,富林-KY,富林塑膠工業(開曼)控股(股)公司,03,52850634,上市,塑膠工業,股票,,塑膠工業,塑膠工業,待進一步分類
4306,4306.TW,炎洲,炎洲股份有限公司,03,676757216,上市,塑膠工業,股票,,塑膠工業,塑膠工業,待進一步分類
2062,2062.TW,橋椿,橋椿金屬股份有限公司,38,199994152,上市,居家生活,股票,,居家生活,居家生活,待進一步分類
3557,3557.TW,嘉威,嘉威生活股份有限公司,38,84315435,上市,居家生活,股票,,居家生活,居家生活,待進一步分類
6671,6671.TW,三能-KY,三能集團控股股份有限公司,38,60750000,上市,居家生活,股票,,居家生活,居家生活,待進一步分類
6754,6754.TW,匯僑設計,匯僑室內裝修設計股份有限公司,38,66000000,上市,居家生活,股票,,居家生活,居家生活,待進一步分類
6807,6807.TW,峰源-KY,峰源集團股份有限公司,38,54000000,上市,居家生活,股票,,居家生活,居家生活,待進一步分類
8464,8464.TW,億豐,億豐綜合工業股份有限公司,38,293020200,上市,居家生活,股票,,居家生活,居家生活,待進一步分類
8482,8482.TW,商億-KY,商億全球控股有限公司,38,107444000,上市,居家生活,股票,,居家生活,居家生活,待進一步分類
9911,9911.TW,櫻花,台灣櫻花股份有限公司,38,222389584,上市,居家生活,股票,,居家生活,居家生活,待進一步分類
9924,9924.TW,福興,台灣福興工業股份有限公司,38,150761736,上市,居家生活,股票,,居家生活,居家生活,待進一步分類
9934,9934.TW,成霖,成霖企業股份有限公司,38,411016962,上市,居家生活,股票,,居家生活,居家生活,待進一步分類
9935,9935.TW,慶豐富,慶豐富實業股份有限公司,38,177838926,上市,居家生活,股票,,居家生活,居家生活,待進一步分類
1316,1316.TW,上曜,上曜建設開發股份有限公司,14,401646150,上市,建材營造,股票,,建材營造,建材營造,待進一步分類
1436,1436.TW,華友聯,華友聯開發股份有限公司,14,194151795,上市,建材營造,股票,,建材營造,建材營造,待進一步分類
1438,1438.TW,三地開發,三地開發地產股份有限公司,14,111205759,上市,建材營造,股票,,建材營造,建材營造,待進一步分類
1439,1439.TW,雋揚,雋揚國際股份有限公司,14,92000000,上市,建材營造,股票,,建材營造,建材營造,待進一步分類
1442,1442.TW,名軒,名軒開發股份有限公司,14,366211358,上市,建材營造,股票,,建材營造,建材營造,待進一步分類
1453,1453.TW,大將,大將開發股份有限公司,14,113243048,上市,建材營造,股票,,建材營造,建材營造,待進一步分類
1456,1456.TW,怡華,怡華實業股份有限公司,14,93720000,上市,建材營造,股票,,建材營造,建材營造,待進一步分類
1472,1472.TW,三洋實業,三洋實業股份有限公司,14,52488082,上市,建材營造,股票,,建材營造,建材營造,待進一步分類
1805,1805.TW,寶徠,寶徠建設股份有限公司,14,134970455,上市,建材營造,股票,,建材營造,建材營造,待進一步分類
1808,1808.TW,潤隆,潤隆建設股份有限公司,14,893031743,上市,建材營造,股票,,建材營造,建材營造,待進一步分類
2442,2442.TW,新美齊,新美齊股份有限公司,14,325232021,上市,建材營造,股票,,建材營造,建材營造,待進一步分類
2501,2501.TW,國建,國泰建設股份有限公司,14,1159561059,上市,建材營造,股票,,建材營造,建材營造,待進一步分類
2504,2504.TW,國產,國產建材實業股份有限公司,14,1180000000,上市,建材營造,股票,,營建與資產,營建資產,開發／營造
2505,2505.TW,國揚,國揚實業股份有限公司,14,380000000,上市,建材營造,股票,,建材營造,建材營造,待進一步分類
2506,2506.TW,太設,太平洋建設股份有限公司,14,387000000,上市,建材營造,股票,,建材營造,建材營造,待進一步分類
2509,2509.TW,全坤建,全坤建設開發股份有限公司,14,224550530,上市,建材營造,股票,,建材營造,建材營造,待進一步分類
2511,2511.TW,太子,太子建設開發股份有限公司,14,1623326147,上市,建材營造,股票,,建材營造,建材營造,待進一步分類
2515,2515.TW,中工,中華工程股份有限公司,14,1607904084,上市,建材營造,股票,,營建與資產,營建資產,開發／營造
2516,2516.TW,新建,新亞建設開發股份有限公司,14,226278457,上市,建材營造,股票,,建材營造,建材營造,待進一步分類
2520,2520.TW,冠德,冠德建設股份有限公司,14,609487110,上市,建材營造,股票,,建材營造,建材營造,待進一步分類
2524,2524.TW,京城,京城建設股份有限公司,14,365983545,上市,建材營造,股票,,建材營造,建材營造,待進一步分類
2527,2527.TW,宏璟,宏璟建設股份有限公司,14,270306000,上市,建材營造,股票,,建材營造,建材營造,待進一步分類
2528,2528.TW,皇普,皇普建設股份有限公司,14,435996467,上市,建材營造,股票,,建材營造,建材營造,待進一步分類
2530,2530.TW,華建,大華建設股份有限公司,14,841255731,上市,建材營造,股票,,建材營造,建材營造,待進一步分類
2534,2534.TW,宏盛,宏盛建設股份有限公司,14,474227970,上市,建材營造,股票,,建材營造,建材營造,待進一步分類
2535,2535.TW,達欣工,達欣工程股份有限公司,14,270793967,上市,建材營造,股票,,建材營造,建材營造,待進一步分類
2536,2536.TW,宏普,宏普建設股份有限公司,14,332808652,上市,建材營造,股票,,建材營造,建材營造,待進一步分類
2537,2537.TW,聯上發,聯上開發股份有限公司,14,300557795,上市,建材營造,股票,,建材營造,建材營造,待進一步分類
2538,2538.TW,基泰,基泰建設股份有限公司,14,445025495,上市,建材營造,股票,,建材營造,建材營造,待進一步分類
2539,2539.TW,櫻花建,櫻花建設股份有限公司,14,1193102581,上市,建材營造,股票,,建材營造,建材營造,待進一步分類
2540,2540.TW,愛山林,愛山林建設開發股份有限公司,14,944873965,上市,建材營造,股票,,建材營造,建材營造,待進一步分類
2542,2542.TW,興富發,興富發建設股份有限公司,14,2153083539,上市,建材營造,股票,,營建與資產,營建資產,開發／營造
2543,2543.TW,皇昌,皇昌營造股份有限公司,14,528541961,上市,建材營造,股票,,建材營造,建材營造,待進一步分類
2545,2545.TW,皇翔,皇翔建設股份有限公司,14,379734808,上市,建材營造,股票,,建材營造,建材營造,待進一步分類
2546,2546.TW,根基,根基營造股份有限公司,14,130524193,上市,建材營造,股票,,建材營造,建材營造,待進一步分類
2547,2547.TW,日勝生,日勝生活科技股份有限公司,14,1035094649,上市,建材營造,股票,,建材營造,建材營造,待進一步分類
2548,2548.TW,華固,華固建設股份有限公司,14,335704631,上市,建材營造,股票,,營建與資產,營建資產,開發／營造
2597,2597.TW,潤弘,潤弘精密工程事業股份有限公司,14,310716000,上市,建材營造,股票,,建材營造,建材營造,待進一步分類
2923,2923.TW,鼎固-KY,鼎固控股有限公司,14,1740296982,上市,建材營造,股票,,建材營造,建材營造,待進一步分類
3052,3052.TW,夆典,夆典科技開發股份有限公司,14,233245771,上市,建材營造,股票,,建材營造,建材營造,待進一步分類
3056,3056.TW,富華新,富華創新股份有限公司,14,480555051,上市,建材營造,股票,,建材營造,建材營造,待進一步分類
3266,3266.TW,昇陽,昇陽建設企業股份有限公司,14,352314309,上市,建材營造,股票,,建材營造,建材營造,待進一步分類
3703,3703.TW,欣陸,欣陸投資控股股份有限公司,14,823215980,上市,建材營造,股票,,建材營造,建材營造,待進一步分類
5515,5515.TW,建國,建國工程股份有限公司,14,201600084,上市,建材營造,股票,,建材營造,建材營造,待進一步分類
5519,5519.TW,隆大,隆大營建事業股份有限公司,14,230157039,上市,建材營造,股票,,建材營造,建材營造,待進一步分類
5521,5521.TW,工信,工信工程股份有限公司,14,492280155,上市,建材營造,股票,,建材營造,建材營造,待進一步分類
5522,5522.TW,遠雄,遠雄建設事業股份有限公司,14,781596241,上市,建材營造,股票,,營建與資產,營建資產,開發／營造
5525,5525.TW,順天,順天建設股份有限公司,14,318105378,上市,建材營造,股票,,建材營造,建材營造,待進一步分類
5531,5531.TW,鄉林,鄉林建設事業股份有限公司,14,977589245,上市,建材營造,股票,,建材營造,建材營造,待進一步分類
5533,5533.TW,皇鼎,皇鼎建設開發股份有限公司,14,285244944,上市,建材營造,股票,,建材營造,建材營造,待進一步分類
5534,5534.TW,長虹,長虹建設股份有限公司,14,315325960,上市,建材營造,股票,,營建與資產,營建資產,開發／營造
5546,5546.TW,永固-KY,永固集團股份有限公司,14,82353402,上市,建材營造,股票,,建材營造,建材營造,待進一步分類
6177,6177.TW,達麗,達麗建設事業股份有限公司,14,471891426,上市,建材營造,股票,,建材營造,建材營造,待進一步分類
9906,9906.TW,欣巴巴,欣巴巴事業股份有限公司,14,90376358,上市,建材營造,股票,,建材營造,建材營造,待進一步分類
9946,9946.TW,三發地產,三發地產股份有限公司,14,326554150,上市,建材營造,股票,,建材營造,建材營造,待進一步分類
3130,3130.TW,一零四,一零四資訊科技股份有限公司,36,33190700,上市,數位雲端,股票,,數位雲端,數位雲端,待進一步分類
6165,6165.TW,浪凡,浪凡網路科技股份有限公司,36,77752623,上市,數位雲端,股票,,數位雲端,數位雲端,待進一步分類
6614,6614.TW,資拓宏宇,資拓宏宇國際股份有限公司,36,80660521,上市,數位雲端,股票,,數位雲端,數位雲端,待進一步分類
6689,6689.TW,伊雲谷,伊雲谷數位科技股份有限公司,36,68000000,上市,數位雲端,股票,,數位雲端,數位雲端,待進一步分類
6902,6902.TW,GOGOLOOK,走著瞧股份有限公司,36,35529948,上市,數位雲端,股票,,數位雲端,數位雲端,待進一步分類
6906,6906.TW,現觀科,現觀科技股份有限公司,36,33537400,上市,數位雲端,股票,,數位雲端,數位雲端,待進一步分類
7721,7721.TW,微程式,微程式資訊股份有限公司,36,55370000,上市,數位雲端,股票,,數位雲端,數位雲端,待進一步分類
7722,7722.TW,LINEPAY,連加網路商業股份有限公司,36,71400000,上市,數位雲端,股票,,數位雲端,數位雲端,待進一步分類
7765,7765.TW,中華資安,中華資安國際股份有限公司,36,40681000,上市,數位雲端,股票,,數位雲端,數位雲端,待進一步分類
7823,7823.TW,奧義賽博-KY創,奧義賽博科技股份有限公司,36,33490890,上市,數位雲端,股票,,數位雲端,數位雲端,待進一步分類
7835,7835.TW,永悅健康-創,永悅健康股份有限公司,36,46544367,上市,數位雲端,股票,,數位雲端,數位雲端,待進一步分類
8454,8454.TW,富邦媒,富邦媒體科技股份有限公司,36,264975275,上市,數位雲端,股票,,消費與零售,內需消費,品牌／通路
8487,8487.TW,愛爾達-創,愛爾達科技股份有限公司,36,26535000,上市,數位雲端,股票,,數位雲端,數位雲端,待進一步分類
2101,2101.TW,南港,南港輪胎股份有限公司,11,733934904,上市,橡膠工業,股票,,橡膠工業,橡膠工業,待進一步分類
2102,2102.TW,泰豐,泰豐輪胎股份有限公司,11,473329207,上市,橡膠工業,股票,,橡膠工業,橡膠工業,待進一步分類
2103,2103.TW,台橡,台橡股份有限公司,11,825709978,上市,橡膠工業,股票,,橡膠工業,橡膠工業,待進一步分類
2104,2104.TW,國際中橡,國際中橡投資控股股份有限公司,11,984733625,上市,橡膠工業,股票,,橡膠工業,橡膠工業,待進一步分類
2105,2105.TW,正新,正新橡膠工業股份有限公司,11,3241415536,上市,橡膠工業,股票,,橡膠工業,橡膠工業,待進一步分類
2106,2106.TW,建大,建大工業股份有限公司,11,954890000,上市,橡膠工業,股票,,橡膠工業,橡膠工業,待進一步分類
2107,2107.TW,厚生,厚生股份有限公司,11,303593400,上市,橡膠工業,股票,,橡膠工業,橡膠工業,待進一步分類
2108,2108.TW,南帝,南帝化學工業股份有限公司,11,492416659,上市,橡膠工業,股票,,橡膠工業,橡膠工業,待進一步分類
2109,2109.TW,華豐,華豐橡膠工業股份有限公司,11,279349134,上市,橡膠工業,股票,,橡膠工業,橡膠工業,待進一步分類
2114,2114.TW,鑫永銓,鑫永銓股份有限公司,11,77991707,上市,橡膠工業,股票,,橡膠工業,橡膠工業,待進一步分類
6582,6582.TW,申豐,申豐特用應材股份有限公司,11,106174141,上市,橡膠工業,股票,,橡膠工業,橡膠工業,待進一步分類
1101,1101.TW,台泥,臺灣水泥股份有限公司,01,7523181742,上市,水泥工業,股票,,水泥工業,水泥工業,待進一步分類
1102,1102.TW,亞泥,亞洲水泥股份有限公司,01,3546562881,上市,水泥工業,股票,,水泥工業,水泥工業,待進一步分類
1103,1103.TW,嘉泥,嘉新水泥股份有限公司,01,832874553,上市,水泥工業,股票,,水泥工業,水泥工業,待進一步分類
1104,1104.TW,環泥,環球水泥股份有限公司,01,686681816,上市,水泥工業,股票,,水泥工業,水泥工業,待進一步分類
1108,1108.TW,幸福,幸福水泥股份有限公司,01,404738049,上市,水泥工業,股票,,水泥工業,水泥工業,待進一步分類
1109,1109.TW,信大,信大水泥股份有限公司,01,341158868,上市,水泥工業,股票,,水泥工業,水泥工業,待進一步分類
1110,1110.TW,東泥,東南水泥股份有限公司,01,572000797,上市,水泥工業,股票,,水泥工業,水泥工業,待進一步分類
1319,1319.TW,東陽,東陽實業廠股份有限公司,12,591477068,上市,汽車工業,股票,,電動車零組件,電動車,車用零組件
1338,1338.TW,廣華-KY,廣華控股有限公司,12,83840000,上市,汽車工業,股票,,汽車工業,汽車工業,待進一步分類
1339,1339.TW,昭輝,昭輝實業股份有限公司,12,74123875,上市,汽車工業,股票,,汽車工業,汽車工業,待進一步分類
1512,1512.TW,瑞利,瑞利企業股份有限公司,12,98183498,上市,汽車工業,股票,,汽車工業,汽車工業,待進一步分類
1521,1521.TW,大億,大億交通工業製造股份有限公司,12,76230000,上市,汽車工業,股票,,汽車工業,汽車工業,待進一步分類
1522,1522.TW,堤維西,堤維西交通工業股份有限公司,12,312897881,上市,汽車工業,股票,,汽車工業,汽車工業,待進一步分類
1524,1524.TW,耿鼎,耿鼎企業股份有限公司,12,165310397,上市,汽車工業,股票,,汽車工業,汽車工業,待進一步分類
1525,1525.TW,江申,江申工業股份有限公司,12,73400135,上市,汽車工業,股票,,汽車工業,汽車工業,待進一步分類
1533,1533.TW,車王電,車王電子股份有限公司,12,98547486,上市,汽車工業,股票,,汽車工業,汽車工業,待進一步分類
1536,1536.TW,和大,和大工業股份有限公司,12,278959513,上市,汽車工業,股票,,電動車零組件,電動車,車用零組件
1563,1563.TW,巧新,巧新科技工業股份有限公司,12,225608140,上市,汽車工業,股票,,汽車工業,汽車工業,待進一步分類
1568,1568.TW,倉佑,倉佑實業股份有限公司,12,103086559,上市,汽車工業,股票,,汽車工業,汽車工業,待進一步分類
1587,1587.TW,吉茂,吉茂精密股份有限公司,12,80055672,上市,汽車工業,股票,,汽車工業,汽車工業,待進一步分類
2115,2115.TW,六暉-KY,六暉控股股份有限公司,12,104373163,上市,汽車工業,股票,,汽車工業,汽車工業,待進一步分類
2201,2201.TW,裕隆,裕隆汽車製造股份有限公司,12,1070001251,上市,汽車工業,股票,,汽車工業,汽車工業,待進一步分類
2204,2204.TW,中華,中華汽車工業股份有限公司,12,553620342,上市,汽車工業,股票,,汽車工業,汽車工業,待進一步分類
2206,2206.TW,三陽工業,三陽工業股份有限公司,12,773675604,上市,汽車工業,股票,,汽車工業,汽車工業,待進一步分類
2207,2207.TW,和泰車,和泰汽車股份有限公司,12,557102768,上市,汽車工業,股票,,汽車工業,汽車工業,待進一步分類
2227,2227.TW,裕日車,裕隆日產汽車股份有限公司,12,300000000,上市,汽車工業,股票,,汽車工業,汽車工業,待進一步分類
2228,2228.TW,劍麟,劍麟股份有限公司,12,79779692,上市,汽車工業,股票,,汽車工業,汽車工業,待進一步分類
2231,2231.TW,為升,為升電裝工業股份有限公司,12,135931870,上市,汽車工業,股票,,電動車零組件,電動車,車用零組件
2233,2233.TW,宇隆,宇隆科技股份有限公司,12,60288889,上市,汽車工業,股票,,汽車工業,汽車工業,待進一步分類
2236,2236.TW,百達-KY,百達精密工業股份有限公司,12,63130935,上市,汽車工業,股票,,汽車工業,汽車工業,待進一步分類
2237,2237.TW,華德動能-創,華德動能科技股份有限公司,12,128937901,上市,汽車工業,股票,,汽車工業,汽車工業,待進一步分類
2239,2239.TW,英利-KY,開曼英利工業股份有限公司,12,117712593,上市,汽車工業,股票,,汽車工業,汽車工業,待進一步分類
2241,2241.TW,艾姆勒,艾姆勒科技股份有限公司,12,104602306,上市,汽車工業,股票,,汽車工業,汽車工業,待進一步分類
2243,2243.TW,宏旭-KY,宏旭控股股份有限公司,12,77373596,上市,汽車工業,股票,,汽車工業,汽車工業,待進一步分類
2247,2247.TW,汎德永業,汎德永業汽車股份有限公司,12,80708735,上市,汽車工業,股票,,汽車工業,汽車工業,待進一步分類
2248,2248.TW,華勝-KY,華勝汽車電子股份有限公司,12,47600000,上市,汽車工業,股票,,汽車工業,汽車工業,待進一步分類
2250,2250.TW,IKKA-KY,第一化成控股(開曼)股份有限公司,12,36388226,上市,汽車工業,股票,,電動車零組件,電動車,車用零組件
2254,2254.TW,巨鎧精密-創,巨鎧精密工業股份有限公司,12,63907680,上市,汽車工業,股票,,汽車工業,汽車工業,待進一步分類
2258,2258.TW,鴻華先進-創,鴻華先進科技股份有限公司,12,1751076800,上市,汽車工業,股票,,汽車工業,汽車工業,待進一步分類
2497,2497.TW,怡利電,怡利電子工業股份有限公司,12,130887676,上市,汽車工業,股票,,汽車工業,汽車工業,待進一步分類
3346,3346.TW,麗清,麗清科技股份有限公司,12,121228352,上市,汽車工業,股票,,汽車工業,汽車工業,待進一步分類
3717,3717.TW,聯嘉投控,聯嘉光電投資控股股份有限公司,12,207845445,上市,汽車工業,股票,,汽車工業,汽車工業,待進一步分類
4551,4551.TW,智伸科,智伸科技股份有限公司,12,115222498,上市,汽車工業,股票,,汽車工業,汽車工業,待進一步分類
4557,4557.TW,永新-KY,永新控股股份有限公司,12,47971840,上市,汽車工業,股票,,汽車工業,汽車工業,待進一步分類
4569,4569.TW,六方科-KY,六方科技股份有限公司,12,30600000,上市,汽車工業,股票,,汽車工業,汽車工業,待進一步分類
4581,4581.TW,光隆精密-KY,World Known MFG(Cayman)Limited,12,33899000,上市,汽車工業,股票,,汽車工業,汽車工業,待進一步分類
6605,6605.TW,帝寶,帝寶工業股份有限公司,12,165816397,上市,汽車工業,股票,,汽車工業,汽車工業,待進一步分類
6988,6988.TW,威力暘-創,威力暘電子股份有限公司,12,47600000,上市,汽車工業,股票,,汽車工業,汽車工業,待進一步分類
7732,7732.TW,金興精密,金興精密工業股份有限公司,12,64680000,上市,汽車工業,股票,,汽車工業,汽車工業,待進一步分類
7736,7736.TW,虎山,虎山實業股份有限公司,12,76000000,上市,汽車工業,股票,,汽車工業,汽車工業,待進一步分類
7821,7821.TW,神數,神達數位股份有限公司,12,121913300,上市,汽車工業,股票,,汽車工業,汽車工業,待進一步分類
2616,2616.TW,山隆,山隆通運股份有限公司,23,137281827,上市,油電燃氣,股票,,油電燃氣,油電燃氣,待進一步分類
6505,6505.TW,台塑化,台塑石化股份有限公司,23,9525959652,上市,油電燃氣,股票,,油電燃氣,油電燃氣,待進一步分類
8926,8926.TW,台汽電,台灣汽電共生股份有限公司,23,830282000,上市,油電燃氣,股票,,油電燃氣,油電燃氣,待進一步分類
9908,9908.TW,大台北,大台北區瓦斯股份有限公司,23,516358000,上市,油電燃氣,股票,,油電燃氣,油電燃氣,待進一步分類
9918,9918.TW,欣天然,欣欣天然氣股份有限公司,23,180537453,上市,油電燃氣,股票,,油電燃氣,油電燃氣,待進一步分類
9926,9926.TW,新海,新海瓦斯股份有限公司,23,179504075,上市,油電燃氣,股票,,油電燃氣,油電燃氣,待進一步分類
9931,9931.TW,欣高,欣高石油氣股份有限公司,23,120369303,上市,油電燃氣,股票,,油電燃氣,油電燃氣,待進一步分類
9937,9937.TW,全國,全國加油站股份有限公司,23,309043000,上市,油電燃氣,股票,,油電燃氣,油電燃氣,待進一步分類
1802,1802.TW,台玻,台灣玻璃工業股份有限公司,08,2908060800,上市,玻璃陶瓷,股票,,玻璃陶瓷,玻璃陶瓷,待進一步分類
1806,1806.TW,冠軍,冠軍建材股份有限公司,08,390403870,上市,玻璃陶瓷,股票,,玻璃陶瓷,玻璃陶瓷,待進一步分類
1809,1809.TW,中釉,中國製釉股份有限公司,08,167041937,上市,玻璃陶瓷,股票,,玻璃陶瓷,玻璃陶瓷,待進一步分類
1810,1810.TW,和成,和成欣業股份有限公司,08,302303719,上市,玻璃陶瓷,股票,,玻璃陶瓷,玻璃陶瓷,待進一步分類
1817,1817.TW,凱撒衛,凱撒衛浴股份有限公司,08,72600000,上市,玻璃陶瓷,股票,,玻璃陶瓷,玻璃陶瓷,待進一步分類
1707,1707.TW,葡萄王,葡萄王生技股份有限公司,22,148137373,上市,生技醫療,股票,,生技醫療,生技醫療,待進一步分類
1720,1720.TW,生達,生達化學製藥股份有限公司,22,196565698,上市,生技醫療,股票,,生技醫療,生技醫療,待進一步分類
1731,1731.TW,美吾華,美吾華股份有限公司,22,132915244,上市,生技醫療,股票,,生技醫療,生技醫療,待進一步分類
1733,1733.TW,五鼎,五鼎生物技術股份有限公司,22,99950192,上市,生技醫療,股票,,生技醫療,生技醫療,待進一步分類
1734,1734.TW,杏輝,杏輝藥品工業股份有限公司,22,190196774,上市,生技醫療,股票,,生技醫療,生技醫療,待進一步分類
1752,1752.TW,南光,南光化學製藥股份有限公司,22,100988472,上市,生技醫療,股票,,生技醫療,生技醫療,待進一步分類
1760,1760.TW,寶齡富錦,寶齡富錦生技股份有限公司,22,85739013,上市,生技醫療,股票,,生技醫療,生技醫療,待進一步分類
1762,1762.TW,中化生,中化合成生技股份有限公司,22,76918000,上市,生技醫療,股票,,生技醫療,生技醫療,待進一步分類
1783,1783.TW,和康生,和康生物科技股份有限公司,22,89698115,上市,生技醫療,股票,,生技醫療,生技醫療,待進一步分類
1786,1786.TW,科妍,科妍生物科技股份有限公司,22,74827641,上市,生技醫療,股票,,生技醫療,生技醫療,待進一步分類
1789,1789.TW,神隆,台灣神隆股份有限公司,22,790739222,上市,生技醫療,股票,,生技醫療,生技醫療,待進一步分類
1795,1795.TW,美時,美時化學製藥股份有限公司,22,266873812,上市,生技醫療,股票,,生技製藥,新藥／醫療,藥品／醫療產品
3164,3164.TW,景岳,景岳生物科技股份有限公司,22,86010364,上市,生技醫療,股票,,生技醫療,生技醫療,待進一步分類
3705,3705.TW,永信,永信國際投資控股股份有限公司,22,266422983,上市,生技醫療,股票,,生技醫療,生技醫療,待進一步分類
3716,3716.TW,中化控股,中化控股股份有限公司,22,150579211,上市,生技醫療,股票,,生技醫療,生技醫療,待進一步分類
4104,4104.TW,佳醫,佳醫健康事業股份有限公司,22,188367456,上市,生技醫療,股票,,生技醫療,生技醫療,待進一步分類
4106,4106.TW,雃博,雃博股份有限公司,22,100911557,上市,生技醫療,股票,,生技醫療,生技醫療,待進一步分類
4108,4108.TW,懷特,懷特生技新藥股份有限公司,22,198618879,上市,生技醫療,股票,,生技醫療,生技醫療,待進一步分類
4119,4119.TW,旭富,旭富製藥科技股份有限公司,22,119508634,上市,生技醫療,股票,,生技醫療,生技醫療,待進一步分類
4133,4133.TW,亞諾法,亞諾法生技股份有限公司,22,60553594,上市,生技醫療,股票,,生技醫療,生技醫療,待進一步分類
4137,4137.TW,麗豐-KY,麗豐股份有限公司,22,82492350,上市,生技醫療,股票,,生技醫療,生技醫療,待進一步分類
4142,4142.TW,國光生,國光生物科技股份有限公司,22,429507750,上市,生技醫療,股票,,生技製藥,新藥／醫療,藥品／醫療產品
4148,4148.TW,全宇生技-KY,全宇生技控股有限公司,22,67235701,上市,生技醫療,股票,,生技醫療,生技醫療,待進一步分類
4155,4155.TW,訊映,訊映光電股份有限公司,22,144684164,上市,生技醫療,股票,,生技醫療,生技醫療,待進一步分類
4164,4164.TW,承業醫,承業生醫投資控股股份有限公司,22,195310989,上市,生技醫療,股票,,生技醫療,生技醫療,待進一步分類
4169,4169.TW,泰宗,泰宗生物科技股份有限公司,22,66431612,上市,生技醫療,股票,,生技醫療,生技醫療,待進一步分類
4178,4178.TW,永笙-KY,永笙生技股份有限公司,22,215866981,上市,生技醫療,股票,,生技醫療,生技醫療,待進一步分類
4190,4190.TW,佐登-KY,佐登妮絲集團股份有限公司,22,61445957,上市,生技醫療,股票,,生技醫療,生技醫療,待進一步分類
4195,4195.TW,基米-創,基龍米克斯生物科技股份有限公司,22,80000057,上市,生技醫療,股票,,生技醫療,生技醫療,待進一步分類
4736,4736.TW,泰博,泰博科技股份有限公司,22,95374469,上市,生技醫療,股票,,生技醫療,生技醫療,待進一步分類
4737,4737.TW,華廣,華廣生技股份有限公司,22,77328053,上市,生技醫療,股票,,生技醫療,生技醫療,待進一步分類
4746,4746.TW,台耀,台耀化學股份有限公司,22,120255963,上市,生技醫療,股票,,生技醫療,生技醫療,待進一步分類
4771,4771.TW,望隼,望隼科技股份有限公司,22,58708700,上市,生技醫療,股票,,生技醫療,生技醫療,待進一步分類
6431,6431.TW,光麗-KY,光麗生技控股股份有限公司,22,97398835,上市,生技醫療,股票,,生技醫療,生技醫療,待進一步分類
6446,6446.TW,藥華藥,藥華醫藥股份有限公司,22,422434636,上市,生技醫療,股票,,生技製藥,新藥／醫療,藥品／醫療產品
6472,6472.TW,保瑞,保瑞藥業股份有限公司,22,127756059,上市,生技醫療,股票,,生技製藥,新藥／醫療,藥品／醫療產品
6491,6491.TW,晶碩,晶碩光學股份有限公司,22,78000000,上市,生技醫療,股票,,生技醫療,生技醫療,待進一步分類
6534,6534.TW,正瀚-創,正瀚生技股份有限公司,22,102800000,上市,生技醫療,股票,,生技醫療,生技醫療,待進一步分類
6541,6541.TW,泰福-KY,泰福生技股份有限公司,22,265125367,上市,生技醫療,股票,,生技醫療,生技醫療,待進一步分類
6550,6550.TW,北極星藥業-KY,北極星藥業集團股份有限公司,22,894792688,上市,生技醫療,股票,,生技醫療,生技醫療,待進一步分類
6589,6589.TW,台康生技,台康生技股份有限公司,22,306871174,上市,生技醫療,股票,,生技醫療,生技醫療,待進一步分類
6598,6598.TW,ABC-KY,Applied BioCode Corporation,22,102819061,上市,生技醫療,股票,,生技醫療,生技醫療,待進一步分類
6645,6645.TW,金萬林-創,金萬林企業股份有限公司,22,60864050,上市,生技醫療,股票,,生技醫療,生技醫療,待進一步分類
6657,6657.TW,華安,華安醫學股份有限公司,22,88808000,上市,生技醫療,股票,,生技醫療,生技醫療,待進一步分類
6666,6666.TW,羅麗芬-KY,羅麗芬控股股份有限公司,22,47388000,上市,生技醫療,股票,,生技醫療,生技醫療,待進一步分類
6782,6782.TW,視陽,視陽光學股份有限公司,22,63000000,上市,生技醫療,股票,,生技醫療,生技醫療,待進一步分類
6794,6794.TW,向榮生技,向榮生醫科技股份有限公司,22,63637000,上市,生技醫療,股票,,生技醫療,生技醫療,待進一步分類
6796,6796.TW,晉弘,晉弘科技股份有限公司,22,40233970,上市,生技醫療,股票,,生技醫療,生技醫療,待進一步分類
6838,6838.TW,台新藥,台新藥股份有限公司,22,150977100,上市,生技醫療,股票,,生技醫療,生技醫療,待進一步分類
6861,6861.TW,睿生光電,睿生光電股份有限公司,22,41599250,上市,生技醫療,股票,,生技醫療,生技醫療,待進一步分類
6885,6885.TW,全福生技,全福生物科技股份有限公司,22,133061000,上市,生技醫療,股票,,生技醫療,生技醫療,待進一步分類
6918,6918.TW,愛派司,愛派司生技股份有限公司,22,34571000,上市,生技醫療,股票,,生技醫療,生技醫療,待進一步分類
6919,6919.TW,康霈*,康霈生技股份有限公司,22,1557200860,上市,生技醫療,股票,,生技醫療,生技醫療,待進一步分類
6931,6931.TW,青松健康,青松健康股份有限公司,22,66152160,上市,生技醫療,股票,,生技醫療,生技醫療,待進一步分類
6934,6934.TW,心誠鎂,心誠鎂行動醫電股份有限公司,22,36130304,上市,生技醫療,股票,,生技醫療,生技醫療,待進一步分類
6936,6936.TW,永鴻生技,永鴻國際生技股份有限公司,22,72804000,上市,生技醫療,股票,,生技醫療,生技醫療,待進一步分類
6949,6949.TW,沛爾生醫-創,沛爾生技醫藥股份有限公司,22,1311601000,上市,生技醫療,股票,,生技醫療,生技醫療,待進一步分類
6955,6955.TW,邦睿生技-創,邦睿生技股份有限公司,22,24800785,上市,生技醫療,股票,,生技醫療,生技醫療,待進一步分類
7799,7799.TW,禾榮科,禾榮科技股份有限公司,22,158245000,上市,生技醫療,股票,,生技醫療,生技醫療,待進一步分類
7803,7803.TW,雲象科技-創,雲象科技股份有限公司,22,94412888,上市,生技醫療,股票,,生技醫療,生技醫療,待進一步分類
7827,7827.TW,漢康-KY創,英屬開曼群島商漢康生技(股)公司,22,139972262,上市,生技醫療,股票,,生技醫療,生技醫療,待進一步分類
1402,1402.TW,遠東新,遠東新世紀股份有限公司,04,5352875227,上市,紡織纖維,股票,,紡織纖維,紡織纖維,待進一步分類
1409,1409.TW,新纖,新光合成纖維股份有限公司,04,1618409286,上市,紡織纖維,股票,,紡織纖維,紡織纖維,待進一步分類
1410,1410.TW,南染,南洋染整股份有限公司,04,62000000,上市,紡織纖維,股票,,紡織纖維,紡織纖維,待進一步分類
1413,1413.TW,宏洲,宏洲纖維工業股份有限公司,04,132112454,上市,紡織纖維,股票,,紡織纖維,紡織纖維,待進一步分類
1414,1414.TW,東和,東和紡織股份有限公司,04,198000000,上市,紡織纖維,股票,,紡織纖維,紡織纖維,待進一步分類
1417,1417.TW,嘉裕,嘉裕股份有限公司,04,189941840,上市,紡織纖維,股票,,紡織纖維,紡織纖維,待進一步分類
1418,1418.TW,東華,東華龍股份有限公司,04,56834309,上市,紡織纖維,股票,,紡織纖維,紡織纖維,待進一步分類
1419,1419.TW,新紡,新光紡織股份有限公司,04,300041280,上市,紡織纖維,股票,,紡織纖維,紡織纖維,待進一步分類
1423,1423.TW,利華,利華羊毛工業股份有限公司,04,99648000,上市,紡織纖維,股票,,紡織纖維,紡織纖維,待進一步分類
1434,1434.TW,福懋,福懋興業股份有限公司,04,1684664637,上市,紡織纖維,股票,,紡織纖維,紡織纖維,待進一步分類
1440,1440.TW,南紡,臺南紡織股份有限公司,04,1656815857,上市,紡織纖維,股票,,紡織纖維,紡織纖維,待進一步分類
1441,1441.TW,大東,大東紡織股份有限公司,04,61744387,上市,紡織纖維,股票,,紡織纖維,紡織纖維,待進一步分類
1444,1444.TW,力麗,力麗企業股份有限公司,04,995595059,上市,紡織纖維,股票,,紡織纖維,紡織纖維,待進一步分類
1445,1445.TW,大宇,大宇紡織股份有限公司,04,130666034,上市,紡織纖維,股票,,紡織纖維,紡織纖維,待進一步分類
1446,1446.TW,宏和,宏和精密紡織股份有限公司,04,137709513,上市,紡織纖維,股票,,紡織纖維,紡織纖維,待進一步分類
1447,1447.TW,力鵬,力鵬企業股份有限公司,04,910071242,上市,紡織纖維,股票,,紡織纖維,紡織纖維,待進一步分類
1449,1449.TW,佳和,佳和實業股份有限公司,04,127114572,上市,紡織纖維,股票,,紡織纖維,紡織纖維,待進一步分類
1451,1451.TW,年興,年興紡織股份有限公司,04,198000000,上市,紡織纖維,股票,,紡織纖維,紡織纖維,待進一步分類
1452,1452.TW,宏益,宏益纖維工業股份有限公司,04,132641400,上市,紡織纖維,股票,,紡織纖維,紡織纖維,待進一步分類
1454,1454.TW,台富,台灣富綢纖維股份有限公司,04,129833848,上市,紡織纖維,股票,,紡織纖維,紡織纖維,待進一步分類
1455,1455.TW,集盛,集盛實業股份有限公司,04,531688380,上市,紡織纖維,股票,,紡織纖維,紡織纖維,待進一步分類
1457,1457.TW,宜進,宜進實業股份有限公司,04,316730022,上市,紡織纖維,股票,,紡織纖維,紡織纖維,待進一步分類
1459,1459.TW,聯發,聯發紡織纖維股份有限公司,04,268971680,上市,紡織纖維,股票,,紡織纖維,紡織纖維,待進一步分類
1460,1460.TW,宏遠,宏遠興業股份有限公司,04,694643484,上市,紡織纖維,股票,,紡織纖維,紡織纖維,待進一步分類
1463,1463.TW,強盛新,強盛新投資控股股份有限公司,04,173268381,上市,紡織纖維,股票,,紡織纖維,紡織纖維,待進一步分類
1464,1464.TW,得力,得力實業股份有限公司,04,425575733,上市,紡織纖維,股票,,紡織纖維,紡織纖維,待進一步分類
1465,1465.TW,偉全,偉全實業股份有限公司,04,103607267,上市,紡織纖維,股票,,紡織纖維,紡織纖維,待進一步分類
1466,1466.TW,聚隆,聚隆纖維股份有限公司,04,111157320,上市,紡織纖維,股票,,紡織纖維,紡織纖維,待進一步分類
1467,1467.TW,南緯,南緯實業股份有限公司,04,233624667,上市,紡織纖維,股票,,紡織纖維,紡織纖維,待進一步分類
1468,1468.TW,昶和,昶和纖維興業股份有限公司,04,160405244,上市,紡織纖維,股票,,紡織纖維,紡織纖維,待進一步分類
1470,1470.TW,大統新創,大統新創股份有限公司,04,85767000,上市,紡織纖維,股票,,紡織纖維,紡織纖維,待進一步分類
1473,1473.TW,台南,台南企業股份有限公司,04,146153534,上市,紡織纖維,股票,,紡織纖維,紡織纖維,待進一步分類
1474,1474.TW,弘裕,弘裕企業股份有限公司,04,129896969,上市,紡織纖維,股票,,紡織纖維,紡織纖維,待進一步分類
1475,1475.TW,業旺,台灣業旺股份有限公司,04,66016749,上市,紡織纖維,股票,,紡織纖維,紡織纖維,待進一步分類
1476,1476.TW,儒鴻,儒鴻企業股份有限公司,04,274367111,上市,紡織纖維,股票,,紡織纖維,紡織纖維,待進一步分類
1477,1477.TW,聚陽,聚陽實業股份有限公司,04,246693713,上市,紡織纖維,股票,,紡織纖維,紡織纖維,待進一步分類
4414,4414.TW,如興,如興股份有限公司,04,263795773,上市,紡織纖維,股票,,紡織纖維,紡織纖維,待進一步分類
4426,4426.TW,利勤,利勤實業股份有限公司,04,172677198,上市,紡織纖維,股票,,紡織纖維,紡織纖維,待進一步分類
4438,4438.TW,廣越,廣越企業股份有限公司,04,113425455,上市,紡織纖維,股票,,紡織纖維,紡織纖維,待進一步分類
4439,4439.TW,冠星-KY,冠星集團控股有限公司,04,38116201,上市,紡織纖維,股票,,紡織纖維,紡織纖維,待進一步分類
4440,4440.TW,宜新實業,宜新實業股份有限公司,04,67598000,上市,紡織纖維,股票,,紡織纖維,紡織纖維,待進一步分類
4441,4441.TW,振大環球,振大環球股份有限公司,04,68175578,上市,紡織纖維,股票,,紡織纖維,紡織纖維,待進一步分類
2072,2072.TW,世紀風電,世紀能源設備股份有限公司,35,192000000,上市,綠能環保,股票,,綠能環保,綠能環保,待進一步分類
3708,3708.TW,上緯投控,上緯國際控股股份有限公司,35,92105384,上市,綠能環保,股票,,重電與綠能,電網升級／能源轉型,重電／能源設備
4582,4582.TW,聚恆-創,聚恆科技股份有限公司,35,75480000,上市,綠能環保,股票,,綠能環保,綠能環保,待進一步分類
5292,5292.TW,華懋,華懋科技股份有限公司,35,46318800,上市,綠能環保,股票,,綠能環保,綠能環保,待進一步分類
6581,6581.TW,鋼聯,台灣鋼聯股份有限公司,35,111270887,上市,綠能環保,股票,,綠能環保,綠能環保,待進一步分類
6641,6641.TW,基士德-KY,基士德科技股份有限公司,35,36500000,上市,綠能環保,股票,,綠能環保,綠能環保,待進一步分類
6771,6771.TW,平和環保-創,平和環保科技股份有限公司,35,31179500,上市,綠能環保,股票,,綠能環保,綠能環保,待進一步分類
6869,6869.TW,雲豹能源,雲豹能源科技股份有限公司,35,137830041,上市,綠能環保,股票,,重電與綠能,電網升級／能源轉型,重電／能源設備
6873,6873.TW,泓德能源,泓德能源科技股份有限公司,35,142649099,上市,綠能環保,股票,,綠能環保,綠能環保,待進一步分類
6887,6887.TW,寶綠特-KY,寶綠特資源再生工程股份有限公司,35,74205512,上市,綠能環保,股票,,綠能環保,綠能環保,待進一步分類
6923,6923.TW,中台,中台資源科技股份有限公司,35,90439000,上市,綠能環保,股票,,綠能環保,綠能環保,待進一步分類
6944,6944.TW,兆聯實業,兆聯實業股份有限公司,35,99694286,上市,綠能環保,股票,,綠能環保,綠能環保,待進一步分類
6947,6947.TW,台鎔科技,台鎔科技材料股份有限公司,35,106126334,上市,綠能環保,股票,,綠能環保,綠能環保,待進一步分類
6951,6951.TW,青新-創,青新環境工程股份有限公司,35,52000000,上市,綠能環保,股票,,綠能環保,綠能環保,待進一步分類
6969,6969.TW,成信實業*-創,成信實業股份有限公司,35,43857189,上市,綠能環保,股票,,綠能環保,綠能環保,待進一步分類
6994,6994.TW,富威電力,富威電力股份有限公司,35,74162071,上市,綠能環保,股票,,綠能環保,綠能環保,待進一步分類
7610,7610.TW,聯友金屬-創,聯友金屬科技股份有限公司,35,58305456,上市,綠能環保,股票,,綠能環保,綠能環保,待進一步分類
7740,7740.TW,熙特爾-創,熙特爾新能源股份有限公司,35,60000000,上市,綠能環保,股票,,綠能環保,綠能環保,待進一步分類
7786,7786.TW,東方風能,東方風能科技股份有限公司,35,175953944,上市,綠能環保,股票,,綠能環保,綠能環保,待進一步分類
7818,7818.TW,溢泰實業,溢泰實業股份有限公司,35,167946000,上市,綠能環保,股票,,綠能環保,綠能環保,待進一步分類
8341,8341.TW,日友,日友環保科技股份有限公司,35,130000000,上市,綠能環保,股票,,綠能環保,綠能環保,待進一步分類
8422,8422.TW,可寧衛*,可寧衛股份有限公司,35,1358762544,上市,綠能環保,股票,,綠能環保,綠能環保,待進一步分類
8438,8438.TW,昶昕,昶昕實業股份有限公司,35,69943000,上市,綠能環保,股票,,綠能環保,綠能環保,待進一步分類
8473,8473.TW,山林水,山林水環境工程股份有限公司,35,182306922,上市,綠能環保,股票,,綠能環保,綠能環保,待進一步分類
8476,8476.TW,台境*,台境企業股份有限公司,35,166226358,上市,綠能環保,股票,,綠能環保,綠能環保,待進一步分類
9930,9930.TW,中聯資源,中聯資源股份有限公司,35,248540368,上市,綠能環保,股票,,綠能環保,綠能環保,待進一步分類
9955,9955.TW,佳龍,佳龍科技工程股份有限公司,35,104424629,上市,綠能環保,股票,,綠能環保,綠能環保,待進一步分類
2208,2208.TW,台船,台灣國際造船股份有限公司,15,1274539449,上市,航運業,股票,,軍工與無人機,國防自主,航太／無人機零組件
2601,2601.TW,益航,益航股份有限公司,15,824776067,上市,航運業,股票,,航運業,航運業,待進一步分類
2603,2603.TW,長榮,長榮海運股份有限公司,15,2165042996,上市,航運業,股票,,航運與航空,運價循環,海運／航空運輸
2605,2605.TW,新興,新興航運股份有限公司,15,585353297,上市,航運業,股票,,航運業,航運業,待進一步分類
2606,2606.TW,裕民,裕民航運股份有限公司,15,845055712,上市,航運業,股票,,航運與航空,運價循環,海運／航空運輸
2607,2607.TW,榮運,長榮國際儲運股份有限公司,15,533570547,上市,航運業,股票,,航運業,航運業,待進一步分類
2608,2608.TW,嘉里大榮,嘉里大榮物流股份有限公司,15,467000498,上市,航運業,股票,,航運業,航運業,待進一步分類
2609,2609.TW,陽明,陽明海運股份有限公司,15,3492104270,上市,航運業,股票,,航運與航空,運價循環,海運／航空運輸
2610,2610.TW,華航,中華航空股份有限公司,15,6119964937,上市,航運業,股票,,航運與航空,運價循環,海運／航空運輸
2611,2611.TW,志信,志信國際股份有限公司,15,189002272,上市,航運業,股票,,航運業,航運業,待進一步分類
2612,2612.TW,中航,中國航運股份有限公司,15,197484593,上市,航運業,股票,,航運業,航運業,待進一步分類
2613,2613.TW,中櫃,中國貨櫃運輸股份有限公司,15,148423458,上市,航運業,股票,,航運業,航運業,待進一步分類
2615,2615.TW,萬海,萬海航運股份有限公司,15,2806146293,上市,航運業,股票,,航運與航空,運價循環,海運／航空運輸
2617,2617.TW,台航,台灣航業股份有限公司,15,417294487,上市,航運業,股票,,航運業,航運業,待進一步分類
2618,2618.TW,長榮航,長榮航空股份有限公司,15,5400444335,上市,航運業,股票,,航運與航空,運價循環,海運／航空運輸
2630,2630.TW,亞航,亞洲航空股份有限公司,15,209438204,上市,航運業,股票,,航運業,航運業,待進一步分類
2633,2633.TW,台灣高鐵,台灣高速鐵路股份有限公司,15,5628293058,上市,航運業,股票,,航運業,航運業,待進一步分類
2634,2634.TW,漢翔,漢翔航空工業股份有限公司,15,941867101,上市,航運業,股票,,軍工與無人機,國防自主,航太／無人機零組件
2636,2636.TW,台驊控股,台驊國際控股股份有限公司,15,141835230,上市,航運業,股票,,航運業,航運業,待進一步分類
2637,2637.TW,慧洋-KY,慧洋海運股份有限公司,15,746409199,上市,航運業,股票,,航運與航空,運價循環,海運／航空運輸
2642,2642.TW,宅配通,台灣宅配通股份有限公司,15,95467000,上市,航運業,股票,,航運業,航運業,待進一步分類
2645,2645.TW,長榮航太,長榮航太科技股份有限公司,15,374570962,上市,航運業,股票,,航運業,航運業,待進一步分類
2646,2646.TW,星宇航空,星宇航空股份有限公司,15,3008735000,上市,航運業,股票,,航運業,航運業,待進一步分類
5607,5607.TW,遠雄港,遠雄自貿港投資控股股份有限公司,15,370552913,上市,航運業,股票,,航運業,航運業,待進一步分類
5608,5608.TW,四維航,四維航業股份有限公司,15,389276138,上市,航運業,股票,,航運業,航運業,待進一步分類
6753,6753.TW,龍德造船,龍德造船工業股份有限公司,15,117254081,上市,航運業,股票,,軍工與無人機,國防自主,航太／無人機零組件
6757,6757.TW,台灣虎航,台灣虎航股份有限公司,15,459530000,上市,航運業,股票,,航運業,航運業,待進一步分類
8367,8367.TW,建新國際,建新國際股份有限公司,15,92172031,上市,航運業,股票,,航運業,航運業,待進一步分類
2701,2701.TW,萬企,萬華企業股份有限公司,16,449967838,上市,觀光餐旅,股票,,觀光餐旅,觀光餐旅,待進一步分類
2702,2702.TW,華園,華園飯店股份有限公司,16,156613249,上市,觀光餐旅,股票,,觀光餐旅,觀光餐旅,待進一步分類
2704,2704.TW,國賓,國賓大飯店股份有限公司,16,366923343,上市,觀光餐旅,股票,,觀光餐旅,觀光餐旅,待進一步分類
2705,2705.TW,六福,六福開發股份有限公司,16,191312830,上市,觀光餐旅,股票,,觀光餐旅,觀光餐旅,待進一步分類
2706,2706.TW,第一店,第一華僑大飯店股份有限公司,16,499998346,上市,觀光餐旅,股票,,觀光餐旅,觀光餐旅,待進一步分類
2707,2707.TW,晶華,晶華國際酒店股份有限公司,16,127403238,上市,觀光餐旅,股票,,消費與零售,內需消費,品牌／通路
2712,2712.TW,遠雄來,遠雄悅來大飯店股份有限公司,16,105000000,上市,觀光餐旅,股票,,觀光餐旅,觀光餐旅,待進一步分類
2722,2722.TW,夏都,夏都國際開發股份有限公司,16,143169696,上市,觀光餐旅,股票,,觀光餐旅,觀光餐旅,待進一步分類
2723,2723.TW,美食-KY,開曼美食達人股份有限公司,16,180000000,上市,觀光餐旅,股票,,觀光餐旅,觀光餐旅,待進一步分類
2727,2727.TW,王品,王品餐飲股份有限公司,16,82940109,上市,觀光餐旅,股票,,消費與零售,內需消費,品牌／通路
2731,2731.TW,雄獅,雄獅旅行社股份有限公司,16,93277739,上市,觀光餐旅,股票,,觀光餐旅,觀光餐旅,待進一步分類
2739,2739.TW,寒舍,寒舍餐旅管理顧問股份有限公司,16,91526000,上市,觀光餐旅,股票,,觀光餐旅,觀光餐旅,待進一步分類
2748,2748.TW,雲品,雲品國際酒店股份有限公司,16,105778740,上市,觀光餐旅,股票,,觀光餐旅,觀光餐旅,待進一步分類
2753,2753.TW,八方雲集,八方雲集國際股份有限公司,16,66644796,上市,觀光餐旅,股票,,觀光餐旅,觀光餐旅,待進一步分類
5706,5706.TW,鳳凰,鳳凰國際旅行社股份有限公司,16,83767920,上市,觀光餐旅,股票,,觀光餐旅,觀光餐旅,待進一步分類
7705,7705.TW,三商餐飲,三商餐飲股份有限公司,16,66067304,上市,觀光餐旅,股票,,觀光餐旅,觀光餐旅,待進一步分類
7760,7760.TW,享溫馨,享溫馨企業股份有限公司,16,66048000,上市,觀光餐旅,股票,,觀光餐旅,觀光餐旅,待進一步分類
8940,8940.TW,新天地,新天地國際實業股份有限公司,16,67491032,上市,觀光餐旅,股票,,觀光餐旅,觀光餐旅,待進一步分類
9943,9943.TW,好樂迪,好樂迪股份有限公司,16,125171510,上市,觀光餐旅,股票,,觀光餐旅,觀光餐旅,待進一步分類
2901,2901.TW,欣欣,欣欣大眾市場股份有限公司,18,73043283,上市,貿易百貨,股票,,貿易百貨,貿易百貨,待進一步分類
2903,2903.TW,遠百,遠東百貨股份有限公司,18,1416940589,上市,貿易百貨,股票,,貿易百貨,貿易百貨,待進一步分類
2905,2905.TW,三商,三商投資控股股份有限公司,18,1110371703,上市,貿易百貨,股票,,貿易百貨,貿易百貨,待進一步分類
2906,2906.TW,高林,高林實業股份有限公司,18,209116648,上市,貿易百貨,股票,,貿易百貨,貿易百貨,待進一步分類
2908,2908.TW,特力,特力股份有限公司,18,509887558,上市,貿易百貨,股票,,貿易百貨,貿易百貨,待進一步分類
2910,2910.TW,統領,統領百貨股份有限公司,18,175403000,上市,貿易百貨,股票,,貿易百貨,貿易百貨,待進一步分類
2911,2911.TW,麗嬰房,麗嬰房股份有限公司,18,105125999,上市,貿易百貨,股票,,貿易百貨,貿易百貨,待進一步分類
2912,2912.TW,統一超,統一超商股份有限公司,18,1039622255,上市,貿易百貨,股票,,消費與零售,內需消費,品牌／通路
2913,2913.TW,農林,台灣農林股份有限公司,18,790000000,上市,貿易百貨,股票,,貿易百貨,貿易百貨,待進一步分類
2915,2915.TW,潤泰全,潤泰全球股份有限公司,18,1104318772,上市,貿易百貨,股票,,貿易百貨,貿易百貨,待進一步分類
2929,2929.TW,淘帝-KY,淘帝國際控股有限公司,18,109493838,上市,貿易百貨,股票,,貿易百貨,貿易百貨,待進一步分類
2939,2939.TW,永邑-KY,永邑國際集團股份有限公司,18,45548665,上市,貿易百貨,股票,,貿易百貨,貿易百貨,待進一步分類
2945,2945.TW,三商家購,三商家購股份有限公司,18,67500000,上市,貿易百貨,股票,,貿易百貨,貿易百貨,待進一步分類
4807,4807.TW,日成-KY,日成控股股份有限公司,18,48996032,上市,貿易百貨,股票,,貿易百貨,貿易百貨,待進一步分類
5906,5906.TW,台南-KY,台南生活(開曼)股份有限公司,18,35741412,上市,貿易百貨,股票,,貿易百貨,貿易百貨,待進一步分類
5907,5907.TW,大洋-KY,Grand Ocean RetailGroupLimited,18,195531000,上市,貿易百貨,股票,,貿易百貨,貿易百貨,待進一步分類
8429,8429.TW,金麗-KY,金麗集團控股有限公司,18,185747151,上市,貿易百貨,股票,,貿易百貨,貿易百貨,待進一步分類
8443,8443.TW,阿瘦,阿瘦實業股份有限公司,18,66800000,上市,貿易百貨,股票,,貿易百貨,貿易百貨,待進一步分類
2427,2427.TW,三商電,三商電腦股份有限公司,30,197999573,上市,資訊服務業,股票,,資訊服務業,資訊服務業,待進一步分類
2453,2453.TW,凌群,凌群電腦股份有限公司,30,100000000,上市,資訊服務業,股票,,資訊服務業,資訊服務業,待進一步分類
2468,2468.TW,華經,華經資訊企業股份有限公司,30,69961249,上市,資訊服務業,股票,,資訊服務業,資訊服務業,待進一步分類
2471,2471.TW,資通,資通電腦股份有限公司,30,47253890,上市,資訊服務業,股票,,資訊服務業,資訊服務業,待進一步分類
2480,2480.TW,敦陽科,敦陽科技股份有限公司,30,106360291,上市,資訊服務業,股票,,資訊服務業,資訊服務業,待進一步分類
3029,3029.TW,零壹,零壹科技股份有限公司,30,167005212,上市,資訊服務業,股票,,資訊服務業,資訊服務業,待進一步分類
4994,4994.TW,傳奇,傳奇網路遊戲股份有限公司,30,66383400,上市,資訊服務業,股票,,資訊服務業,資訊服務業,待進一步分類
5203,5203.TW,訊連,訊連科技股份有限公司,30,79342550,上市,資訊服務業,股票,,資訊服務業,資訊服務業,待進一步分類
6112,6112.TW,邁達特,邁達特數位股份有限公司,30,188357336,上市,資訊服務業,股票,,資訊服務業,資訊服務業,待進一步分類
6183,6183.TW,關貿,關貿網路股份有限公司,30,150000000,上市,資訊服務業,股票,,資訊服務業,資訊服務業,待進一步分類
6214,6214.TW,精誠,精誠資訊股份有限公司,30,272243066,上市,資訊服務業,股票,,資訊服務業,資訊服務業,待進一步分類
2314,2314.TW,台揚,台揚科技股份有限公司,27,108596422,上市,通信網路業,股票,,通信網路業,通信網路業,待進一步分類
2321,2321.TW,東訊,東訊股份有限公司,27,16555060,上市,通信網路業,股票,,通信網路業,通信網路業,待進一步分類
2332,2332.TW,友訊,友訊科技股份有限公司,27,602170373,上市,通信網路業,股票,,通信網路業,通信網路業,待進一步分類
2345,2345.TW,智邦,智邦科技股份有限公司,27,561117897,上市,通信網路業,股票,,網通與高速傳輸,AI 網路基礎建設,交換器／高速傳輸
2412,2412.TW,中華電,中華電信股份有限公司,27,7757446545,上市,通信網路業,股票,,網通與高速傳輸,AI 網路基礎建設,交換器／高速傳輸
2419,2419.TW,仲琦,仲琦科技股份有限公司,27,321317229,上市,通信網路業,股票,,通信網路業,通信網路業,待進一步分類
2424,2424.TW,隴華,隴華電子股份有限公司,27,59585000,上市,通信網路業,股票,,通信網路業,通信網路業,待進一步分類
2439,2439.TW,美律,美律實業股份有限公司,27,248641314,上市,通信網路業,股票,,通信網路業,通信網路業,待進一步分類
2444,2444.TW,兆勁,兆勁科技股份有限公司,27,101569573,上市,通信網路業,股票,,通信網路業,通信網路業,待進一步分類
2450,2450.TW,神腦,神腦國際企業股份有限公司,27,258252657,上市,通信網路業,股票,,通信網路業,通信網路業,待進一步分類
2455,2455.TW,全新,全新光電科技股份有限公司,27,184905918,上市,通信網路業,股票,,通信網路業,通信網路業,待進一步分類
2485,2485.TW,兆赫,兆赫電子股份有限公司,27,317689037,上市,通信網路業,股票,,通信網路業,通信網路業,待進一步分類
2498,2498.TW,宏達電,宏達國際電子股份有限公司,27,836097086,上市,通信網路業,股票,,通信網路業,通信網路業,待進一步分類
3025,3025.TW,星通,星通資訊股份有限公司,27,56736440,上市,通信網路業,股票,,通信網路業,通信網路業,待進一步分類
3027,3027.TW,盛達,盛達電業股份有限公司,27,129160299,上市,通信網路業,股票,,通信網路業,通信網路業,待進一步分類
3045,3045.TW,台灣大,台灣大哥大股份有限公司,27,3723261811,上市,通信網路業,股票,,通信網路業,通信網路業,待進一步分類
3047,3047.TW,訊舟,訊舟科技股份有限公司,27,224761608,上市,通信網路業,股票,,通信網路業,通信網路業,待進一步分類
3062,3062.TW,建漢,建漢科技股份有限公司,27,330091818,上市,通信網路業,股票,,通信網路業,通信網路業,待進一步分類
3138,3138.TW,耀登,耀登科技股份有限公司,27,51732426,上市,通信網路業,股票,,通信網路業,通信網路業,待進一步分類
3311,3311.TW,閎暉,閎暉實業股份有限公司,27,100000000,上市,通信網路業,股票,,通信網路業,通信網路業,待進一步分類
3380,3380.TW,明泰,明泰科技股份有限公司,27,541718460,上市,通信網路業,股票,,通信網路業,通信網路業,待進一步分類
3419,3419.TW,譁裕,譁裕實業股份有限公司,27,120480417,上市,通信網路業,股票,,通信網路業,通信網路業,待進一步分類
3447,3447.TW,展達,展達通訊股份有限公司,27,77449120,上市,通信網路業,股票,,通信網路業,通信網路業,待進一步分類
3596,3596.TW,智易,智易科技股份有限公司,27,220354321,上市,通信網路業,股票,,網通與高速傳輸,AI 網路基礎建設,交換器／高速傳輸
3669,3669.TW,圓展,圓展科技股份有限公司,27,92919950,上市,通信網路業,股票,,通信網路業,通信網路業,待進一步分類
3694,3694.TW,海華,海華科技股份有限公司,27,154890708,上市,通信網路業,股票,,通信網路業,通信網路業,待進一步分類
3704,3704.TW,合勤控,合勤投資控股股份有限公司,27,415444970,上市,通信網路業,股票,,通信網路業,通信網路業,待進一步分類
4904,4904.TW,遠傳,遠傳電信股份有限公司,27,3607705357,上市,通信網路業,股票,,網通與高速傳輸,AI 網路基礎建設,交換器／高速傳輸
4906,4906.TW,正文,正文科技股份有限公司,27,436353471,上市,通信網路業,股票,,通信網路業,通信網路業,待進一步分類
4977,4977.TW,眾達-KY,眾達科技股份有限公司,27,82689841,上市,通信網路業,股票,,光學與光通訊,矽光子／高速光通訊,光學元件／模組
5388,5388.TW,中磊,中磊電子股份有限公司,27,304342542,上市,通信網路業,股票,,網通與高速傳輸,AI 網路基礎建設,交換器／高速傳輸
6136,6136.TW,富爾特,富爾特科技股份有限公司,27,115536412,上市,通信網路業,股票,,通信網路業,通信網路業,待進一步分類
6142,6142.TW,友勁,友勁科技股份有限公司,27,330779215,上市,通信網路業,股票,,通信網路業,通信網路業,待進一步分類
6152,6152.TW,百一,百一電子股份有限公司,27,167738463,上市,通信網路業,股票,,通信網路業,通信網路業,待進一步分類
6216,6216.TW,居易,居易科技股份有限公司,27,97296137,上市,通信網路業,股票,,通信網路業,通信網路業,待進一步分類
6285,6285.TW,啟碁,啟碁科技股份有限公司,27,483441359,上市,通信網路業,股票,,網通與高速傳輸,AI 網路基礎建設,交換器／高速傳輸
6416,6416.TW,瑞祺電通,瑞祺電通股份有限公司,27,73348460,上市,通信網路業,股票,,通信網路業,通信網路業,待進一步分類
6426,6426.TW,統新,統新光訊股份有限公司,27,38509000,上市,通信網路業,股票,,通信網路業,通信網路業,待進一步分類
6442,6442.TW,光聖,光紅建聖股份有限公司,27,80450155,上市,通信網路業,股票,,通信網路業,通信網路業,待進一步分類
6674,6674.TW,鋐寶科技,鋐寶科技股份有限公司,27,68550659,上市,通信網路業,股票,,通信網路業,通信網路業,待進一步分類
6792,6792.TW,詠業,詠業科技股份有限公司,27,47875325,上市,通信網路業,股票,,通信網路業,通信網路業,待進一步分類
6863,6863.TW,永道-KY,Arizon RFID Technology,27,74888000,上市,通信網路業,股票,,通信網路業,通信網路業,待進一步分類
7689,7689.TW,大鵬科CLMX,大鵬科技股份有限公司,27,58507250,上市,通信網路業,股票,,通信網路業,通信網路業,待進一步分類
8011,8011.TW,台通,台通光電股份有限公司,27,165921891,上市,通信網路業,股票,,通信網路業,通信網路業,待進一步分類
8045,8045.TW,達運光電,達運光電股份有限公司,27,95041815,上市,通信網路業,股票,,通信網路業,通信網路業,待進一步分類
8101,8101.TW,華冠,華冠通訊股份有限公司,27,52166216,上市,通信網路業,股票,,通信網路業,通信網路業,待進一步分類
1903,1903.TW,士紙,士林紙業股份有限公司,09,260039121,上市,造紙工業,股票,,造紙工業,造紙工業,待進一步分類
1904,1904.TW,正隆,正隆股份有限公司,09,1108274522,上市,造紙工業,股票,,造紙工業,造紙工業,待進一步分類
1905,1905.TW,華紙,中華紙漿股份有限公司,09,1102835316,上市,造紙工業,股票,,造紙工業,造紙工業,待進一步分類
1906,1906.TW,寶隆,寶隆國際股份有限公司,09,151000000,上市,造紙工業,股票,,造紙工業,造紙工業,待進一步分類
1907,1907.TW,永豐餘,永豐餘投資控股股份有限公司,09,1660371495,上市,造紙工業,股票,,造紙工業,造紙工業,待進一步分類
1909,1909.TW,榮成,榮成紙業股份有限公司,09,1327685727,上市,造紙工業,股票,,造紙工業,造紙工業,待進一步分類
6790,6790.TW,永豐實,永豐餘消費品實業股份有限公司,09,267129021,上市,造紙工業,股票,,造紙工業,造紙工業,待進一步分類
1432,1432.TW,大魯閣,大魯閣實業股份有限公司,37,108000000,上市,運動休閒,股票,,運動休閒,運動休閒,待進一步分類
1598,1598.TW,岱宇,岱宇國際股份有限公司,37,179142092,上市,運動休閒,股票,,運動休閒,運動休閒,待進一步分類
1736,1736.TW,喬山,喬山健康科技股份有限公司,37,303394617,上市,運動休閒,股票,,運動休閒,運動休閒,待進一步分類
2762,2762.TW,世界健身-KY,世界健身股份有限公司,37,112500000,上市,運動休閒,股票,,運動休閒,運動休閒,待進一步分類
4536,4536.TW,拓凱,拓凱實業股份有限公司,37,90820000,上市,運動休閒,股票,,運動休閒,運動休閒,待進一步分類
5306,5306.TW,桂盟,桂盟國際股份有限公司,37,126000772,上市,運動休閒,股票,,運動休閒,運動休閒,待進一步分類
6670,6670.TW,復盛應用,復盛應用科技股份有限公司,37,139386973,上市,運動休閒,股票,,運動休閒,運動休閒,待進一步分類
6768,6768.TW,志強-KY,志強國際企業股份有限公司,37,200095061,上市,運動休閒,股票,,運動休閒,運動休閒,待進一步分類
6890,6890.TW,來億-KY,來億興業股份有限公司,37,250295804,上市,運動休閒,股票,,運動休閒,運動休閒,待進一步分類
6965,6965.TW,中傑-KY,中傑投資控股股份有限公司,37,156336000,上市,運動休閒,股票,,運動休閒,運動休閒,待進一步分類
8462,8462.TW,柏文,柏文健康事業股份有限公司,37,80386616,上市,運動休閒,股票,,運動休閒,運動休閒,待進一步分類
8467,8467.TW,波力-KY,波力環球企業股份有限公司,37,48373575,上市,運動休閒,股票,,運動休閒,運動休閒,待進一步分類
8478,8478.TW,東哥遊艇,東哥企業股份有限公司,37,93972276,上市,運動休閒,股票,,運動休閒,運動休閒,待進一步分類
9802,9802.TW,鈺齊-KY,鈺齊國際股份有限公司,37,200991673,上市,運動休閒,股票,,運動休閒,運動休閒,待進一步分類
9904,9904.TW,寶成,寶成工業股份有限公司,37,2946787213,上市,運動休閒,股票,,運動休閒,運動休閒,待進一步分類
9910,9910.TW,豐泰,豐泰企業股份有限公司,37,987482831,上市,運動休閒,股票,,消費與零售,內需消費,品牌／通路
9914,9914.TW,美利達,美利達工業股份有限公司,37,298983800,上市,運動休閒,股票,,運動休閒,運動休閒,待進一步分類
9921,9921.TW,巨大,巨大機械工業股份有限公司,37,392065395,上市,運動休閒,股票,,運動休閒,運動休閒,待進一步分類
2801,2801.TW,彰銀,彰化商業銀行股份有限公司,17,12060197409,上市,金融保險,股票,,金融保險,金融保險,待進一步分類
2812,2812.TW,台中銀,台中商業銀行股份有限公司,17,6425074858,上市,金融保險,股票,,金融保險,金融保險,待進一步分類
2816,2816.TW,旺旺保,旺旺友聯產物保險股份有限公司,17,223608000,上市,金融保險,股票,,金融保險,金融保險,待進一步分類
2820,2820.TW,華票,中華票券金融股份有限公司,17,1342960000,上市,金融保險,股票,,金融保險,金融保險,待進一步分類
2832,2832.TW,台產,台灣產物保險股份有限公司,17,253540280,上市,金融保險,股票,,金融保險,金融保險,待進一步分類
2834,2834.TW,臺企銀,臺灣中小企業銀行股份有限公司,17,9718061849,上市,金融保險,股票,,金融保險,金融保險,待進一步分類
2836,2836.TW,高雄銀,高雄銀行股份有限公司,17,1858316153,上市,金融保險,股票,,金融保險,金融保險,待進一步分類
2838,2838.TW,聯邦銀,聯邦商業銀行股份有限公司,17,4340551779,上市,金融保險,股票,,金融保險,金融保險,待進一步分類
2845,2845.TW,遠東銀,遠東國際商業銀行股份有限公司,17,4865284731,上市,金融保險,股票,,金融保險,金融保險,待進一步分類
2849,2849.TW,安泰銀,安泰商業銀行股份有限公司,17,1957609349,上市,金融保險,股票,,金融保險,金融保險,待進一步分類
2850,2850.TW,新產,新光產物保險股份有限公司,17,315963300,上市,金融保險,股票,,金融保險,金融保險,待進一步分類
2851,2851.TW,中再保,中央再保險股份有限公司,17,800388750,上市,金融保險,股票,,金融保險,金融保險,待進一步分類
2852,2852.TW,第一保,第一產物保險股份有限公司,17,301163784,上市,金融保險,股票,,金融保險,金融保險,待進一步分類
2855,2855.TW,統一證,統一綜合證券股份有限公司,17,1601414478,上市,金融保險,股票,,金融保險,金融保險,待進一步分類
2867,2867.TW,三商壽,三商美邦人壽保險股份有限公司,17,5899501044,上市,金融保險,股票,,金融保險,金融保險,待進一步分類
2880,2880.TW,華南金,華南金融控股股份有限公司,17,13916965089,上市,金融保險,股票,,金融控股,金融股,銀行／保險／證券
2881,2881.TW,富邦金,富邦金融控股股份有限公司,17,14007364952,上市,金融保險,股票,,金融控股,金融股,銀行／保險／證券
2882,2882.TW,國泰金,國泰金融控股股份有限公司,17,14669210128,上市,金融保險,股票,,金融控股,金融股,銀行／保險／證券
2883,2883.TW,凱基金,凱基金融控股股份有限公司,17,16974847040,上市,金融保險,股票,,金融保險,金融保險,待進一步分類
2884,2884.TW,玉山金,玉山金融控股股份有限公司,17,16192000000,上市,金融保險,股票,,金融控股,金融股,銀行／保險／證券
2885,2885.TW,元大金,元大金融控股股份有限公司,17,13331149946,上市,金融保險,股票,,金融控股,金融股,銀行／保險／證券
2886,2886.TW,兆豐金,兆豐金融控股股份有限公司,17,14833378282,上市,金融保險,股票,,金融控股,金融股,銀行／保險／證券
2887,2887.TW,台新新光金,台新新光金融控股股份有限公司,17,25115061997,上市,金融保險,股票,,金融保險,金融保險,待進一步分類
2889,2889.TW,國票金,國票金融控股股份有限公司,17,3633563471,上市,金融保險,股票,,金融保險,金融保險,待進一步分類
2890,2890.TW,永豐金,永豐金融控股股份有限公司,17,14782168721,上市,金融保險,股票,,金融保險,金融保險,待進一步分類
2891,2891.TW,中信金,中國信託金融控股股份有限公司,17,19675932806,上市,金融保險,股票,,金融控股,金融股,銀行／保險／證券
2892,2892.TW,第一金,第一金融控股股份有限公司,17,14379468650,上市,金融保險,股票,,金融控股,金融股,銀行／保險／證券
2897,2897.TW,王道銀行,王道商業銀行股份有限公司,17,2805357878,上市,金融保險,股票,,金融保險,金融保險,待進一步分類
5876,5876.TW,上海商銀,上海商業儲蓄銀行股份有限公司,17,4861603140,上市,金融保險,股票,,金融控股,金融股,銀行／保險／證券
5880,5880.TW,合庫金,合作金庫金融控股股份有限公司,17,15680936914,上市,金融保險,股票,,金融控股,金融股,銀行／保險／證券
6005,6005.TW,群益證,群益金鼎證券股份有限公司,17,2170908097,上市,金融保險,股票,,金融保險,金融保險,待進一步分類
6024,6024.TW,群益期,群益期貨股份有限公司,17,266683403,上市,金融保險,股票,,金融保險,金融保險,待進一步分類
2002,2002.TW,中鋼,中國鋼鐵股份有限公司,10,15734860997,上市,鋼鐵工業,股票,,鋼鐵塑化原物料,原物料循環,上游原料供應
2006,2006.TW,東和鋼鐵,東和鋼鐵企業股份有限公司,10,730213818,上市,鋼鐵工業,股票,,鋼鐵工業,鋼鐵工業,待進一步分類
2007,2007.TW,燁興,燁興企業股份有限公司,10,530651613,上市,鋼鐵工業,股票,,鋼鐵工業,鋼鐵工業,待進一步分類
2008,2008.TW,高興昌,高興昌鋼鐵股份有限公司,10,190852293,上市,鋼鐵工業,股票,,鋼鐵工業,鋼鐵工業,待進一步分類
2009,2009.TW,第一銅,第一伸銅科技股份有限公司,10,359622165,上市,鋼鐵工業,股票,,鋼鐵工業,鋼鐵工業,待進一步分類
2010,2010.TW,春源,春源鋼鐵工業股份有限公司,10,647655390,上市,鋼鐵工業,股票,,鋼鐵工業,鋼鐵工業,待進一步分類
2012,2012.TW,春雨,春雨工廠股份有限公司,10,302162700,上市,鋼鐵工業,股票,,鋼鐵工業,鋼鐵工業,待進一步分類
2013,2013.TW,中鋼構,中國鋼鐵結構股份有限公司,10,200000000,上市,鋼鐵工業,股票,,鋼鐵工業,鋼鐵工業,待進一步分類
2014,2014.TW,中鴻,中鴻鋼鐵股份有限公司,10,1435544446,上市,鋼鐵工業,股票,,鋼鐵塑化原物料,原物料循環,上游原料供應
2015,2015.TW,豐興,豐興鋼鐵股份有限公司,10,581599424,上市,鋼鐵工業,股票,,鋼鐵工業,鋼鐵工業,待進一步分類
2017,2017.TW,官田鋼,官田鋼鐵股份有限公司,10,446874691,上市,鋼鐵工業,股票,,鋼鐵工業,鋼鐵工業,待進一步分類
2020,2020.TW,美亞,美亞鋼管廠股份有限公司,10,267031320,上市,鋼鐵工業,股票,,鋼鐵工業,鋼鐵工業,待進一步分類
2022,2022.TW,聚亨,聚亨企業股份有限公司,10,337168138,上市,鋼鐵工業,股票,,鋼鐵工業,鋼鐵工業,待進一步分類
2023,2023.TW,燁輝,燁輝企業股份有限公司,10,1821240214,上市,鋼鐵工業,股票,,鋼鐵工業,鋼鐵工業,待進一步分類
2024,2024.TW,志聯,志聯工業股份有限公司,10,97500000,上市,鋼鐵工業,股票,,鋼鐵工業,鋼鐵工業,待進一步分類
2025,2025.TW,千興,千興不銹鋼(股)公司,10,172660536,上市,鋼鐵工業,股票,,鋼鐵工業,鋼鐵工業,待進一步分類
2027,2027.TW,大成鋼,大成不銹鋼工業股份有限公司,10,2584260615,上市,鋼鐵工業,股票,,鋼鐵塑化原物料,原物料循環,上游原料供應
2028,2028.TW,威致,威致鋼鐵工業股份有限公司,10,325714800,上市,鋼鐵工業,股票,,鋼鐵工業,鋼鐵工業,待進一步分類
2029,2029.TW,盛餘,盛餘股份有限公司,10,321180000,上市,鋼鐵工業,股票,,鋼鐵工業,鋼鐵工業,待進一步分類
2030,2030.TW,彰源,彰源企業股份有限公司,10,280526027,上市,鋼鐵工業,股票,,鋼鐵工業,鋼鐵工業,待進一步分類
2031,2031.TW,新光鋼,新光鋼鐵股份有限公司,10,321146341,上市,鋼鐵工業,股票,,鋼鐵塑化原物料,原物料循環,上游原料供應
2032,2032.TW,新鋼,新鋼工業股份有限公司,10,130521545,上市,鋼鐵工業,股票,,鋼鐵工業,鋼鐵工業,待進一步分類
2033,2033.TW,佳大,佳大世界股份有限公司,10,80694536,上市,鋼鐵工業,股票,,鋼鐵工業,鋼鐵工業,待進一步分類
2034,2034.TW,允強,允強實業股份有限公司,10,528995589,上市,鋼鐵工業,股票,,鋼鐵工業,鋼鐵工業,待進一步分類
2038,2038.TW,海光,海光企業股份有限公司,10,194134303,上市,鋼鐵工業,股票,,鋼鐵工業,鋼鐵工業,待進一步分類
2069,2069.TW,運錩,運錩鋼鐵股份有限公司,10,166386836,上市,鋼鐵工業,股票,,鋼鐵工業,鋼鐵工業,待進一步分類
2211,2211.TW,長榮鋼,長榮鋼鐵股份有限公司,10,417091463,上市,鋼鐵工業,股票,,鋼鐵工業,鋼鐵工業,待進一步分類
3004,3004.TW,豐達科,豐達科技股份有限公司,10,64365055,上市,鋼鐵工業,股票,,鋼鐵工業,鋼鐵工業,待進一步分類
5007,5007.TW,三星,三星科技股份有限公司,10,294940154,上市,鋼鐵工業,股票,,鋼鐵工業,鋼鐵工業,待進一步分類
5538,5538.TW,東明-KY,開曼東明控股股份有限公司,10,201203333,上市,鋼鐵工業,股票,,鋼鐵工業,鋼鐵工業,待進一步分類
9958,9958.TW,世紀鋼,世紀鋼鐵結構股份有限公司,10,246896665,上市,鋼鐵工業,股票,,鋼鐵工業,鋼鐵工業,待進一步分類
1603,1603.TW,華電,中華電線電纜股份有限公司,06,191688000,上市,電器電纜,股票,,電器電纜,電器電纜,待進一步分類
1604,1604.TW,聲寶,聲寶股份有限公司,06,384200000,上市,電器電纜,股票,,電器電纜,電器電纜,待進一步分類
1605,1605.TW,華新,華新麗華股份有限公司,06,4431332948,上市,電器電纜,股票,,電器電纜,電器電纜,待進一步分類
1608,1608.TW,華榮,華榮電線電纜股份有限公司,06,632773506,上市,電器電纜,股票,,電器電纜,電器電纜,待進一步分類
1609,1609.TW,大亞,大亞電線電纜股份有限公司,06,785261944,上市,電器電纜,股票,,重電與綠能,電網升級／能源轉型,重電／能源設備
1611,1611.TW,中電,中國電器股份有限公司,06,322735742,上市,電器電纜,股票,,電器電纜,電器電纜,待進一步分類
1612,1612.TW,宏泰,宏泰電工股份有限公司,06,316080063,上市,電器電纜,股票,,電器電纜,電器電纜,待進一步分類
1614,1614.TW,三洋電,台灣三洋電機股份有限公司,06,269113406,上市,電器電纜,股票,,電器電纜,電器電纜,待進一步分類
1615,1615.TW,大山,大山電線電纜股份有限公司,06,198630339,上市,電器電纜,股票,,電器電纜,電器電纜,待進一步分類
1616,1616.TW,億泰,億泰電線電纜股份有限公司,06,194148515,上市,電器電纜,股票,,電器電纜,電器電纜,待進一步分類
1617,1617.TW,榮星,榮星電線工業股份有限公司,06,169514700,上市,電器電纜,股票,,電器電纜,電器電纜,待進一步分類
1618,1618.TW,合機,合機電線電纜股份有限公司,06,192691747,上市,電器電纜,股票,,電器電纜,電器電纜,待進一步分類
1623,1623.TW,大東電,大東電業廠股份有限公司,06,66000000,上市,電器電纜,股票,,電器電纜,電器電纜,待進一步分類
1626,1626.TW,艾美特-KY,艾美特(開曼)國際有限公司,06,149821721,上市,電器電纜,股票,,電器電纜,電器電纜,待進一步分類
4930,4930.TW,燦星網,燦星網通股份有限公司,06,80000000,上市,電器電纜,股票,,電器電纜,電器電纜,待進一步分類
5283,5283.TW,禾聯碩,禾聯碩股份有限公司,06,87600510,上市,電器電纜,股票,,電器電纜,電器電纜,待進一步分類
2347,2347.TW,聯強,聯強國際股份有限公司,29,1667946968,上市,電子通路業,股票,,電子通路業,電子通路業,待進一步分類
2414,2414.TW,精技,精技電腦股份有限公司,29,161735846,上市,電子通路業,股票,,電子通路業,電子通路業,待進一步分類
2430,2430.TW,燦坤,燦坤實業股份有限公司,29,116800000,上市,電子通路業,股票,,電子通路業,電子通路業,待進一步分類
3010,3010.TW,華立,華立企業股份有限公司,29,259436817,上市,電子通路業,股票,,電子通路業,電子通路業,待進一步分類
3028,3028.TW,增你強,增你強股份有限公司,29,237241193,上市,電子通路業,股票,,電子通路業,電子通路業,待進一步分類
3033,3033.TW,威健,威健實業股份有限公司,29,516559448,上市,電子通路業,股票,,電子通路業,電子通路業,待進一步分類
3036,3036.TW,文曄,文曄科技股份有限公司,29,1269148301,上市,電子通路業,股票,,電子通路業,電子通路業,待進一步分類
3048,3048.TW,益登,益登科技股份有限公司,29,269829794,上市,電子通路業,股票,,電子通路業,電子通路業,待進一步分類
3055,3055.TW,蔚華科,蔚華科技股份有限公司,29,114974918,上市,電子通路業,股票,,電子通路業,電子通路業,待進一步分類
3209,3209.TW,全科,全科科技股份有限公司,29,235391189,上市,電子通路業,股票,,電子通路業,電子通路業,待進一步分類
3312,3312.TW,弘憶股,弘憶國際股份有限公司,29,182626815,上市,電子通路業,股票,,電子通路業,電子通路業,待進一步分類
3528,3528.TW,安馳,安馳科技股份有限公司,29,66639216,上市,電子通路業,股票,,電子通路業,電子通路業,待進一步分類
3702,3702.TW,大聯大,大聯大控股股份有限公司,29,1683620699,上市,電子通路業,股票,,電子通路業,電子通路業,待進一步分類
5434,5434.TW,崇越,崇越科技股份有限公司,29,193657655,上市,電子通路業,股票,,電子通路業,電子通路業,待進一步分類
6189,6189.TW,豐藝,豐藝電子股份有限公司,29,263779657,上市,電子通路業,股票,,電子通路業,電子通路業,待進一步分類
6281,6281.TW,全國電,全國電子股份有限公司,29,99172945,上市,電子通路業,股票,,電子通路業,電子通路業,待進一步分類
6776,6776.TW,展碁國際,展碁國際股份有限公司,29,91581430,上市,電子通路業,股票,,電子通路業,電子通路業,待進一步分類
6908,6908.TW,宏碁遊戲-創,宏碁遊戲股份有限公司,29,37180000,上市,電子通路業,股票,,電子通路業,電子通路業,待進一步分類
8070,8070.TW,長華*,長華電材股份有限公司,29,725648455,上市,電子通路業,股票,,電子通路業,電子通路業,待進一步分類
8072,8072.TW,陞泰,陞泰科技股份有限公司,29,80000000,上市,電子通路業,股票,,電子通路業,電子通路業,待進一步分類
8112,8112.TW,至上,至上電子股份有限公司,29,565293058,上市,電子通路業,股票,,電子通路業,電子通路業,待進一步分類
1471,1471.TW,首利,首利實業股份有限公司,28,150414536,上市,電子零組件,股票,,電子零組件,電子零組件,待進一步分類
1582,1582.TW,信錦,信錦企業股份有限公司,28,144268604,上市,電子零組件,股票,,電子零組件,電子零組件,待進一步分類
2059,2059.TW,川湖,川湖科技股份有限公司,28,95297072,上市,電子零組件,股票,,電子零組件,電子零組件,待進一步分類
2308,2308.TW,台達電,台達電子工業股份有限公司,28,2597543329,上市,電子零組件,股票,,資料中心電源與散熱,AI 資料中心,電源管理／散熱
2313,2313.TW,華通,華通電腦股份有限公司,28,1233820589,上市,電子零組件,股票,,PCB／IC 載板,高速運算載板,PCB／載板供應
2316,2316.TW,楠梓電,楠梓電子股份有限公司,28,182740536,上市,電子零組件,股票,,電子零組件,電子零組件,待進一步分類
2327,2327.TW,國巨*,國巨股份有限公司,28,2058730688,上市,電子零組件,股票,,電子零組件,電子零組件,待進一步分類
2328,2328.TW,廣宇,廣宇科技股份有限公司,28,518346282,上市,電子零組件,股票,,電子零組件,電子零組件,待進一步分類
2355,2355.TW,敬鵬,敬鵬工業股份有限公司,28,397495420,上市,電子零組件,股票,,電子零組件,電子零組件,待進一步分類
2367,2367.TW,燿華,燿華電子股份有限公司,28,706253175,上市,電子零組件,股票,,電子零組件,電子零組件,待進一步分類
2368,2368.TW,金像電,金像電子(股)公司,28,522932973,上市,電子零組件,股票,,PCB／IC 載板,高速運算載板,PCB／載板供應
2375,2375.TW,凱美,凱美電機股份有限公司,28,108675334,上市,電子零組件,股票,,電子零組件,電子零組件,待進一步分類
2383,2383.TW,台光電,台光電子材料股份有限公司,28,358321114,上市,電子零組件,股票,,PCB／IC 載板,高速運算載板,PCB／載板供應
2385,2385.TW,群光,群光電子股份有限公司,28,765721188,上市,電子零組件,股票,,電子零組件,電子零組件,待進一步分類
2392,2392.TW,正崴,正崴精密工業股份有限公司,28,512326940,上市,電子零組件,股票,,電子零組件,電子零組件,待進一步分類
2402,2402.TW,毅嘉,毅嘉科技股份有限公司,28,307536533,上市,電子零組件,股票,,電子零組件,電子零組件,待進一步分類
2413,2413.TW,環科,環隆科技股份有限公司,28,127359200,上市,電子零組件,股票,,電子零組件,電子零組件,待進一步分類
2415,2415.TW,錩新,錩新科技股份有限公司,28,90000000,上市,電子零組件,股票,,電子零組件,電子零組件,待進一步分類
2420,2420.TW,新巨,新巨企業股份有限公司,28,152648688,上市,電子零組件,股票,,電子零組件,電子零組件,待進一步分類
2421,2421.TW,建準,建準電機工業股份有限公司,28,286943669,上市,電子零組件,股票,,AI 電源與散熱,AI 資料中心,電源／散熱零組件
2428,2428.TW,興勤,興勤電子工業股份有限公司,28,128112726,上市,電子零組件,股票,,電子零組件,電子零組件,待進一步分類
2431,2431.TW,聯昌,聯昌電子企業股份有限公司,28,110927014,上市,電子零組件,股票,,電子零組件,電子零組件,待進一步分類
2440,2440.TW,太空梭,太空梭高傳真資訊科技(股)公司,28,139117271,上市,電子零組件,股票,,電子零組件,電子零組件,待進一步分類
2457,2457.TW,飛宏,飛宏科技股份有限公司,28,424772416,上市,電子零組件,股票,,電子零組件,電子零組件,待進一步分類
2460,2460.TW,建通,建通精密工業股份有限公司,28,169200000,上市,電子零組件,股票,,電子零組件,電子零組件,待進一步分類
2462,2462.TW,良得電,台灣良得電子股份有限公司,28,150784482,上市,電子零組件,股票,,電子零組件,電子零組件,待進一步分類
2467,2467.TW,志聖,志聖工業股份有限公司,28,156855348,上市,電子零組件,股票,,電子零組件,電子零組件,待進一步分類
2472,2472.TW,立隆電,立隆電子工業股份有限公司,28,164735137,上市,電子零組件,股票,,電子零組件,電子零組件,待進一步分類
2476,2476.TW,鉅祥,鉅祥企業股份有限公司,28,218080998,上市,電子零組件,股票,,電子零組件,電子零組件,待進一步分類
2478,2478.TW,大毅,大毅科技股份有限公司,28,144731339,上市,電子零組件,股票,,電子零組件,電子零組件,待進一步分類
2483,2483.TW,百容,百容電子股份有限公司,28,107889807,上市,電子零組件,股票,,電子零組件,電子零組件,待進一步分類
2484,2484.TW,希華,希華晶體科技股份有限公司,28,159421022,上市,電子零組件,股票,,電子零組件,電子零組件,待進一步分類
2492,2492.TW,華新科,華新科技股份有限公司,28,485204774,上市,電子零組件,股票,,電子零組件,電子零組件,待進一步分類
2493,2493.TW,揚博,揚博科技股份有限公司,28,126796629,上市,電子零組件,股票,,電子零組件,電子零組件,待進一步分類
3003,3003.TW,健和興,健和興端子股份有限公司,28,155654890,上市,電子零組件,股票,,電子零組件,電子零組件,待進一步分類
3011,3011.TW,今皓,今皓實業股份有限公司,28,129600851,上市,電子零組件,股票,,電子零組件,電子零組件,待進一步分類
3015,3015.TW,全漢,全漢企業股份有限公司,28,187261950,上市,電子零組件,股票,,電子零組件,電子零組件,待進一步分類
3021,3021.TW,鴻名,鴻名企業股份有限公司,28,94890000,上市,電子零組件,股票,,電子零組件,電子零組件,待進一步分類
3023,3023.TW,信邦,信邦電子股份有限公司,28,240069014,上市,電子零組件,股票,,電子零組件,電子零組件,待進一步分類
3026,3026.TW,禾伸堂,禾伸堂企業股份有限公司,28,165890318,上市,電子零組件,股票,,電子零組件,電子零組件,待進一步分類
3032,3032.TW,偉訓,偉訓科技股份有限公司,28,113285626,上市,電子零組件,股票,,電子零組件,電子零組件,待進一步分類
3037,3037.TW,欣興,欣興電子股份有限公司,28,1638872956,上市,電子零組件,股票,,ABF／IC 載板,高速運算載板,IC 載板
3042,3042.TW,晶技,台灣晶技股份有限公司,28,342992971,上市,電子零組件,股票,,電子零組件,電子零組件,待進一步分類
3044,3044.TW,健鼎,健鼎科技股份有限公司,28,525605898,上市,電子零組件,股票,,電子零組件,電子零組件,待進一步分類
3058,3058.TW,立德,立德電子股份有限公司,28,201722779,上市,電子零組件,股票,,電子零組件,電子零組件,待進一步分類
3090,3090.TW,日電貿,日電貿股份有限公司,28,287567150,上市,電子零組件,股票,,電子零組件,電子零組件,待進一步分類
3092,3092.TW,鴻碩,鴻碩精密電工股份有限公司,28,106649250,上市,電子零組件,股票,,電子零組件,電子零組件,待進一步分類
3229,3229.TW,晟鈦,晟鈦股份有限公司,28,64263000,上市,電子零組件,股票,,電子零組件,電子零組件,待進一步分類
3296,3296.TW,勝德,勝德國際研發股份有限公司,28,96724450,上市,電子零組件,股票,,電子零組件,電子零組件,待進一步分類
3308,3308.TW,聯德,聯德電子股份有限公司,28,60000000,上市,電子零組件,股票,,電子零組件,電子零組件,待進一步分類
3321,3321.TW,同泰,同泰電子科技股份有限公司,28,86113769,上市,電子零組件,股票,,電子零組件,電子零組件,待進一步分類
3338,3338.TW,泰碩,泰碩電子股份有限公司,28,87908141,上市,電子零組件,股票,,電子零組件,電子零組件,待進一步分類
3376,3376.TW,新日興,新日興股份有限公司,28,195763822,上市,電子零組件,股票,,電子零組件,電子零組件,待進一步分類
3432,3432.TW,台端,台端興業股份有限公司,28,42230000,上市,電子零組件,股票,,電子零組件,電子零組件,待進一步分類
3501,3501.TW,維熹,維熹科技股份有限公司,28,118257927,上市,電子零組件,股票,,電子零組件,電子零組件,待進一步分類
3533,3533.TW,嘉澤,嘉澤端子工業股份有限公司,28,112534691,上市,電子零組件,股票,,電子零組件,電子零組件,待進一步分類
3550,3550.TW,聯穎,聯穎科技股份有限公司,28,107550000,上市,電子零組件,股票,,電子零組件,電子零組件,待進一步分類
3593,3593.TW,力銘,力銘科技股份有限公司,28,60825449,上市,電子零組件,股票,,電子零組件,電子零組件,待進一步分類
3605,3605.TW,宏致,宏致電子股份有限公司,28,174697441,上市,電子零組件,股票,,電子零組件,電子零組件,待進一步分類
3607,3607.TW,谷崧,谷崧精密工業股份有限公司,28,121662239,上市,電子零組件,股票,,電子零組件,電子零組件,待進一步分類
3645,3645.TW,達邁,達邁科技股份有限公司,28,136754207,上市,電子零組件,股票,,電子零組件,電子零組件,待進一步分類
3653,3653.TW,健策,健策精密工業股份有限公司,28,146732803,上市,電子零組件,股票,,伺服器散熱零組件,AI 資料中心,均熱／散熱零組件
3679,3679.TW,新至陞,新至陞科技股份有限公司,28,63022229,上市,電子零組件,股票,,電子零組件,電子零組件,待進一步分類
3715,3715.TW,定穎投控,定穎投資控股股份有限公司,28,283574584,上市,電子零組件,股票,,PCB／IC 載板,高速運算載板,PCB／載板供應
4545,4545.TW,銘鈺,銘鈺精密工業股份有限公司,28,77000000,上市,電子零組件,股票,,電子零組件,電子零組件,待進一步分類
4912,4912.TW,聯德控股-KY,聯德控股股份有限公司,28,66993099,上市,電子零組件,股票,,電子零組件,電子零組件,待進一步分類
4915,4915.TW,致伸,致伸科技股份有限公司,28,471880824,上市,電子零組件,股票,,電子零組件,電子零組件,待進一步分類
4927,4927.TW,泰鼎-KY,泰鼎國際股份有限公司,28,264937988,上市,電子零組件,股票,,電子零組件,電子零組件,待進一步分類
4943,4943.TW,康控-KY,開曼康而富控股股份有限公司,28,126694353,上市,電子零組件,股票,,電子零組件,電子零組件,待進一步分類
4958,4958.TW,臻鼎-KY,臻鼎科技控股股份有限公司,28,1117274165,上市,電子零組件,股票,,PCB／IC 載板,高速運算載板,PCB／載板供應
4989,4989.TW,榮科,李長榮科技股份有限公司,28,172776500,上市,電子零組件,股票,,電子零組件,電子零組件,待進一步分類
4999,4999.TW,鑫禾,鑫禾科技股份有限公司,28,74417200,上市,電子零組件,股票,,電子零組件,電子零組件,待進一步分類
5469,5469.TW,瀚宇博,瀚宇博德股份有限公司,28,486166000,上市,電子零組件,股票,,電子零組件,電子零組件,待進一步分類
6108,6108.TW,競國,競國實業股份有限公司,28,154494311,上市,電子零組件,股票,,電子零組件,電子零組件,待進一步分類
6115,6115.TW,鎰勝,鎰勝工業股份有限公司,28,187662154,上市,電子零組件,股票,,電子零組件,電子零組件,待進一步分類
6133,6133.TW,金橋,金橋科技股份有限公司,28,117006294,上市,電子零組件,股票,,電子零組件,電子零組件,待進一步分類
6141,6141.TW,柏承,柏承科技股份有限公司,28,113354005,上市,電子零組件,股票,,電子零組件,電子零組件,待進一步分類
6153,6153.TW,嘉聯益,嘉聯益科技股份有限公司,28,636177694,上市,電子零組件,股票,,電子零組件,電子零組件,待進一步分類
6155,6155.TW,鈞寶,鈞寶電子工業股份有限公司,28,88023988,上市,電子零組件,股票,,電子零組件,電子零組件,待進一步分類
6191,6191.TW,精成科,精成科技股份有限公司,28,499303000,上市,電子零組件,股票,,電子零組件,電子零組件,待進一步分類
6197,6197.TW,佳必琪,佳必琪國際股份有限公司,28,123439128,上市,電子零組件,股票,,電子零組件,電子零組件,待進一步分類
6205,6205.TW,詮欣,詮欣股份有限公司,28,82235907,上市,電子零組件,股票,,電子零組件,電子零組件,待進一步分類
6213,6213.TW,聯茂,聯茂電子股份有限公司,28,363562218,上市,電子零組件,股票,,電子零組件,電子零組件,待進一步分類
6224,6224.TW,聚鼎,聚鼎科技股份有限公司,28,85645361,上市,電子零組件,股票,,電子零組件,電子零組件,待進一步分類
6269,6269.TW,台郡,台郡科技股份有限公司,28,323831481,上市,電子零組件,股票,,電子零組件,電子零組件,待進一步分類
6272,6272.TW,驊陞,驊陞科技股份有限公司,28,81763948,上市,電子零組件,股票,,電子零組件,電子零組件,待進一步分類
6282,6282.TW,康舒,康舒科技股份有限公司,28,856031294,上市,電子零組件,股票,,電子零組件,電子零組件,待進一步分類
6412,6412.TW,群電,群光電能科技股份有限公司,28,400769126,上市,電子零組件,股票,,AI 電源與散熱,AI 資料中心,電源／散熱零組件
6449,6449.TW,鈺邦,鈺邦科技股份有限公司,28,91878014,上市,電子零組件,股票,,電子零組件,電子零組件,待進一步分類
6672,6672.TW,騰輝電子-KY,騰輝電子國際集團股份有限公司,28,81620212,上市,電子零組件,股票,,電子零組件,電子零組件,待進一步分類
6715,6715.TW,嘉基,嘉基科技股份有限公司,28,68274026,上市,電子零組件,股票,,電子零組件,電子零組件,待進一步分類
6781,6781.TW,AES-KY,"AES Holding Co., Ltd.",28,85418780,上市,電子零組件,股票,,電子零組件,電子零組件,待進一步分類
6805,6805.TW,富世達,富世達股份有限公司,28,68553896,上市,電子零組件,股票,,電子零組件,電子零組件,待進一步分類
6834,6834.TW,天二科技,天二科技股份有限公司,28,88471082,上市,電子零組件,股票,,電子零組件,電子零組件,待進一步分類
6835,6835.TW,圓裕,圓裕企業股份有限公司,28,66172297,上市,電子零組件,股票,,電子零組件,電子零組件,待進一步分類
6862,6862.TW,三集瑞-KY,三集瑞科技國際集團股份有限公司,28,50000000,上市,電子零組件,股票,,電子零組件,電子零組件,待進一步分類
6924,6924.TW,榮惠-KY創,榮惠集團(開曼)股份有限公司,28,20624000,上市,電子零組件,股票,,電子零組件,電子零組件,待進一步分類
7788,7788.TW,松川精密,松川精密股份有限公司,28,79745993,上市,電子零組件,股票,,電子零組件,電子零組件,待進一步分類
7795,7795.TW,長廣,長廣精機股份有限公司,28,78828500,上市,電子零組件,股票,,電子零組件,電子零組件,待進一步分類
8039,8039.TW,台虹,台虹科技股份有限公司,28,263803994,上市,電子零組件,股票,,電子零組件,電子零組件,待進一步分類
8046,8046.TW,南電,南亞電路板股份有限公司,28,646165487,上市,電子零組件,股票,,PCB／IC 載板,高速運算載板,PCB／載板供應
8103,8103.TW,瀚荃,瀚荃股份有限公司,28,78436671,上市,電子零組件,股票,,電子零組件,電子零組件,待進一步分類
8213,8213.TW,志超,志超科技股份有限公司,28,271242488,上市,電子零組件,股票,,電子零組件,電子零組件,待進一步分類
8249,8249.TW,菱光,菱光科技股份有限公司,28,137824500,上市,電子零組件,股票,,電子零組件,電子零組件,待進一步分類
1503,1503.TW,士電,士林電機廠股份有限公司,05,520972223,上市,電機機械,股票,,重電與綠能,電網升級／能源轉型,重電／能源設備
1504,1504.TW,東元,東元電機股份有限公司,05,2376440684,上市,電機機械,股票,,電機機械,電機機械,待進一步分類
1506,1506.TW,正道,正道工業股份有限公司,05,300388501,上市,電機機械,股票,,電機機械,電機機械,待進一步分類
1513,1513.TW,中興電,中興電工機械股份有限公司,05,503112515,上市,電機機械,股票,,重電與綠能,電網升級／能源轉型,重電／能源設備
1514,1514.TW,亞力,亞力電機股份有限公司,05,278570642,上市,電機機械,股票,,電機機械,電機機械,待進一步分類
1515,1515.TW,力山,力山工業股份有限公司,05,181473500,上市,電機機械,股票,,電機機械,電機機械,待進一步分類
1517,1517.TW,利奇,利奇機械工業股份有限公司,05,220000007,上市,電機機械,股票,,電機機械,電機機械,待進一步分類
1519,1519.TW,華城,華城電機股份有限公司,05,315880844,上市,電機機械,股票,,重電與綠能,電網升級／能源轉型,重電／能源設備
1526,1526.TW,日馳,日馳企業股份有限公司,05,60000000,上市,電機機械,股票,,電機機械,電機機械,待進一步分類
1527,1527.TW,鑽全,鑽全實業股份有限公司,05,138570640,上市,電機機械,股票,,電機機械,電機機械,待進一步分類
1528,1528.TW,恩德,恩德科技股份有限公司,05,191331000,上市,電機機械,股票,,電機機械,電機機械,待進一步分類
1529,1529.TW,樂事綠能,樂事綠能科技股份有限公司,05,155095074,上市,電機機械,股票,,電機機械,電機機械,待進一步分類
1530,1530.TW,亞崴,亞崴機電股份有限公司,05,94594171,上市,電機機械,股票,,電機機械,電機機械,待進一步分類
1531,1531.TW,高林股,高林股份有限公司,05,182108080,上市,電機機械,股票,,電機機械,電機機械,待進一步分類
1532,1532.TW,勤美,勤美股份有限公司,05,422604271,上市,電機機械,股票,,電機機械,電機機械,待進一步分類
1535,1535.TW,中宇,中宇環保工程股份有限公司,05,123742552,上市,電機機械,股票,,電機機械,電機機械,待進一步分類
1537,1537.TW,廣隆,廣隆光電科技股份有限公司,05,82062794,上市,電機機械,股票,,電機機械,電機機械,待進一步分類
1538,1538.TW,正峰,正峰工業股份有限公司,05,32300000,上市,電機機械,股票,,電機機械,電機機械,待進一步分類
1539,1539.TW,巨庭,巨庭機械股份有限公司,05,65370000,上市,電機機械,股票,,電機機械,電機機械,待進一步分類
1540,1540.TW,喬福,喬福機械工業股份有限公司,05,85473612,上市,電機機械,股票,,電機機械,電機機械,待進一步分類
1541,1541.TW,錩泰,錩泰工業股份有限公司,05,78800000,上市,電機機械,股票,,電機機械,電機機械,待進一步分類
1558,1558.TW,伸興,伸興工業股份有限公司,05,64535631,上市,電機機械,股票,,電機機械,電機機械,待進一步分類
1560,1560.TW,中砂,中國砂輪企業股份有限公司,05,148925271,上市,電機機械,股票,,半導體設備與材料,半導體資本支出,設備／材料供應
1583,1583.TW,程泰,程泰機械股份有限公司,05,109400372,上市,電機機械,股票,,電機機械,電機機械,待進一步分類
1589,1589.TW,永冠-KY,永冠能源科技集團有限公司,05,153135941,上市,電機機械,股票,,電機機械,電機機械,待進一步分類
1590,1590.TW,亞德客-KY,亞德客國際集團,05,199999998,上市,電機機械,股票,,電機機械,電機機械,待進一步分類
1597,1597.TW,直得,直得科技股份有限公司,05,89261804,上市,電機機械,股票,,電機機械,電機機械,待進一步分類
2049,2049.TW,上銀,上銀科技股份有限公司,05,353792240,上市,電機機械,股票,,電機機械,電機機械,待進一步分類
2371,2371.TW,大同,大同股份有限公司,05,2150834851,上市,電機機械,股票,,電機機械,電機機械,待進一步分類
3167,3167.TW,大量,大量科技股份有限公司,05,89513491,上市,電機機械,股票,,電機機械,電機機械,待進一步分類
4526,4526.TW,東台,東台精機股份有限公司,05,254826461,上市,電機機械,股票,,電機機械,電機機械,待進一步分類
4532,4532.TW,瑞智,瑞智精密股份有限公司,05,494895105,上市,電機機械,股票,,電機機械,電機機械,待進一步分類
4540,4540.TW,全球傳動,全球傳動科技股份有限公司,05,115186724,上市,電機機械,股票,,電機機械,電機機械,待進一步分類
4552,4552.TW,力達-KY,力達控股有限公司,05,116000000,上市,電機機械,股票,,電機機械,電機機械,待進一步分類
4555,4555.TW,氣立,台灣氣立股份有限公司,05,69987653,上市,電機機械,股票,,電機機械,電機機械,待進一步分類
4560,4560.TW,強信-KY,強信機械科技股份有限公司,05,68097240,上市,電機機械,股票,,電機機械,電機機械,待進一步分類
4562,4562.TW,穎漢,穎漢科技股份有限公司,05,87546000,上市,電機機械,股票,,電機機械,電機機械,待進一步分類
4564,4564.TW,元翎,元翎精密工業股份有限公司,05,232788303,上市,電機機械,股票,,電機機械,電機機械,待進一步分類
4566,4566.TW,時碩工業,時碩工業股份有限公司,05,110381002,上市,電機機械,股票,,電機機械,電機機械,待進一步分類
4571,4571.TW,鈞興-KY,鈞興機電國際股份有限公司,05,53017115,上市,電機機械,股票,,軍工與無人機,國防自主,航太／無人機零組件
4572,4572.TW,駐龍,駐龍精密機械股份有限公司,05,40018679,上市,電機機械,股票,,電機機械,電機機械,待進一步分類
4576,4576.TW,大銀微系統,大銀微系統股份有限公司,05,119801848,上市,電機機械,股票,,電機機械,電機機械,待進一步分類
4583,4583.TW,台灣精銳,台灣精銳科技股份有限公司,05,80171351,上市,電機機械,股票,,電機機械,電機機械,待進一步分類
4590,4590.TW,富田-創,富田電機股份有限公司,05,54838400,上市,電機機械,股票,,電機機械,電機機械,待進一步分類
5288,5288.TW,豐祥-KY,開曼商豐祥控股股份有限公司,05,69698722,上市,電機機械,股票,,電機機械,電機機械,待進一步分類
6606,6606.TW,建德工業,建德工業股份有限公司,05,110303783,上市,電機機械,股票,,電機機械,電機機械,待進一步分類
7750,7750.TW,新代,新代科技股份有限公司,05,71843000,上市,電機機械,股票,,電機機械,電機機械,待進一步分類
8222,8222.TW,寶一,寶一科技股份有限公司,05,68573500,上市,電機機械,股票,,軍工與無人機,國防自主,航太／無人機零組件
8374,8374.TW,羅昇,羅昇企業股份有限公司,05,112250487,上市,電機機械,股票,,電機機械,電機機械,待進一步分類
8996,8996.TW,高力,高力熱處理工業股份有限公司,05,93501537,上市,電機機械,股票,,電機機械,電機機械,待進一步分類
2301,2301.TW,光寶科,光寶科技股份有限公司,25,2316107763,上市,電腦及週邊設備,股票,,AI 電源供應,AI 資料中心,電源供應器／光電元件
2305,2305.TW,全友,全友電腦股份有限公司,25,205660827,上市,電腦及週邊設備,股票,,電腦及週邊設備,電腦及週邊設備,待進一步分類
2324,2324.TW,仁寶,仁寶電腦工業股份有限公司,25,4407146625,上市,電腦及週邊設備,股票,,伺服器與電腦,AI 資料中心,ODM／系統組裝
2331,2331.TW,精英,精英電腦股份有限公司,25,557402968,上市,電腦及週邊設備,股票,,電腦及週邊設備,電腦及週邊設備,待進一步分類
2352,2352.TW,佳世達,佳世達科技股份有限公司,25,1580506505,上市,電腦及週邊設備,股票,,電腦及週邊設備,電腦及週邊設備,待進一步分類
2353,2353.TW,宏碁,宏碁股份有限公司,25,3047853828,上市,電腦及週邊設備,股票,,電腦及週邊設備,電腦及週邊設備,待進一步分類
2356,2356.TW,英業達,英業達股份有限公司,25,3587475066,上市,電腦及週邊設備,股票,,AI 伺服器,AI 資料中心,ODM／系統組裝
2357,2357.TW,華碩,華碩電腦股份有限公司,25,742760280,上市,電腦及週邊設備,股票,,電腦及週邊設備,電腦及週邊設備,待進一步分類
2362,2362.TW,藍天,藍天電腦股份有限公司,25,622263000,上市,電腦及週邊設備,股票,,電腦及週邊設備,電腦及週邊設備,待進一步分類
2364,2364.TW,倫飛,倫飛電腦實業股份有限公司,25,52388648,上市,電腦及週邊設備,股票,,電腦及週邊設備,電腦及週邊設備,待進一步分類
2365,2365.TW,昆盈,昆盈企業股份有限公司,25,221528496,上市,電腦及週邊設備,股票,,電腦及週邊設備,電腦及週邊設備,待進一步分類
2376,2376.TW,技嘉,技嘉科技股份有限公司,25,669888886,上市,電腦及週邊設備,股票,,伺服器主機板,AI 資料中心,主機板／系統
2377,2377.TW,微星,微星科技股份有限公司,25,844856199,上市,電腦及週邊設備,股票,,電腦及週邊設備,電腦及週邊設備,待進一步分類
2380,2380.TW,虹光,虹光精密工業股份有限公司,25,60000000,上市,電腦及週邊設備,股票,,電腦及週邊設備,電腦及週邊設備,待進一步分類
2382,2382.TW,廣達,廣達電腦股份有限公司,25,4107627432,上市,電腦及週邊設備,股票,,AI 伺服器,AI 資料中心,ODM／系統組裝
2387,2387.TW,精元,精元電腦股份有限公司,25,195251051,上市,電腦及週邊設備,股票,,電腦及週邊設備,電腦及週邊設備,待進一步分類
2395,2395.TW,研華,研華股份有限公司,25,869046008,上市,電腦及週邊設備,股票,,電腦及週邊設備,電腦及週邊設備,待進一步分類
2397,2397.TW,友通,友通資訊股份有限公司,25,114488857,上市,電腦及週邊設備,股票,,電腦及週邊設備,電腦及週邊設備,待進一步分類
2399,2399.TW,映泰,映泰股份有限公司,25,178100000,上市,電腦及週邊設備,股票,,電腦及週邊設備,電腦及週邊設備,待進一步分類
2405,2405.TW,輔信,輔信科技股份有限公司,25,343427303,上市,電腦及週邊設備,股票,,電腦及週邊設備,電腦及週邊設備,待進一步分類
2417,2417.TW,圓剛,圓剛科技股份有限公司,25,157218864,上市,電腦及週邊設備,股票,,電腦及週邊設備,電腦及週邊設備,待進一步分類
2425,2425.TW,承啟,承啟科技股份有限公司,25,96498831,上市,電腦及週邊設備,股票,,電腦及週邊設備,電腦及週邊設備,待進一步分類
2432,2432.TW,倚天酷碁-創,倚天酷碁股份有限公司,25,61860000,上市,電腦及週邊設備,股票,,電腦及週邊設備,電腦及週邊設備,待進一步分類
2465,2465.TW,麗臺,麗臺科技股份有限公司,25,93946031,上市,電腦及週邊設備,股票,,電腦及週邊設備,電腦及週邊設備,待進一步分類
2495,2495.TW,普安,普安科技股份有限公司,25,273551538,上市,電腦及週邊設備,股票,,電腦及週邊設備,電腦及週邊設備,待進一步分類
3002,3002.TW,歐格,歐格電子股份有限公司,25,102000000,上市,電腦及週邊設備,股票,,電腦及週邊設備,電腦及週邊設備,待進一步分類
3005,3005.TW,神基,神基控股股份有限公司,25,624310150,上市,電腦及週邊設備,股票,,電腦及週邊設備,電腦及週邊設備,待進一步分類
3013,3013.TW,晟銘電,晟銘電子科技股份有限公司,25,205138930,上市,電腦及週邊設備,股票,,電腦及週邊設備,電腦及週邊設備,待進一步分類
3017,3017.TW,奇鋐,奇鋐科技股份有限公司,25,392543007,上市,電腦及週邊設備,股票,,伺服器散熱,AI 資料中心,散熱模組
3022,3022.TW,威強電,威強電工業電腦股份有限公司,25,176597790,上市,電腦及週邊設備,股票,,電腦及週邊設備,電腦及週邊設備,待進一步分類
3046,3046.TW,建碁,建碁股份有限公司,25,78448013,上市,電腦及週邊設備,股票,,電腦及週邊設備,電腦及週邊設備,待進一步分類
3057,3057.TW,喬鼎,喬鼎資訊股份有限公司,25,67864629,上市,電腦及週邊設備,股票,,電腦及週邊設備,電腦及週邊設備,待進一步分類
3060,3060.TW,銘異,銘異科技股份有限公司,25,137563190,上市,電腦及週邊設備,股票,,電腦及週邊設備,電腦及週邊設備,待進一步分類
3231,3231.TW,緯創,緯創資通股份有限公司,25,3180052250,上市,電腦及週邊設備,股票,,AI 伺服器,AI 資料中心,ODM／系統組裝
3416,3416.TW,融程電,融程電訊股份有限公司,25,80496129,上市,電腦及週邊設備,股票,,電腦及週邊設備,電腦及週邊設備,待進一步分類
3494,3494.TW,誠研,誠研科技股份有限公司,25,94800000,上市,電腦及週邊設備,股票,,電腦及週邊設備,電腦及週邊設備,待進一步分類
3515,3515.TW,華擎,華擎科技股份有限公司,25,123544049,上市,電腦及週邊設備,股票,,電腦及週邊設備,電腦及週邊設備,待進一步分類
3652,3652.TW,精聯,精聯電子股份有限公司,25,75097500,上市,電腦及週邊設備,股票,,電腦及週邊設備,電腦及週邊設備,待進一步分類
3701,3701.TW,大眾控,大眾全球投資控股股份有限公司,25,236668883,上市,電腦及週邊設備,股票,,電腦及週邊設備,電腦及週邊設備,待進一步分類
3706,3706.TW,神達,神達控股股份有限公司,25,1327212468,上市,電腦及週邊設備,股票,,電腦及週邊設備,電腦及週邊設備,待進一步分類
3712,3712.TW,永崴投控,永崴投資控股股份有限公司,25,246242146,上市,電腦及週邊設備,股票,,電腦及週邊設備,電腦及週邊設備,待進一步分類
4916,4916.TW,事欣科,事欣科技股份有限公司,25,123714073,上市,電腦及週邊設備,股票,,電腦及週邊設備,電腦及週邊設備,待進一步分類
4938,4938.TW,和碩,和碩聯合科技股份有限公司,25,2682044103,上市,電腦及週邊設備,股票,,AI 伺服器,AI 資料中心,ODM／系統組裝
5215,5215.TW,科嘉-KY,科嘉(開曼)股份有限公司,25,64337500,上市,電腦及週邊設備,股票,,電腦及週邊設備,電腦及週邊設備,待進一步分類
5258,5258.TW,虹堡,虹堡科技股份有限公司,25,110364894,上市,電腦及週邊設備,股票,,電腦及週邊設備,電腦及週邊設備,待進一步分類
6117,6117.TW,迎廣,迎廣科技股份有限公司,25,92545408,上市,電腦及週邊設備,股票,,電腦及週邊設備,電腦及週邊設備,待進一步分類
6128,6128.TW,上福,上福全球科技股份有限公司,25,127588740,上市,電腦及週邊設備,股票,,電腦及週邊設備,電腦及週邊設備,待進一步分類
6166,6166.TW,凌華,凌華科技股份有限公司,25,217769257,上市,電腦及週邊設備,股票,,電腦及週邊設備,電腦及週邊設備,待進一步分類
6206,6206.TW,飛捷,飛捷科技股份有限公司,25,143062324,上市,電腦及週邊設備,股票,,電腦及週邊設備,電腦及週邊設備,待進一步分類
6230,6230.TW,尼得科超眾,尼得科超眾科技股份有限公司,25,86343396,上市,電腦及週邊設備,股票,,電腦及週邊設備,電腦及週邊設備,待進一步分類
6235,6235.TW,華孚,華孚科技股份有限公司,25,199906306,上市,電腦及週邊設備,股票,,電腦及週邊設備,電腦及週邊設備,待進一步分類
6277,6277.TW,宏正,宏正自動科技股份有限公司,25,119471166,上市,電腦及週邊設備,股票,,電腦及週邊設備,電腦及週邊設備,待進一步分類
6414,6414.TW,樺漢,樺漢科技股份有限公司,25,145886397,上市,電腦及週邊設備,股票,,電腦及週邊設備,電腦及週邊設備,待進一步分類
6579,6579.TW,研揚,研揚科技股份有限公司,25,169451221,上市,電腦及週邊設備,股票,,電腦及週邊設備,電腦及週邊設備,待進一步分類
6591,6591.TW,動力-KY,動力科技股份有限公司,25,41122465,上市,電腦及週邊設備,股票,,電腦及週邊設備,電腦及週邊設備,待進一步分類
6669,6669.TW,緯穎,緯穎科技服務股份有限公司,25,185840791,上市,電腦及週邊設備,股票,,伺服器主機板,AI 資料中心,伺服器 ODM
6831,6831.TW,邁科,邁&#33834;科技股份有限公司,25,67500000,上市,電腦及週邊設備,股票,,電腦及週邊設備,電腦及週邊設備,待進一步分類
6928,6928.TW,攸泰科技,攸泰科技股份有限公司,25,86000000,上市,電腦及週邊設備,股票,,電腦及週邊設備,電腦及週邊設備,待進一步分類
6933,6933.TW,AMAX-KY,艾瑪斯科技控股股份有限公司,25,42442800,上市,電腦及週邊設備,股票,,電腦及週邊設備,電腦及週邊設備,待進一步分類
7711,7711.TW,永擎,永擎電子股份有限公司,25,71700445,上市,電腦及週邊設備,股票,,電腦及週邊設備,電腦及週邊設備,待進一步分類
8114,8114.TW,振樺電,振樺電子股份有限公司,25,76487772,上市,電腦及週邊設備,股票,,電腦及週邊設備,電腦及週邊設備,待進一步分類
8163,8163.TW,達方,達方電子股份有限公司,25,280000001,上市,電腦及週邊設備,股票,,電腦及週邊設備,電腦及週邊設備,待進一步分類
8210,8210.TW,勤誠,勤誠興業股份有限公司,25,125319146,上市,電腦及週邊設備,股票,,電腦及週邊設備,電腦及週邊設備,待進一步分類
9912,9912.TW,偉聯,偉聯科技股份有限公司,25,53792569,上市,電腦及週邊設備,股票,,電腦及週邊設備,電腦及週邊設備,待進一步分類
1201,1201.TW,味全,味全食品工業股份有限公司,02,506062914,上市,食品工業,股票,,食品工業,食品工業,待進一步分類
1203,1203.TW,味王,味王股份有限公司,02,240000000,上市,食品工業,股票,,食品工業,食品工業,待進一步分類
1210,1210.TW,大成,大成長城企業股份有限公司,02,894767222,上市,食品工業,股票,,食品工業,食品工業,待進一步分類
1213,1213.TW,大飲,大西洋飲料股份有限公司,02,56622627,上市,食品工業,股票,,食品工業,食品工業,待進一步分類
1215,1215.TW,卜蜂,台灣卜蜂企業股份有限公司,02,294790098,上市,食品工業,股票,,食品工業,食品工業,待進一步分類
1216,1216.TW,統一,統一企業股份有限公司,02,5682015421,上市,食品工業,股票,,消費與零售,內需消費,品牌／通路
1217,1217.TW,愛之味,愛之味股份有限公司,02,494513336,上市,食品工業,股票,,食品工業,食品工業,待進一步分類
1218,1218.TW,泰山,泰山企業股份有限公司,02,499999038,上市,食品工業,股票,,食品工業,食品工業,待進一步分類
1219,1219.TW,福壽,福壽實業股份有限公司,02,341238364,上市,食品工業,股票,,食品工業,食品工業,待進一步分類
1220,1220.TW,台榮,台榮產業股份有限公司,02,177077944,上市,食品工業,股票,,食品工業,食品工業,待進一步分類
1225,1225.TW,福懋油,福懋油脂股份有限公司,02,242268306,上市,食品工業,股票,,食品工業,食品工業,待進一步分類
1227,1227.TW,佳格,佳格食品股份有限公司,02,915089591,上市,食品工業,股票,,食品工業,食品工業,待進一步分類
1229,1229.TW,聯華,聯華實業控股股份有限公司,02,1795960668,上市,食品工業,股票,,食品工業,食品工業,待進一步分類
1231,1231.TW,聯華食,聯華食品工業股份有限公司,02,328299922,上市,食品工業,股票,,消費與零售,內需消費,品牌／通路
1232,1232.TW,大統益,大統益股份有限公司,02,159974915,上市,食品工業,股票,,食品工業,食品工業,待進一步分類
1233,1233.TW,天仁,天仁茶業股份有限公司,02,90591948,上市,食品工業,股票,,食品工業,食品工業,待進一步分類
1234,1234.TW,黑松,黑松股份有限公司,02,401871094,上市,食品工業,股票,,食品工業,食品工業,待進一步分類
1235,1235.TW,興泰,興泰實業股份有限公司,02,188577836,上市,食品工業,股票,,食品工業,食品工業,待進一步分類
1236,1236.TW,宏亞,宏亞食品股份有限公司,02,86674008,上市,食品工業,股票,,食品工業,食品工業,待進一步分類
1256,1256.TW,鮮活果汁-KY,鮮活控股股份有限公司,02,35781378,上市,食品工業,股票,,食品工業,食品工業,待進一步分類
1702,1702.TW,南僑,南僑投資控股股份有限公司,02,294132962,上市,食品工業,股票,,食品工業,食品工業,待進一步分類
1737,1737.TW,臺鹽,臺鹽實業股份有限公司,02,200000000,上市,食品工業,股票,,食品工業,食品工業,待進一步分類
3054,3054.TW,立萬利,立萬利創新股份有限公司,02,80651041,上市,食品工業,股票,,食品工業,食品工業,待進一步分類
7780,7780.TW,大研生醫*,大研生醫國際股份有限公司,02,810024170,上市,食品工業,股票,,食品工業,食品工業,待進一步分類
7791,7791.TW,皇家可口,皇家可口股份有限公司,02,80000000,上市,食品工業,股票,,食品工業,食品工業,待進一步分類
3066,3066.TWO,李洲,李洲科技股份有限公司,26,83070612,上櫃,光電業,股票,,光電業,光電業,待進一步分類
3128,3128.TWO,昇銳,昇銳智慧科技股份有限公司,26,47317489,上櫃,光電業,股票,,光電業,光電業,待進一步分類
3230,3230.TWO,錦明,錦明實業股份有限公司,26,86010900,上櫃,光電業,股票,,光電業,光電業,待進一步分類
3297,3297.TWO,杭特,杭特電子股份有限公司,26,36049445,上櫃,光電業,股票,,光電業,光電業,待進一步分類
3339,3339.TWO,泰谷,泰谷光電科技股份有限公司,26,66568300,上櫃,光電業,股票,,光電業,光電業,待進一步分類
3362,3362.TWO,先進光,先進光電科技股份有限公司,26,147445475,上櫃,光電業,股票,,光電業,光電業,待進一步分類
3434,3434.TWO,哲固,哲固資訊科技股份有限公司,26,35754740,上櫃,光電業,股票,,光電業,光電業,待進一步分類
3441,3441.TWO,聯一光電,聯一光電股份有限公司,26,40039920,上櫃,光電業,股票,,光電業,光電業,待進一步分類
3455,3455.TWO,由田,由田新技股份有限公司,26,59850750,上櫃,光電業,股票,,光電業,光電業,待進一步分類
3490,3490.TWO,單井,單井工業股份有限公司,26,55006435,上櫃,光電業,股票,,光電業,光電業,待進一步分類
3516,3516.TWO,亞帝歐,亞帝歐光電股份有限公司,26,59560874,上櫃,光電業,股票,,光電業,光電業,待進一步分類
3523,3523.TWO,迎輝,迎輝科技股份有限公司,26,64257868,上櫃,光電業,股票,,光電業,光電業,待進一步分類
3531,3531.TWO,先益,先益電子工業股份有限公司,26,61175011,上櫃,光電業,股票,,光電業,光電業,待進一步分類
3615,3615.TWO,安可,安可光電股份有限公司,26,68466976,上櫃,光電業,股票,,光電業,光電業,待進一步分類
3623,3623.TWO,富晶通,富晶通科技股份有限公司,26,29185946,上櫃,光電業,股票,,光電業,光電業,待進一步分類
3630,3630.TWO,新鉅科,新鉅科技股份有限公司,26,204191848,上櫃,光電業,股票,,光電業,光電業,待進一步分類
3666,3666.TWO,光耀,光耀科技股份有限公司,26,138949850,上櫃,光電業,股票,,光電業,光電業,待進一步分類
3691,3691.TWO,碩禾,碩禾電子材料股份有限公司,26,91883420,上櫃,光電業,股票,,光電業,光電業,待進一步分類
4729,4729.TWO,熒茂,熒茂光學股份有限公司,26,79226741,上櫃,光電業,股票,,光電業,光電業,待進一步分類
4933,4933.TWO,友輝,友輝光電股份有限公司,26,82611675,上櫃,光電業,股票,,光電業,光電業,待進一步分類
4972,4972.TWO,湯石照明,湯石照明科技股份有限公司,26,56888587,上櫃,光電業,股票,,光電業,光電業,待進一步分類
4995,4995.TWO,晶達,晶達光電股份有限公司,26,42592036,上櫃,光電業,股票,,光電業,光電業,待進一步分類
5220,5220.TWO,萬達光電,萬達光電科技股份有限公司,26,39667000,上櫃,光電業,股票,,光電業,光電業,待進一步分類
5230,5230.TWO,雷笛克光學,雷笛克光學股份有限公司,26,55976730,上櫃,光電業,股票,,光電業,光電業,待進一步分類
5245,5245.TWO,智晶,智晶光電股份有限公司,26,45127141,上櫃,光電業,股票,,光電業,光電業,待進一步分類
5251,5251.TWO,天鉞電,天鉞電子股份有限公司,26,33733377,上櫃,光電業,股票,,光電業,光電業,待進一步分類
5315,5315.TWO,光聯,光聯科技股份有限公司,26,106351832,上櫃,光電業,股票,,光電業,光電業,待進一步分類
5371,5371.TWO,中光電,中強光電股份有限公司,26,390981110,上櫃,光電業,股票,,光電業,光電業,待進一步分類
5392,5392.TWO,能率,能率創新股份有限公司,26,176562145,上櫃,光電業,股票,,光電業,光電業,待進一步分類
6167,6167.TWO,久正,久正光電股份有限公司,26,143080000,上櫃,光電業,股票,,光電業,光電業,待進一步分類
6222,6222.TWO,立軒,立軒開發建設股份有限公司,26,95688878,上櫃,光電業,股票,,光電業,光電業,待進一步分類
6234,6234.TWO,高僑,高僑自動化科技股份有限公司,26,100386398,上櫃,光電業,股票,,光電業,光電業,待進一步分類
6244,6244.TWO,茂迪,茂迪股份有限公司,26,387041875,上櫃,光電業,股票,,重電與綠能,電網升級／能源轉型,重電／能源設備
6246,6246.TWO,臺龍,臺龍電子股份有限公司,26,37851415,上櫃,光電業,股票,,光電業,光電業,待進一步分類
6419,6419.TWO,京晨科,京晨科技股份有限公司,26,13159170,上櫃,光電業,股票,,光電業,光電業,待進一步分類
6498,6498.TWO,久禾光,久禾光電股份有限公司,26,47475892,上櫃,光電業,股票,,光電業,光電業,待進一步分類
6517,6517.TWO,保勝光學,保勝光學股份有限公司,26,30579053,上櫃,光電業,股票,,光電業,光電業,待進一步分類
6556,6556.TWO,勝品,勝品電通股份有限公司,26,28750000,上櫃,光電業,股票,,光電業,光電業,待進一步分類
6560,6560.TWO,欣普羅,欣普羅光電股份有限公司,26,32474715,上櫃,光電業,股票,,光電業,光電業,待進一步分類
6859,6859.TWO,伯特光,伯特光電股份有限公司,26,41588600,上櫃,光電業,股票,,光電業,光電業,待進一步分類
6899,6899.TWO,創為精密,創為精密材料股份有限公司,26,42398491,上櫃,光電業,股票,,光電業,光電業,待進一步分類
7402,7402.TWO,邑錡,邑錡股份有限公司,26,35280646,上櫃,光電業,股票,,光電業,光電業,待進一步分類
7753,7753.TWO,星亞,星亞視覺股份有限公司,26,25000000,上櫃,光電業,股票,,光電業,光電業,待進一步分類
8049,8049.TWO,晶采,晶采光電科技股份有限公司,26,118279808,上櫃,光電業,股票,,光電業,光電業,待進一步分類
8064,8064.TWO,東捷,東捷科技股份有限公司,26,184817836,上櫃,光電業,股票,,光電業,光電業,待進一步分類
8069,8069.TWO,元太,元太科技工業股份有限公司,26,1154360555,上櫃,光電業,股票,,光電業,光電業,待進一步分類
8111,8111.TWO,立碁,立碁電子工業股份有限公司,26,109102223,上櫃,光電業,股票,,光電業,光電業,待進一步分類
8240,8240.TWO,華宏,華宏新技股份有限公司,26,100004414,上櫃,光電業,股票,,光電業,光電業,待進一步分類
1584,1584.TWO,精剛,精剛精密科技股份有限公司,20,232470533,上櫃,其他,股票,,其他,其他,待進一步分類
2221,2221.TWO,大甲,大甲永和機械工業股份有限公司,20,42325000,上櫃,其他,股票,,其他,其他,待進一步分類
2724,2724.TWO,藝舍-KY,藝舍國際創新股份有限公司,20,59656345,上櫃,其他,股票,,其他,其他,待進一步分類
3284,3284.TWO,太普高,太普高精密影像股份有限公司,20,108482473,上櫃,其他,股票,,其他,其他,待進一步分類
4154,4154.TWO,樂威科-KY,樂威科股份有限公司,20,38390000,上櫃,其他,股票,,其他,其他,待進一步分類
4430,4430.TWO,耀億,耀億工業股份有限公司,20,56273609,上櫃,其他,股票,,其他,其他,待進一步分類
4529,4529.TWO,淳紳,淳紳股份有限公司,20,84549096,上櫃,其他,股票,,其他,其他,待進一步分類
4541,4541.TWO,晟田,晟田科技工業股份有限公司,20,67647068,上櫃,其他,股票,,軍工與無人機,國防自主,航太／無人機零組件
4556,4556.TWO,旭然,旭然國際股份有限公司,20,42302840,上櫃,其他,股票,,其他,其他,待進一步分類
5209,5209.TWO,新鼎,新鼎系統股份有限公司,20,28551345,上櫃,其他,股票,,其他,其他,待進一步分類
5276,5276.TWO,達輝-KY,達輝股份有限公司,20,39500000,上櫃,其他,股票,,其他,其他,待進一步分類
5314,5314.TWO,世紀*,世紀民生科技股份有限公司,20,292000000,上櫃,其他,股票,,其他,其他,待進一步分類
5345,5345.TWO,馥鴻,馥鴻建設股份有限公司,20,37795000,上櫃,其他,股票,,其他,其他,待進一步分類
5398,5398.TWO,慕康生醫,慕康生技醫藥股份有限公司,20,49465460,上櫃,其他,股票,,其他,其他,待進一步分類
5450,5450.TWO,南良,南良國際股份有限公司,20,122403239,上櫃,其他,股票,,其他,其他,待進一步分類
5481,5481.TWO,新華,新華泰富股份有限公司,20,71402891,上櫃,其他,股票,,其他,其他,待進一步分類
5530,5530.TWO,龍巖,龍巖股份有限公司,20,420084199,上櫃,其他,股票,,其他,其他,待進一步分類
5604,5604.TWO,中連,中連誠企業股份有限公司,20,108782968,上櫃,其他,股票,,其他,其他,待進一步分類
6179,6179.TWO,亞通,亞通利大能源股份有限公司,20,177324650,上櫃,其他,股票,,其他,其他,待進一步分類
6199,6199.TWO,天品,天品聯合企業股份有限公司,20,61760018,上櫃,其他,股票,,其他,其他,待進一步分類
6721,6721.TWO,信實,信實保全股份有限公司,20,24500000,上櫃,其他,股票,,其他,其他,待進一步分類
6881,6881.TWO,潤德,潤德室內裝修設計工程(股)公司,20,15000000,上櫃,其他,股票,,其他,其他,待進一步分類
6904,6904.TWO,伯鑫,伯鑫工具股份有限公司,20,18500000,上櫃,其他,股票,,其他,其他,待進一步分類
7777,7777.TWO,能率亞洲,能率亞洲資本股份有限公司,20,186606250,上櫃,其他,股票,,其他,其他,待進一步分類
8342,8342.TWO,益張,益張實業股份有限公司,20,33536692,上櫃,其他,股票,,其他,其他,待進一步分類
8354,8354.TWO,冠好,冠好科技股份有限公司,20,78532263,上櫃,其他,股票,,其他,其他,待進一步分類
8401,8401.TWO,白紗科,白紗科技印刷股份有限公司,20,70669058,上櫃,其他,股票,,其他,其他,待進一步分類
8421,8421.TWO,旭源,旭源包裝科技股份有限公司,20,54817140,上櫃,其他,股票,,其他,其他,待進一步分類
8426,8426.TWO,紅木-KY,紅木集團有限公司,20,50242500,上櫃,其他,股票,,其他,其他,待進一步分類
8435,8435.TWO,鉅邁,台灣鉅邁股份有限公司,20,35200450,上櫃,其他,股票,,其他,其他,待進一步分類
8437,8437.TWO,大地-KY,大地幼教股份有限公司,20,47014070,上櫃,其他,股票,,其他,其他,待進一步分類
8444,8444.TWO,綠河-KY,綠河股份有限公司,20,125104845,上櫃,其他,股票,,其他,其他,待進一步分類
8489,8489.TWO,三貝德,三貝德數位文創股份有限公司,20,59948960,上櫃,其他,股票,,其他,其他,待進一步分類
8905,8905.TWO,裕國,裕國冷凍冷藏股份有限公司,20,119440000,上櫃,其他,股票,,其他,其他,待進一步分類
8906,8906.TWO,花王,花王企業股份有限公司,20,44037370,上櫃,其他,股票,,其他,其他,待進一步分類
8916,8916.TWO,光隆,光隆實業股份有限公司,20,150327646,上櫃,其他,股票,,其他,其他,待進一步分類
8921,8921.TWO,沈氏,沈氏藝術印刷股份有限公司,20,46592159,上櫃,其他,股票,,其他,其他,待進一步分類
8929,8929.TWO,富堡,富堡工業股份有限公司,20,50580862,上櫃,其他,股票,,其他,其他,待進一步分類
8935,8935.TWO,邦泰,邦泰複合材料股份有限公司,20,113495000,上櫃,其他,股票,,其他,其他,待進一步分類
8936,8936.TWO,國統,國統國際股份有限公司,20,248078157,上櫃,其他,股票,,其他,其他,待進一步分類
8937,8937.TWO,合騏*,合騏工業股份有限公司,20,431680272,上櫃,其他,股票,,其他,其他,待進一步分類
8942,8942.TWO,森鉅,森鉅科技材料股份有限公司,20,198842255,上櫃,其他,股票,,其他,其他,待進一步分類
1785,1785.TWO,光洋科,光洋應用材料科技股份有限公司,31,595980243,上櫃,其他電子業,股票,,其他電子業,其他電子業,待進一步分類
3093,3093.TWO,港建*,台灣港建股份有限公司,31,145155576,上櫃,其他電子業,股票,,其他電子業,其他電子業,待進一步分類
3219,3219.TWO,倚強科,倚強科技股份有限公司,31,71780880,上櫃,其他電子業,股票,,其他電子業,其他電子業,待進一步分類
3285,3285.TWO,微端,微端科技股份有限公司,31,42735324,上櫃,其他電子業,股票,,其他電子業,其他電子業,待進一步分類
3289,3289.TWO,宜特,宜特科技股份有限公司,31,86746371,上櫃,其他電子業,股票,,其他電子業,其他電子業,待進一步分類
3303,3303.TWO,岱稜,岱稜科技股份有限公司,31,94090607,上櫃,其他電子業,股票,,其他電子業,其他電子業,待進一步分類
3324,3324.TWO,雙鴻,雙鴻科技股份有限公司,31,93076837,上櫃,其他電子業,股票,,伺服器散熱,AI 資料中心,散熱模組
3373,3373.TWO,熱映,熱映光電股份有限公司,31,47618782,上櫃,其他電子業,股票,,其他電子業,其他電子業,待進一步分類
3402,3402.TWO,漢科,漢科系統科技股份有限公司,31,73047692,上櫃,其他電子業,股票,,其他電子業,其他電子業,待進一步分類
3465,3465.TWO,進泰電子,進泰電子科技股份有限公司,31,42329862,上櫃,其他電子業,股票,,其他電子業,其他電子業,待進一步分類
3498,3498.TWO,陽程,陽程科技股份有限公司,31,61273008,上櫃,其他電子業,股票,,其他電子業,其他電子業,待進一步分類
3508,3508.TWO,位速,位速科技股份有限公司,31,108866737,上櫃,其他電子業,股票,,其他電子業,其他電子業,待進一步分類
3541,3541.TWO,西柏,西柏科技股份有限公司,31,56349142,上櫃,其他電子業,股票,,其他電子業,其他電子業,待進一步分類
3552,3552.TWO,同致,同致電子企業股份有限公司,31,97918334,上櫃,其他電子業,股票,,其他電子業,其他電子業,待進一步分類
3580,3580.TWO,友威科,友威科技股份有限公司,31,39470657,上櫃,其他電子業,股票,,其他電子業,其他電子業,待進一步分類
3587,3587.TWO,閎康,閎康科技股份有限公司,31,69369988,上櫃,其他電子業,股票,,其他電子業,其他電子業,待進一步分類
3628,3628.TWO,盈正,盈正豫順電子股份有限公司,31,45000000,上櫃,其他電子業,股票,,其他電子業,其他電子業,待進一步分類
3663,3663.TWO,鑫科,鑫科材料科技股份有限公司,31,108494074,上櫃,其他電子業,股票,,其他電子業,其他電子業,待進一步分類
4554,4554.TWO,橙的,橙的電子股份有限公司,31,26327464,上櫃,其他電子業,股票,,其他電子業,其他電子業,待進一步分類
4577,4577.TWO,達航科技,達航科技股份有限公司,31,49137998,上櫃,其他電子業,股票,,其他電子業,其他電子業,待進一步分類
4760,4760.TWO,勤凱科技,勤凱科技股份有限公司,31,32145923,上櫃,其他電子業,股票,,其他電子業,其他電子業,待進一步分類
5452,5452.TWO,佶優,佶優科技股份有限公司,31,148763669,上櫃,其他電子業,股票,,其他電子業,其他電子業,待進一步分類
5489,5489.TWO,彩富,彩富電子股份有限公司,31,102706441,上櫃,其他電子業,股票,,其他電子業,其他電子業,待進一步分類
5493,5493.TWO,三聯,三聯科技股份有限公司,31,43689255,上櫃,其他電子業,股票,,其他電子業,其他電子業,待進一步分類
5536,5536.TWO,聖暉*,聖暉工程科技股份有限公司,31,124080930,上櫃,其他電子業,股票,,其他電子業,其他電子業,待進一步分類
6146,6146.TWO,耕興,耕興股份有限公司,31,101867199,上櫃,其他電子業,股票,,其他電子業,其他電子業,待進一步分類
6151,6151.TWO,晉倫,晉倫科技股份有限公司,31,55257300,上櫃,其他電子業,股票,,其他電子業,其他電子業,待進一步分類
6512,6512.TWO,啟發電,啟發電子股份有限公司,31,25260000,上櫃,其他電子業,股票,,其他電子業,其他電子業,待進一步分類
6613,6613.TWO,朋億*,朋億股份有限公司,31,77801485,上櫃,其他電子業,股票,,其他電子業,其他電子業,待進一步分類
6654,6654.TWO,天正國際,天正國際精密機械股份有限公司,31,40962720,上櫃,其他電子業,股票,,其他電子業,其他電子業,待進一步分類
6667,6667.TWO,信紘科,信紘科技股份有限公司,31,49278878,上櫃,其他電子業,股票,,其他電子業,其他電子業,待進一步分類
6725,6725.TWO,矽科宏晟,台灣矽科宏晟科技股份有限公司,31,37130000,上櫃,其他電子業,股票,,其他電子業,其他電子業,待進一步分類
6735,6735.TWO,美達科技,美達科技股份有限公司,31,46182292,上櫃,其他電子業,股票,,其他電子業,其他電子業,待進一步分類
6739,6739.TWO,竹陞科技,竹陞科技股份有限公司,31,23392500,上櫃,其他電子業,股票,,其他電子業,其他電子業,待進一步分類
6840,6840.TWO,東研信超,東研信超股份有限公司,31,30755108,上櫃,其他電子業,股票,,其他電子業,其他電子業,待進一步分類
6855,6855.TWO,數泓科,數泓科技股份有限公司,31,23249716,上櫃,其他電子業,股票,,其他電子業,其他電子業,待進一步分類
6877,6877.TWO,鏵友益,鏵友益科技股份有限公司,31,46967122,上櫃,其他電子業,股票,,其他電子業,其他電子業,待進一步分類
6903,6903.TWO,巨漢,巨漢系統科技股份有限公司,31,66676000,上櫃,其他電子業,股票,,其他電子業,其他電子業,待進一步分類
6983,6983.TWO,華洋精機,華洋精機股份有限公司,31,18020000,上櫃,其他電子業,股票,,其他電子業,其他電子業,待進一步分類
7703,7703.TWO,銳澤,銳澤實業股份有限公司,31,34745000,上櫃,其他電子業,股票,,其他電子業,其他電子業,待進一步分類
7728,7728.TWO,光焱科技,光焱科技股份有限公司,31,13854080,上櫃,其他電子業,股票,,其他電子業,其他電子業,待進一步分類
7792,7792.TWO,安葆,安葆國際實業股份有限公司,31,46662000,上櫃,其他電子業,股票,,其他電子業,其他電子業,待進一步分類
8047,8047.TWO,星雲,星雲電腦股份有限公司,31,34613011,上櫃,其他電子業,股票,,其他電子業,其他電子業,待進一步分類
8085,8085.TWO,福華,福華電子股份有限公司,31,139983060,上櫃,其他電子業,股票,,其他電子業,其他電子業,待進一步分類
8092,8092.TWO,建暐,建暐精密科技股份有限公司,31,57172325,上櫃,其他電子業,股票,,其他電子業,其他電子業,待進一步分類
8183,8183.TWO,精星,台灣精星科技股份有限公司,31,121251068,上櫃,其他電子業,股票,,其他電子業,其他電子業,待進一步分類
8431,8431.TWO,匯鑽科,匯鑽科技股份有限公司,31,48778331,上櫃,其他電子業,股票,,其他電子業,其他電子業,待進一步分類
8455,8455.TWO,大拓-KY,蓋曼群島商日本大拓股份有限公司,31,25219056,上櫃,其他電子業,股票,,其他電子業,其他電子業,待進一步分類
1742,1742.TWO,台蠟,台灣蠟品股份有限公司,21,92671300,上櫃,化學工業,股票,,化學工業,化學工業,待進一步分類
3430,3430.TWO,奇鈦科,奇鈦科技股份有限公司,21,33716085,上櫃,化學工業,股票,,化學工業,化學工業,待進一步分類
4706,4706.TWO,大恭,大恭化學工業股份有限公司,21,79030093,上櫃,化學工業,股票,,化學工業,化學工業,待進一步分類
4707,4707.TWO,磐亞,磐亞股份有限公司,21,403715270,上櫃,化學工業,股票,,化學工業,化學工業,待進一步分類
4711,4711.TWO,永純,永純化學工業股份有限公司,21,61056000,上櫃,化學工業,股票,,化學工業,化學工業,待進一步分類
4714,4714.TWO,永捷,永捷創新科技股份有限公司,21,221838188,上櫃,化學工業,股票,,化學工業,化學工業,待進一步分類
4716,4716.TWO,大立,大立高分子工業股份有限公司,21,94427191,上櫃,化學工業,股票,,化學工業,化學工業,待進一步分類
4721,4721.TWO,美琪瑪,美琪瑪國際股份有限公司,21,74986304,上櫃,化學工業,股票,,化學工業,化學工業,待進一步分類
4741,4741.TWO,泓瀚,泓瀚科技股份有限公司,21,34812079,上櫃,化學工業,股票,,化學工業,化學工業,待進一步分類
4754,4754.TWO,國碳科,國碳科技股份有限公司,21,30283215,上櫃,化學工業,股票,,化學工業,化學工業,待進一步分類
4767,4767.TWO,誠泰科技,誠泰工業科技股份有限公司,21,31415000,上櫃,化學工業,股票,,化學工業,化學工業,待進一步分類
4768,4768.TWO,晶呈科技,晶呈科技股份有限公司,21,47487969,上櫃,化學工業,股票,,半導體設備與材料,半導體資本支出,設備／材料供應
4772,4772.TWO,台特化,台灣特品化學股份有限公司,21,147681552,上櫃,化學工業,股票,,化學工業,化學工業,待進一步分類
6509,6509.TWO,聚和,聚和國際股份有限公司,21,196543326,上櫃,化學工業,股票,,化學工業,化學工業,待進一步分類
1595,1595.TWO,川寶,川寶科技股份有限公司,24,56223352,上櫃,半導體業,股票,,半導體業,半導體業,待進一步分類
3105,3105.TWO,穩懋,穩懋半導體股份有限公司,24,423940384,上櫃,半導體業,股票,,半導體業,半導體業,待進一步分類
3122,3122.TWO,笙泉,笙泉科技股份有限公司,24,40764826,上櫃,半導體業,股票,,半導體業,半導體業,待進一步分類
3131,3131.TWO,弘塑,弘塑科技股份有限公司,24,29258927,上櫃,半導體業,股票,,半導體設備與材料,半導體資本支出,設備／材料供應
3141,3141.TWO,晶宏,晶宏半導體股份有限公司,24,75460728,上櫃,半導體業,股票,,半導體業,半導體業,待進一步分類
3169,3169.TWO,亞信,亞信電子股份有限公司,24,63306981,上櫃,半導體業,股票,,半導體業,半導體業,待進一步分類
3178,3178.TWO,公準,公準精密工業股份有限公司,24,45050000,上櫃,半導體業,股票,,半導體業,半導體業,待進一步分類
3227,3227.TWO,原相,原相科技股份有限公司,24,151912842,上櫃,半導體業,股票,,半導體業,半導體業,待進一步分類
3228,3228.TWO,金麗科,金麗科技股份有限公司,24,71937495,上櫃,半導體業,股票,,半導體業,半導體業,待進一步分類
3259,3259.TWO,鑫創,鑫創科技股份有限公司,24,72965934,上櫃,半導體業,股票,,半導體業,半導體業,待進一步分類
3260,3260.TWO,威剛,威剛科技股份有限公司,24,334463418,上櫃,半導體業,股票,,記憶體模組,記憶體,模組／通路
3264,3264.TWO,欣銓,欣銓科技股份有限公司,24,490170076,上櫃,半導體業,股票,,半導體封裝測試,先進封裝／測試,封裝與測試
3265,3265.TWO,台星科,台星科股份有限公司,24,136261659,上櫃,半導體業,股票,,半導體業,半導體業,待進一步分類
3268,3268.TWO,海德威,海德威電子工業股份有限公司,24,34720796,上櫃,半導體業,股票,,半導體業,半導體業,待進一步分類
3317,3317.TWO,尼克森,尼克森微電子股份有限公司,24,90000000,上櫃,半導體業,股票,,半導體業,半導體業,待進一步分類
3372,3372.TWO,典範,台灣典範半導體股份有限公司,24,235324000,上櫃,半導體業,股票,,半導體業,半導體業,待進一步分類
3374,3374.TWO,精材,精材科技股份有限公司,24,271364316,上櫃,半導體業,股票,,半導體業,半導體業,待進一步分類
3438,3438.TWO,類比科,台灣類比科技股份有限公司,24,47165815,上櫃,半導體業,股票,,半導體業,半導體業,待進一步分類
3467,3467.TWO,台灣精材,台灣精材股份有限公司,24,31106569,上櫃,半導體業,股票,,半導體業,半導體業,待進一步分類
3527,3527.TWO,聚積,聚積科技股份有限公司,24,44445125,上櫃,半導體業,股票,,半導體業,半導體業,待進一步分類
3529,3529.TWO,力旺,力旺電子股份有限公司,24,74686492,上櫃,半導體業,股票,,半導體業,半導體業,待進一步分類
3555,3555.TWO,博士旺,博士旺創新股份有限公司,24,39998797,上櫃,半導體業,股票,,半導體業,半導體業,待進一步分類
3556,3556.TWO,禾瑞亞,禾瑞亞科技股份有限公司,24,63702844,上櫃,半導體業,股票,,半導體業,半導體業,待進一步分類
3567,3567.TWO,逸昌,逸昌科技股份有限公司,24,33954000,上櫃,半導體業,股票,,半導體業,半導體業,待進一步分類
3581,3581.TWO,博磊,博磊科技股份有限公司,24,51006000,上櫃,半導體業,股票,,半導體業,半導體業,待進一步分類
3675,3675.TWO,德微,德微科技股份有限公司,24,53057923,上櫃,半導體業,股票,,半導體業,半導體業,待進一步分類
3680,3680.TWO,家登,家登精密工業股份有限公司,24,96092609,上櫃,半導體業,股票,,半導體業,半導體業,待進一步分類
3707,3707.TWO,漢磊,漢磊科技股份有限公司,24,400484353,上櫃,半導體業,股票,,半導體業,半導體業,待進一步分類
4749,4749.TWO,新應材,新應材股份有限公司,24,94732865,上櫃,半導體業,股票,,半導體業,半導體業,待進一步分類
4923,4923.TWO,力士,力士科技股份有限公司,24,33890800,上櫃,半導體業,股票,,半導體業,半導體業,待進一步分類
4951,4951.TWO,精拓科,精拓科技股份有限公司,24,34148713,上櫃,半導體業,股票,,半導體業,半導體業,待進一步分類
4966,4966.TWO,譜瑞-KY,譜瑞科技股份有限公司,24,78957788,上櫃,半導體業,股票,,IC 設計,半導體 IC 設計,晶片設計
4971,4971.TWO,IET-KY,英特磊科技股份有限公司,24,47185743,上櫃,半導體業,股票,,半導體業,半導體業,待進一步分類
4973,4973.TWO,廣穎電通,廣穎電通股份有限公司,24,65292843,上櫃,半導體業,股票,,半導體業,半導體業,待進一步分類
4991,4991.TWO,環宇-KY,環宇通訊半導體控股股份有限公司,24,121355372,上櫃,半導體業,股票,,半導體業,半導體業,待進一步分類
5272,5272.TWO,笙科,笙科電子股份有限公司,24,55276118,上櫃,半導體業,股票,,半導體業,半導體業,待進一步分類
5274,5274.TWO,信驊,信驊科技股份有限公司,24,41582953,上櫃,半導體業,股票,,IC 設計,半導體 IC 設計,晶片設計
5299,5299.TWO,杰力,杰力科技股份有限公司,24,50888981,上櫃,半導體業,股票,,半導體業,半導體業,待進一步分類
5302,5302.TWO,太欣,太欣半導體股份有限公司,24,159888349,上櫃,半導體業,股票,,半導體業,半導體業,待進一步分類
5344,5344.TWO,立衛,立衛科技股份有限公司,24,79447460,上櫃,半導體業,股票,,半導體業,半導體業,待進一步分類
5347,5347.TWO,世界,世界先進積體電路股份有限公司,24,1878502192,上櫃,半導體業,股票,,晶圓代工,晶圓製造,晶圓製造
5351,5351.TWO,鈺創,鈺創科技股份有限公司,24,328636781,上櫃,半導體業,股票,,半導體業,半導體業,待進一步分類
5425,5425.TWO,台半,台灣半導體股份有限公司,24,263485486,上櫃,半導體業,股票,,半導體業,半導體業,待進一步分類
5443,5443.TWO,均豪,均豪精密工業股份有限公司,24,164746644,上櫃,半導體業,股票,,半導體設備與材料,半導體資本支出,設備／材料供應
5468,5468.TWO,凱鈺,凱鈺科技股份有限公司,24,58922909,上櫃,半導體業,股票,,半導體業,半導體業,待進一步分類
5483,5483.TWO,中美晶,中美矽晶製品股份有限公司,24,641221651,上櫃,半導體業,股票,,半導體業,半導體業,待進一步分類
5487,5487.TWO,通泰,通泰積體電路股份有限公司,24,24222516,上櫃,半導體業,股票,,半導體業,半導體業,待進一步分類
6103,6103.TWO,合邦,合邦電子股份有限公司,24,13604891,上櫃,半導體業,股票,,半導體業,半導體業,待進一步分類
6104,6104.TWO,創惟,創惟科技股份有限公司,24,91127107,上櫃,半導體業,股票,,半導體業,半導體業,待進一步分類
6129,6129.TWO,普誠,普誠科技股份有限公司,24,160574120,上櫃,半導體業,股票,,半導體業,半導體業,待進一步分類
6138,6138.TWO,茂達,茂達電子股份有限公司,24,75633500,上櫃,半導體業,股票,,半導體業,半導體業,待進一步分類
6147,6147.TWO,頎邦,頎邦科技股份有限公司,24,744577539,上櫃,半導體業,股票,,半導體封裝測試,先進封裝／測試,封裝與測試
6182,6182.TWO,合晶,合晶科技股份有限公司,24,593601315,上櫃,半導體業,股票,,半導體業,半導體業,待進一步分類
6187,6187.TWO,萬潤,萬潤科技股份有限公司,24,98193385,上櫃,半導體業,股票,,半導體設備與材料,半導體資本支出,設備／材料供應
6208,6208.TWO,日揚,日揚科技股份有限公司,24,94462343,上櫃,半導體業,股票,,半導體業,半導體業,待進一步分類
6223,6223.TWO,旺矽,旺矽科技股份有限公司,24,97981309,上櫃,半導體業,股票,,半導體設備與材料,半導體資本支出,設備／材料供應
6229,6229.TWO,研通,研通科技股份有限公司,24,40360700,上櫃,半導體業,股票,,半導體業,半導體業,待進一步分類
6233,6233.TWO,旺玖,旺玖科技股份有限公司,24,80971896,上櫃,半導體業,股票,,半導體業,半導體業,待進一步分類
6237,6237.TWO,驊訊,驊訊電子企業股份有限公司,24,79645371,上櫃,半導體業,股票,,半導體業,半導體業,待進一步分類
6261,6261.TWO,久元,久元電子股份有限公司,24,128497989,上櫃,半導體業,股票,,半導體業,半導體業,待進一步分類
6291,6291.TWO,沛亨,沛亨半導體股份有限公司,24,42000000,上櫃,半導體業,股票,,半導體業,半導體業,待進一步分類
6411,6411.TWO,晶焱,晶焱科技股份有限公司,24,99508031,上櫃,半導體業,股票,,半導體業,半導體業,待進一步分類
6423,6423.TWO,億而得,億而得微電子股份有限公司,24,31016000,上櫃,半導體業,股票,,半導體業,半導體業,待進一步分類
6435,6435.TWO,大中,大中積體電路股份有限公司,24,37461300,上櫃,半導體業,股票,,半導體業,半導體業,待進一步分類
6462,6462.TWO,神盾,神盾股份有限公司,24,91250754,上櫃,半導體業,股票,,半導體業,半導體業,待進一步分類
6485,6485.TWO,點序,點序科技股份有限公司,24,47366493,上櫃,半導體業,股票,,半導體業,半導體業,待進一步分類
6488,6488.TWO,環球晶,環球晶圓股份有限公司,24,478113725,上櫃,半導體業,股票,,半導體設備與材料,半導體資本支出,設備／材料供應
6494,6494.TWO,九齊,九齊科技股份有限公司,24,31559690,上櫃,半導體業,股票,,半導體業,半導體業,待進一步分類
6510,6510.TWO,精測,中華精測科技股份有限公司,24,32929138,上櫃,半導體業,股票,,半導體業,半導體業,待進一步分類
6532,6532.TWO,瑞耘,瑞耘科技股份有限公司,24,37445147,上櫃,半導體業,股票,,半導體業,半導體業,待進一步分類
6548,6548.TWO,長科*,長華科技股份有限公司,24,950464700,上櫃,半導體業,股票,,半導體業,半導體業,待進一步分類
6568,6568.TWO,宏觀,宏觀微電子股份有限公司,24,30799700,上櫃,半導體業,股票,,半導體業,半導體業,待進一步分類
6640,6640.TWO,均華,均華精密工業股份有限公司,24,28517500,上櫃,半導體業,股票,,半導體設備與材料,半導體資本支出,設備／材料供應
6643,6643.TWO,M31,&#20870;星科技股份有限公司,24,42090160,上櫃,半導體業,股票,,半導體業,半導體業,待進一步分類
6651,6651.TWO,全宇昕,全宇昕科技股份有限公司,24,34601541,上櫃,半導體業,股票,,半導體業,半導體業,待進一步分類
6679,6679.TWO,鈺太,鈺太科技股份有限公司,24,54975335,上櫃,半導體業,股票,,半導體業,半導體業,待進一步分類
6683,6683.TWO,雍智科技,雍智科技股份有限公司,24,27557161,上櫃,半導體業,股票,,半導體業,半導體業,待進一步分類
6684,6684.TWO,安格,安格科技股份有限公司,24,44559496,上櫃,半導體業,股票,,半導體業,半導體業,待進一步分類
6693,6693.TWO,廣閎科,廣閎科技股份有限公司,24,45720000,上櫃,半導體業,股票,,半導體業,半導體業,待進一步分類
6708,6708.TWO,天擎,天擎積體電路股份有限公司,24,29008779,上櫃,半導體業,股票,,半導體業,半導體業,待進一步分類
6716,6716.TWO,應廣,應廣科技股份有限公司,24,30241814,上櫃,半導體業,股票,,半導體業,半導體業,待進一步分類
6720,6720.TWO,久昌,久昌科技股份有限公司,24,30225741,上櫃,半導體業,股票,,半導體業,半導體業,待進一步分類
6732,6732.TWO,昇佳電子,昇佳電子股份有限公司,24,48912618,上櫃,半導體業,股票,,半導體業,半導體業,待進一步分類
6788,6788.TWO,華景電,華景電通股份有限公司,24,38739683,上櫃,半導體業,股票,,半導體業,半導體業,待進一步分類
6823,6823.TWO,濾能,濾能股份有限公司,24,30533920,上櫃,半導體業,股票,,半導體業,半導體業,待進一步分類
6829,6829.TWO,千附精密,千附精密股份有限公司,24,59169000,上櫃,半導體業,股票,,半導體業,半導體業,待進一步分類
6895,6895.TWO,宏碩系統,宏碩系統股份有限公司,24,34100000,上櫃,半導體業,股票,,半導體業,半導體業,待進一步分類
6907,6907.TWO,雅特力-KY,雅特力科技(開曼)股份有限公司,24,62542400,上櫃,半導體業,股票,,半導體業,半導體業,待進一步分類
6953,6953.TWO,家碩,家碩科技股份有限公司,24,30014600,上櫃,半導體業,股票,,半導體業,半導體業,待進一步分類
6996,6996.TWO,力領科技,力領科技股份有限公司,24,41997833,上櫃,半導體業,股票,,半導體業,半導體業,待進一步分類
7556,7556.TWO,意德士科技,意德士科技股份有限公司,24,29080869,上櫃,半導體業,股票,,半導體業,半導體業,待進一步分類
7704,7704.TWO,明遠精密,明遠精密科技股份有限公司,24,33769804,上櫃,半導體業,股票,,半導體業,半導體業,待進一步分類
7712,7712.TWO,博盛半導體,博盛半導體股份有限公司,24,32561873,上櫃,半導體業,股票,,半導體業,半導體業,待進一步分類
7734,7734.TWO,印能科技,印能科技股份有限公司,24,28000000,上櫃,半導體業,股票,,半導體業,半導體業,待進一步分類
7751,7751.TWO,竑騰,竑騰科技股份有限公司,24,26888600,上櫃,半導體業,股票,,半導體業,半導體業,待進一步分類
7770,7770.TWO,君曜,君曜科技股份有限公司,24,30062053,上櫃,半導體業,股票,,半導體業,半導體業,待進一步分類
7772,7772.TWO,耀穎,耀穎光電股份有限公司,24,26498600,上櫃,半導體業,股票,,半導體業,半導體業,待進一步分類
7810,7810.TWO,捷創科技,捷創科技股份有限公司,24,20250000,上櫃,半導體業,股票,,半導體業,半導體業,待進一步分類
7828,7828.TWO,創新服務,創新服務股份有限公司,24,40493911,上櫃,半導體業,股票,,半導體業,半導體業,待進一步分類
8024,8024.TWO,佑華,佑華微電子股份有限公司,24,45160100,上櫃,半導體業,股票,,半導體業,半導體業,待進一步分類
8040,8040.TWO,九暘,九暘電子股份有限公司,24,96413874,上櫃,半導體業,股票,,半導體業,半導體業,待進一步分類
8054,8054.TWO,安國,安國國際科技股份有限公司,24,106232566,上櫃,半導體業,股票,,半導體業,半導體業,待進一步分類
8086,8086.TWO,宏捷科,宏捷科技股份有限公司,24,196516123,上櫃,半導體業,股票,,半導體業,半導體業,待進一步分類
8088,8088.TWO,品安,品安科技股份有限公司,24,60921749,上櫃,半導體業,股票,,半導體業,半導體業,待進一步分類
8091,8091.TWO,翔名,翔名科技股份有限公司,24,53608456,上櫃,半導體業,股票,,半導體業,半導體業,待進一步分類
8102,8102.TWO,傑霖科技,傑霖科技股份有限公司,24,23358350,上櫃,半導體業,股票,,半導體業,半導體業,待進一步分類
8227,8227.TWO,巨有科技,巨有科技股份有限公司,24,39543000,上櫃,半導體業,股票,,半導體業,半導體業,待進一步分類
8277,8277.TWO,商丞,商丞科技股份有限公司,24,39500000,上櫃,半導體業,股票,,半導體業,半導體業,待進一步分類
8299,8299.TWO,群聯,群聯電子股份有限公司,24,221165247,上櫃,半導體業,股票,,記憶體控制晶片,記憶體,控制晶片／儲存方案
8383,8383.TWO,千附,千附實業股份有限公司,24,113760482,上櫃,半導體業,股票,,半導體業,半導體業,待進一步分類
4303,4303.TWO,信立,信立化學工業股份有限公司,03,94605317,上櫃,塑膠工業,股票,,塑膠工業,塑膠工業,待進一步分類
4304,4304.TWO,勝昱,勝昱科技股份有限公司,03,61038065,上櫃,塑膠工業,股票,,塑膠工業,塑膠工業,待進一步分類
4305,4305.TWO,世坤,世坤塑膠股份有限公司,03,55014000,上櫃,塑膠工業,股票,,塑膠工業,塑膠工業,待進一步分類
9950,9950.TWO,萬國通,萬國通路股份有限公司,03,167716000,上櫃,塑膠工業,股票,,塑膠工業,塑膠工業,待進一步分類
2230,2230.TWO,泰茂,泰茂實業股份有限公司,38,68029605,上櫃,居家生活,股票,,居家生活,居家生活,待進一步分類
2916,2916.TWO,滿心,滿心企業股份有限公司,38,64626878,上櫃,居家生活,股票,,居家生活,居家生活,待進一步分類
2924,2924.TWO,宏太-KY,開曼群島宏太股份有限公司,38,52035934,上櫃,居家生活,股票,,居家生活,居家生活,待進一步分類
2937,2937.TWO,集雅社,集雅社股份有限公司,38,43541975,上櫃,居家生活,股票,,居家生活,居家生活,待進一步分類
2941,2941.TWO,米斯特,米斯特國際企業股份有限公司,38,15390000,上櫃,居家生活,股票,,居家生活,居家生活,待進一步分類
2947,2947.TWO,振宇五金,振宇五金股份有限公司,38,23642366,上櫃,居家生活,股票,,居家生活,居家生活,待進一步分類
2948,2948.TWO,寶陞,寶陞國際股份有限公司,38,31000000,上櫃,居家生活,股票,,居家生活,居家生活,待進一步分類
3067,3067.TWO,全域,全域股份有限公司,38,20000000,上櫃,居家生活,股票,,居家生活,居家生活,待進一步分類
3171,3171.TWO,炎洲流通,炎洲流通股份有限公司,38,33118158,上櫃,居家生活,股票,,居家生活,居家生活,待進一步分類
4609,4609.TWO,唐鋒,唐鋒實業股份有限公司,38,47946820,上櫃,居家生活,股票,,居家生活,居家生活,待進一步分類
4702,4702.TWO,中美實,中美聯合實業股份有限公司,38,72333200,上櫃,居家生活,股票,,居家生活,居家生活,待進一步分類
5902,5902.TWO,德記,德記洋行股份有限公司,38,94500000,上櫃,居家生活,股票,,居家生活,居家生活,待進一步分類
5903,5903.TWO,全家,全家便利商店股份有限公司,38,223220000,上櫃,居家生活,股票,,消費與零售,內需消費,品牌／通路
5904,5904.TWO,寶雅*,寶雅國際股份有限公司,38,1064438260,上櫃,居家生活,股票,,居家生活,居家生活,待進一步分類
6195,6195.TWO,詩肯,詩肯股份有限公司,38,50192942,上櫃,居家生活,股票,,居家生活,居家生活,待進一步分類
6616,6616.TWO,特昇-KY,特昇國際股份有限公司,38,35478473,上櫃,居家生活,股票,,居家生活,居家生活,待進一步分類
6629,6629.TWO,泰金-KY,泰金投資控股股份有限公司,38,38379563,上櫃,居家生活,股票,,居家生活,居家生活,待進一步分類
6728,6728.TWO,上洋,上洋產業股份有限公司,38,30120000,上櫃,居家生活,股票,,居家生活,居家生活,待進一步分類
6968,6968.TWO,萬達寵物,萬達寵物事業股份有限公司,38,49447333,上櫃,居家生活,股票,,居家生活,居家生活,待進一步分類
7782,7782.TWO,光速火箭,光速火箭股份有限公司,38,23213000,上櫃,居家生活,股票,,居家生活,居家生活,待進一步分類
7794,7794.TWO,宏碁智新,宏碁智新股份有限公司,38,28000000,上櫃,居家生活,股票,,居家生活,居家生活,待進一步分類
8066,8066.TWO,來思達,來思達國際企業股份有限公司,38,36642304,上櫃,居家生活,股票,,居家生活,居家生活,待進一步分類
8433,8433.TWO,弘帆,弘帆股份有限公司,38,54506098,上櫃,居家生活,股票,,居家生活,居家生活,待進一步分類
8941,8941.TWO,關中,關中股份有限公司,38,34972071,上櫃,居家生活,股票,,居家生活,居家生活,待進一步分類
2596,2596.TWO,綠意,綠意開發股份有限公司,14,100000000,上櫃,建材營造,股票,,建材營造,建材營造,待進一步分類
2718,2718.TWO,全心投控,全心投資控股股份有限公司,14,87576000,上櫃,建材營造,股票,,建材營造,建材營造,待進一步分類
3188,3188.TWO,鑫龍騰,鑫龍騰開發股份有限公司,14,188612415,上櫃,建材營造,股票,,建材營造,建材營造,待進一步分類
3313,3313.TWO,斐成,斐成開發科技股份有限公司,14,221133831,上櫃,建材營造,股票,,建材營造,建材營造,待進一步分類
3489,3489.TWO,森寶,森寶開發股份有限公司,14,90452155,上櫃,建材營造,股票,,建材營造,建材營造,待進一步分類
3512,3512.TWO,皇龍,皇龍開發股份有限公司,14,113072372,上櫃,建材營造,股票,,建材營造,建材營造,待進一步分類
3521,3521.TWO,台鋼建設,台鋼建設事業股份有限公司,14,185765552,上櫃,建材營造,股票,,建材營造,建材營造,待進一步分類
4113,4113.TWO,聯上,聯上實業股份有限公司,14,231138137,上櫃,建材營造,股票,,建材營造,建材營造,待進一步分類
4416,4416.TWO,三圓,三圓建設股份有限公司,14,73586213,上櫃,建材營造,股票,,建材營造,建材營造,待進一步分類
4907,4907.TWO,富宇,富宇地產股份有限公司,14,118145778,上櫃,建材營造,股票,,建材營造,建材營造,待進一步分類
5206,5206.TWO,坤悅,坤悅開發股份有限公司,14,180093375,上櫃,建材營造,股票,,建材營造,建材營造,待進一步分類
5213,5213.TWO,亞昕,亞昕國際開發股份有限公司,14,721334326,上櫃,建材營造,股票,,建材營造,建材營造,待進一步分類
5324,5324.TWO,士開,士林開發股份有限公司,14,226379090,上櫃,建材營造,股票,,建材營造,建材營造,待進一步分類
5455,5455.TWO,昇益,昇益開發股份有限公司,14,65501813,上櫃,建材營造,股票,,建材營造,建材營造,待進一步分類
5508,5508.TWO,永信建,永信建設開發股份有限公司,14,217428133,上櫃,建材營造,股票,,建材營造,建材營造,待進一步分類
5511,5511.TWO,德昌,德昌營造股份有限公司,14,136000000,上櫃,建材營造,股票,,建材營造,建材營造,待進一步分類
5512,5512.TWO,力麒,力麒建設股份有限公司,14,766312494,上櫃,建材營造,股票,,建材營造,建材營造,待進一步分類
5514,5514.TWO,三豐,三豐建設股份有限公司,14,236118280,上櫃,建材營造,股票,,建材營造,建材營造,待進一步分類
5516,5516.TWO,雙喜,雙喜營造股份有限公司,14,51545223,上櫃,建材營造,股票,,建材營造,建材營造,待進一步分類
5520,5520.TWO,力泰,力泰建設企業股份有限公司,14,59975245,上櫃,建材營造,股票,,建材營造,建材營造,待進一步分類
5523,5523.TWO,豐謙,豐謙建設股份有限公司,14,155001464,上櫃,建材營造,股票,,建材營造,建材營造,待進一步分類
5529,5529.TWO,鉅陞,鉅陞國際開發股份有限公司,14,105769350,上櫃,建材營造,股票,,建材營造,建材營造,待進一步分類
5543,5543.TWO,桓鼎-KY,桓鼎股份有限公司,14,46703593,上櫃,建材營造,股票,,建材營造,建材營造,待進一步分類
5547,5547.TWO,久舜,久舜營造股份有限公司,14,51000000,上櫃,建材營造,股票,,建材營造,建材營造,待進一步分類
5548,5548.TWO,安倉,安倉營造股份有限公司,14,58529013,上櫃,建材營造,股票,,建材營造,建材營造,待進一步分類
6171,6171.TWO,大城地產,大城地產股份有限公司,14,100000000,上櫃,建材營造,股票,,建材營造,建材營造,待進一步分類
6186,6186.TWO,新潤,新潤興業股份有限公司,14,194907598,上櫃,建材營造,股票,,建材營造,建材營造,待進一步分類
6198,6198.TWO,瑞築,瑞築建設股份有限公司,14,171400350,上櫃,建材營造,股票,,建材營造,建材營造,待進一步分類
6212,6212.TWO,理銘,理銘開發股份有限公司,14,102000000,上櫃,建材營造,股票,,建材營造,建材營造,待進一步分類
6219,6219.TWO,富旺,富旺國際開發股份有限公司,14,124967090,上櫃,建材營造,股票,,建材營造,建材營造,待進一步分類
6264,6264.TWO,富裔,富裔實業股份有限公司,14,136355291,上櫃,建材營造,股票,,建材營造,建材營造,待進一步分類
8080,8080.TWO,泰霖,泰霖事業股份有限公司,14,67163821,上櫃,建材營造,股票,,建材營造,建材營造,待進一步分類
8424,8424.TWO,惠普,惠普股份有限公司,14,36054368,上櫃,建材營造,股票,,建材營造,建材營造,待進一步分類
2640,2640.TWO,大車隊,台灣大車隊股份有限公司,36,59264956,上櫃,數位雲端,股票,,數位雲端,數位雲端,待進一步分類
2949,2949.TWO,欣新網,欣新網股份有限公司,36,30641100,上櫃,數位雲端,股票,,數位雲端,數位雲端,待進一步分類
3085,3085.TWO,新零售,台鋼新零售股份有限公司,36,53581570,上櫃,數位雲端,股票,,數位雲端,數位雲端,待進一步分類
3687,3687.TWO,歐買尬,茂為歐買尬數位科技股份有限公司,36,30060820,上櫃,數位雲端,股票,,數位雲端,數位雲端,待進一步分類
5278,5278.TWO,尚凡*,尚凡國際創新科技股份有限公司,36,300000000,上櫃,數位雲端,股票,,數位雲端,數位雲端,待進一步分類
5287,5287.TWO,數字,數字科技股份有限公司,36,60310550,上櫃,數位雲端,股票,,數位雲端,數位雲端,待進一步分類
5321,5321.TWO,美而快,美而快國際股份有限公司,36,59543149,上櫃,數位雲端,股票,,數位雲端,數位雲端,待進一步分類
6236,6236.TWO,中湛,中湛股份有限公司,36,41654039,上櫃,數位雲端,股票,,數位雲端,數位雲端,待進一步分類
6690,6690.TWO,安碁資訊,安碁資訊股份有限公司,36,29999720,上櫃,數位雲端,股票,,數位雲端,數位雲端,待進一步分類
6741,6741.TWO,91APP*-KY,"91APP, Inc.",36,120577997,上櫃,數位雲端,股票,,數位雲端,數位雲端,待進一步分類
6763,6763.TWO,綠界科技*,綠界科技股份有限公司,36,184039130,上櫃,數位雲端,股票,,數位雲端,數位雲端,待進一步分類
6811,6811.TWO,宏碁資訊,宏碁資訊服務股份有限公司,36,41449000,上櫃,數位雲端,股票,,數位雲端,數位雲端,待進一步分類
6865,6865.TWO,偉康科技,偉康科技股份有限公司,36,15840645,上櫃,數位雲端,股票,,數位雲端,數位雲端,待進一步分類
6870,6870.TWO,騰雲,騰雲科技服務股份有限公司,36,28050562,上櫃,數位雲端,股票,,數位雲端,數位雲端,待進一步分類
6910,6910.TWO,德鴻,德鴻科技股份有限公司,36,30521000,上櫃,數位雲端,股票,,數位雲端,數位雲端,待進一步分類
6925,6925.TWO,意藍,意藍資訊股份有限公司,36,20000300,上櫃,數位雲端,股票,,數位雲端,數位雲端,待進一步分類
6997,6997.TWO,博弘,博弘雲端科技股份有限公司,36,22100500,上櫃,數位雲端,股票,,數位雲端,數位雲端,待進一步分類
7547,7547.TWO,碩網,碩網資訊股份有限公司,36,33628000,上櫃,數位雲端,股票,,數位雲端,數位雲端,待進一步分類
7714,7714.TWO,創泓科技,創泓科技股份有限公司,36,21000000,上櫃,數位雲端,股票,,數位雲端,數位雲端,待進一步分類
7738,7738.TWO,東聯互動,東聯互動股份有限公司,36,27355799,上櫃,數位雲端,股票,,數位雲端,數位雲端,待進一步分類
7747,7747.TWO,昕奇雲端,昕奇雲端科技股份有限公司,36,30168600,上櫃,數位雲端,股票,,數位雲端,數位雲端,待進一步分類
7805,7805.TWO,威聯通,威聯通科技股份有限公司,36,33125101,上櫃,數位雲端,股票,,數位雲端,數位雲端,待進一步分類
7839,7839.TWO,達人網,達人網科技股份有限公司,36,15096025,上櫃,數位雲端,股票,,數位雲端,數位雲端,待進一步分類
8044,8044.TWO,網家,網路家庭國際資訊股份有限公司,36,204768065,上櫃,數位雲端,股票,,數位雲端,數位雲端,待進一步分類
8472,8472.TWO,納維康,納維康生技股份有限公司,36,17735800,上櫃,數位雲端,股票,,數位雲端,數位雲端,待進一步分類
8477,8477.TWO,創業家,創業家數位股份有限公司,36,84170616,上櫃,數位雲端,股票,,數位雲端,數位雲端,待進一步分類
8932,8932.TWO,智通*,智通科創股份有限公司,36,357963284,上櫃,數位雲端,股票,,數位雲端,數位雲端,待進一步分類
2926,2926.TWO,誠品生活,誠品生活股份有限公司,32,47389650,上櫃,文化創意業,股票,,文化創意業,文化創意業,待進一步分類
3064,3064.TWO,泰偉,泰偉電子股份有限公司,32,13011451,上櫃,文化創意業,股票,,文化創意業,文化創意業,待進一步分類
3083,3083.TWO,網龍,中華網龍股份有限公司,32,86486858,上櫃,文化創意業,股票,,文化創意業,文化創意業,待進一步分類
3086,3086.TWO,華義*,華義國際數位娛樂股份有限公司,32,272710510,上櫃,文化創意業,股票,,文化創意業,文化創意業,待進一步分類
3293,3293.TWO,鈊象,鈊象電子股份有限公司,32,281801560,上櫃,文化創意業,股票,,文化創意業,文化創意業,待進一步分類
3546,3546.TWO,宇峻,宇峻奧汀科技股份有限公司,32,61348690,上櫃,文化創意業,股票,,文化創意業,文化創意業,待進一步分類
3629,3629.TWO,地心引力,地心引力股份有限公司,32,32954782,上櫃,文化創意業,股票,,文化創意業,文化創意業,待進一步分類
4806,4806.TWO,桂田文創,桂田文創娛樂股份有限公司,32,69924107,上櫃,文化創意業,股票,,文化創意業,文化創意業,待進一步分類
4946,4946.TWO,辣椒,紅心辣椒娛樂科技股份有限公司,32,8852816,上櫃,文化創意業,股票,,文化創意業,文化創意業,待進一步分類
5263,5263.TWO,智崴,智崴資訊科技股份有限公司,32,73936891,上櫃,文化創意業,股票,,文化創意業,文化創意業,待進一步分類
5478,5478.TWO,智冠,智冠科技股份有限公司,32,156074332,上櫃,文化創意業,股票,,文化創意業,文化創意業,待進一步分類
6101,6101.TWO,寬魚國際,寬魚國際股份有限公司,32,114618371,上櫃,文化創意業,股票,,文化創意業,文化創意業,待進一步分類
6111,6111.TWO,光聚晶電,光聚晶電聯合股份有限公司,32,108511051,上櫃,文化創意業,股票,,文化創意業,文化創意業,待進一步分類
6144,6144.TWO,得利影,得利影視股份有限公司,32,38273701,上櫃,文化創意業,股票,,文化創意業,文化創意業,待進一步分類
6169,6169.TWO,昱泉,昱泉國際股份有限公司,32,23394960,上櫃,文化創意業,股票,,文化創意業,文化創意業,待進一步分類
6180,6180.TWO,橘子,遊戲橘子數位科技股份有限公司,32,175493573,上櫃,文化創意業,股票,,文化創意業,文化創意業,待進一步分類
6294,6294.TWO,智基,智基科技開發股份有限公司,32,26047106,上櫃,文化創意業,股票,,文化創意業,文化創意業,待進一步分類
6482,6482.TWO,弘煜科,弘煜科技事業股份有限公司,32,28634463,上櫃,文化創意業,股票,,文化創意業,文化創意業,待進一步分類
6542,6542.TWO,隆中,隆中網絡股份有限公司,32,42000630,上櫃,文化創意業,股票,,文化創意業,文化創意業,待進一步分類
6596,6596.TWO,寬宏藝術,寬宏藝術經紀股份有限公司,32,38000000,上櫃,文化創意業,股票,,文化創意業,文化創意業,待進一步分類
6856,6856.TWO,鑫傳,鑫傳國際多媒體科技股份有限公司,32,28200000,上櫃,文化創意業,股票,,文化創意業,文化創意業,待進一步分類
7584,7584.TWO,樂意,樂意傳播股份有限公司,32,16462808,上櫃,文化創意業,股票,,文化創意業,文化創意業,待進一步分類
8446,8446.TWO,華研,華研國際音樂股份有限公司,32,52914405,上櫃,文化創意業,股票,,文化創意業,文化創意業,待進一步分類
8450,8450.TWO,霹靂,霹靂國際多媒體股份有限公司,32,51309947,上櫃,文化創意業,股票,,文化創意業,文化創意業,待進一步分類
8923,8923.TWO,時報,時報文化出版企業股份有限公司,32,30375800,上櫃,文化創意業,股票,,文化創意業,文化創意業,待進一步分類
9949,9949.TWO,琉園,琉園股份有限公司,32,44860763,上櫃,文化創意業,股票,,文化創意業,文化創意業,待進一步分類
8908,8908.TWO,欣雄,欣雄天然氣股份有限公司,23,315332742,上櫃,油電燃氣,股票,,油電燃氣,油電燃氣,待進一步分類
8917,8917.TWO,欣泰,欣泰石油氣股份有限公司,23,162652459,上櫃,油電燃氣,股票,,油電燃氣,油電燃氣,待進一步分類
8927,8927.TWO,北基,北基國際股份有限公司,23,419068367,上櫃,油電燃氣,股票,,油電燃氣,油電燃氣,待進一步分類
8931,8931.TWO,大汽電,大園汽電共生股份有限公司,23,122254862,上櫃,油電燃氣,股票,,油電燃氣,油電燃氣,待進一步分類
1565,1565.TWO,精華,精華光學股份有限公司,22,50416516,上櫃,生技醫療,股票,,生技醫療,生技醫療,待進一步分類
1777,1777.TWO,生泰,生泰合成工業股份有限公司,22,44591713,上櫃,生技醫療,股票,,生技醫療,生技醫療,待進一步分類
1781,1781.TWO,合世,合世生醫科技股份有限公司,22,47407605,上櫃,生技醫療,股票,,生技醫療,生技醫療,待進一步分類
1784,1784.TWO,訊聯,訊聯生物科技股份有限公司,22,53121191,上櫃,生技醫療,股票,,生技醫療,生技醫療,待進一步分類
1788,1788.TWO,杏昌,杏昌生技股份有限公司,22,44520971,上櫃,生技醫療,股票,,生技醫療,生技醫療,待進一步分類
1799,1799.TWO,易威,易威生醫科技股份有限公司,22,248775894,上櫃,生技醫療,股票,,生技醫療,生技醫療,待進一步分類
1813,1813.TWO,寶利徠,寶利徠光學科技股份有限公司,22,46635510,上櫃,生技醫療,股票,,生技醫療,生技醫療,待進一步分類
3118,3118.TWO,進階,進階生物科技股份有限公司,22,32452860,上櫃,生技醫療,股票,,生技醫療,生技醫療,待進一步分類
3176,3176.TWO,基亞,基亞生物科技股份有限公司,22,139306755,上櫃,生技醫療,股票,,生技醫療,生技醫療,待進一步分類
3205,3205.TWO,佰研,佰研生化科技股份有限公司,22,67545631,上櫃,生技醫療,股票,,生技醫療,生技醫療,待進一步分類
3218,3218.TWO,大學光,大學光學科技股份有限公司,22,84724899,上櫃,生技醫療,股票,,生技醫療,生技醫療,待進一步分類
4102,4102.TWO,永日,永日化學工業股份有限公司,22,42373443,上櫃,生技醫療,股票,,生技醫療,生技醫療,待進一步分類
4105,4105.TWO,東洋,台灣東洋藥品工業股份有限公司,22,248649959,上櫃,生技醫療,股票,,生技醫療,生技醫療,待進一步分類
4107,4107.TWO,邦特,邦特生物科技股份有限公司,22,69298336,上櫃,生技醫療,股票,,生技醫療,生技醫療,待進一步分類
4109,4109.TWO,加捷生醫,加捷生醫股份有限公司,22,118736681,上櫃,生技醫療,股票,,生技醫療,生技醫療,待進一步分類
4111,4111.TWO,濟生,濟生醫藥生技股份有限公司,22,59832135,上櫃,生技醫療,股票,,生技醫療,生技醫療,待進一步分類
4114,4114.TWO,健喬,健喬信元醫藥生技股份有限公司,22,550429688,上櫃,生技醫療,股票,,生技醫療,生技醫療,待進一步分類
4116,4116.TWO,明基醫,明基三豐醫療器材股份有限公司,22,44566000,上櫃,生技醫療,股票,,生技醫療,生技醫療,待進一步分類
4120,4120.TWO,友華,友華生技醫藥股份有限公司,22,86747119,上櫃,生技醫療,股票,,生技醫療,生技醫療,待進一步分類
4121,4121.TWO,優盛,優盛醫學科技股份有限公司,22,83111045,上櫃,生技醫療,股票,,生技醫療,生技醫療,待進一步分類
4123,4123.TWO,晟德,晟德大藥廠股份有限公司,22,769546234,上櫃,生技醫療,股票,,生技醫療,生技醫療,待進一步分類
4126,4126.TWO,太醫,太平洋醫材股份有限公司,22,72600000,上櫃,生技醫療,股票,,生技醫療,生技醫療,待進一步分類
4127,4127.TWO,天良,天良生物科技企業股份有限公司,22,45760000,上櫃,生技醫療,股票,,生技醫療,生技醫療,待進一步分類
4128,4128.TWO,中天,中天生物科技股份有限公司,22,588170597,上櫃,生技醫療,股票,,生技製藥,新藥／醫療,藥品／醫療產品
4129,4129.TWO,聯合,聯合骨科器材股份有限公司,22,96437650,上櫃,生技醫療,股票,,生技醫療,生技醫療,待進一步分類
4131,4131.TWO,浩泰,浩泰精準股份有限公司,22,39857000,上櫃,生技醫療,股票,,生技醫療,生技醫療,待進一步分類
4138,4138.TWO,曜亞,曜亞國際股份有限公司,22,39930000,上櫃,生技醫療,股票,,生技醫療,生技醫療,待進一步分類
4139,4139.TWO,馬光-KY,馬光保健控股股份有限公司,22,45009911,上櫃,生技醫療,股票,,生技醫療,生技醫療,待進一步分類
4147,4147.TWO,中裕,中裕新藥股份有限公司,22,273202425,上櫃,生技醫療,股票,,生技醫療,生技醫療,待進一步分類
4153,4153.TWO,鈺緯,鈺緯科技開發股份有限公司,22,58668197,上櫃,生技醫療,股票,,生技醫療,生技醫療,待進一步分類
4157,4157.TWO,太景*-KY,太景醫藥研發控股股份有限公司,22,711833575,上櫃,生技醫療,股票,,生技醫療,生技醫療,待進一步分類
4160,4160.TWO,訊聯基因,訊聯基因數位股份有限公司,22,26690334,上櫃,生技醫療,股票,,生技醫療,生技醫療,待進一步分類
4161,4161.TWO,聿新科,聿新生物科技股份有限公司,22,59808204,上櫃,生技醫療,股票,,生技醫療,生技醫療,待進一步分類
4162,4162.TWO,智擎,智擎生技製藥股份有限公司,22,143677640,上櫃,生技醫療,股票,,生技醫療,生技醫療,待進一步分類
4163,4163.TWO,鐿鈦,鐿鈦科技股份有限公司,22,50679643,上櫃,生技醫療,股票,,生技醫療,生技醫療,待進一步分類
4166,4166.TWO,友霖,友霖生技醫藥股份有限公司,22,243035089,上櫃,生技醫療,股票,,生技醫療,生技醫療,待進一步分類
4167,4167.TWO,松瑞藥,松瑞製藥股份有限公司,22,331554307,上櫃,生技醫療,股票,,生技醫療,生技醫療,待進一步分類
4168,4168.TWO,醣聯,台灣醣聯生技醫藥股份有限公司,22,112521318,上櫃,生技醫療,股票,,生技醫療,生技醫療,待進一步分類
4173,4173.TWO,久裕,久裕企業股份有限公司,22,74574355,上櫃,生技醫療,股票,,生技醫療,生技醫療,待進一步分類
4174,4174.TWO,浩鼎,台灣浩鼎生技股份有限公司,22,131579687,上櫃,生技醫療,股票,,生技醫療,生技醫療,待進一步分類
4175,4175.TWO,杏一,杏一醫療用品股份有限公司,22,42323307,上櫃,生技醫療,股票,,生技醫療,生技醫療,待進一步分類
4183,4183.TWO,福永生技,福永生物科技股份有限公司,22,23800000,上櫃,生技醫療,股票,,生技醫療,生技醫療,待進一步分類
4188,4188.TWO,安克,安克生醫股份有限公司,22,63332900,上櫃,生技醫療,股票,,生技醫療,生技醫療,待進一步分類
4192,4192.TWO,杏國,杏國新藥股份有限公司,22,35164500,上櫃,生技醫療,股票,,生技醫療,生技醫療,待進一步分類
4198,4198.TWO,欣大健康,欣大健康投資控股股份有限公司,22,24108000,上櫃,生技醫療,股票,,生技醫療,生技醫療,待進一步分類
4726,4726.TWO,永昕,永昕生物醫藥股份有限公司,22,207041800,上櫃,生技醫療,股票,,生技醫療,生技醫療,待進一步分類
4728,4728.TWO,雙美,雙美生物科技股份有限公司,22,54463000,上櫃,生技醫療,股票,,生技醫療,生技醫療,待進一步分類
4735,4735.TWO,豪展,豪展醫療科技股份有限公司,22,41568758,上櫃,生技醫療,股票,,生技醫療,生技醫療,待進一步分類
4743,4743.TWO,合一,合一生技股份有限公司,22,480533486,上櫃,生技醫療,股票,,生技製藥,新藥／醫療,藥品／醫療產品
4744,4744.TWO,皇將,皇將科技股份有限公司,22,56948450,上櫃,生技醫療,股票,,生技醫療,生技醫療,待進一步分類
4745,4745.TWO,合富-KY,合富醫療控股股份有限公司,22,69705547,上櫃,生技醫療,股票,,生技醫療,生技醫療,待進一步分類
4747,4747.TWO,強生製藥,強生化學製藥廠股份有限公司,22,90922064,上櫃,生技醫療,股票,,生技醫療,生技醫療,待進一步分類
4905,4905.TWO,台聯電,台聯電訊股份有限公司,22,29260044,上櫃,生技醫療,股票,,生技醫療,生技醫療,待進一步分類
4911,4911.TWO,德英,德英生物科技股份有限公司,22,63719568,上櫃,生技醫療,股票,,生技醫療,生技醫療,待進一步分類
5312,5312.TWO,寶島科,寶島光學科技股份有限公司,22,60059898,上櫃,生技醫療,股票,,生技醫療,生技醫療,待進一步分類
6130,6130.TWO,上亞科技,上亞科技股份有限公司,22,46300000,上櫃,生技醫療,股票,,生技醫療,生技醫療,待進一步分類
6242,6242.TWO,立康,立康生醫事業股份有限公司,22,31806500,上櫃,生技醫療,股票,,生技醫療,生技醫療,待進一步分類
6461,6461.TWO,益得,益得生物科技股份有限公司,22,110324527,上櫃,生技醫療,股票,,生技醫療,生技醫療,待進一步分類
6469,6469.TWO,大樹,大樹醫藥股份有限公司,22,150053202,上櫃,生技醫療,股票,,生技醫療,生技醫療,待進一步分類
6492,6492.TWO,生華科,生華生物科技股份有限公司,22,89903620,上櫃,生技醫療,股票,,生技醫療,生技醫療,待進一步分類
6496,6496.TWO,科懋,科懋生物科技股份有限公司,22,47290220,上櫃,生技醫療,股票,,生技醫療,生技醫療,待進一步分類
6499,6499.TWO,益安,益安生醫股份有限公司,22,96944893,上櫃,生技醫療,股票,,生技醫療,生技醫療,待進一步分類
6523,6523.TWO,達爾膚,達爾膚生醫科技股份有限公司,22,45047625,上櫃,生技醫療,股票,,生技醫療,生技醫療,待進一步分類
6527,6527.TWO,明達醫,明達醫學科技股份有限公司,22,25458550,上櫃,生技醫療,股票,,生技醫療,生技醫療,待進一步分類
6535,6535.TWO,順藥,順天醫藥生技股份有限公司,22,167840825,上櫃,生技醫療,股票,,生技醫療,生技醫療,待進一步分類
6547,6547.TWO,高端疫苗,高端疫苗生物製劑股份有限公司,22,328749050,上櫃,生技醫療,股票,,生技製藥,新藥／醫療,藥品／醫療產品
6569,6569.TWO,醫揚,醫揚科技股份有限公司,22,39070745,上櫃,生技醫療,股票,,生技醫療,生技醫療,待進一步分類
6574,6574.TWO,霈方,霈方國際股份有限公司,22,21990000,上櫃,生技醫療,股票,,生技醫療,生技醫療,待進一步分類
6576,6576.TWO,逸達,逸達生物科技股份有限公司,22,157540541,上櫃,生技醫療,股票,,生技醫療,生技醫療,待進一步分類
6612,6612.TWO,奈米醫材,應用奈米醫材科技股份有限公司,22,47514584,上櫃,生技醫療,股票,,生技醫療,生技醫療,待進一步分類
6615,6615.TWO,慧智,慧智基因股份有限公司,22,21593400,上櫃,生技醫療,股票,,生技醫療,生技醫療,待進一步分類
6617,6617.TWO,共信-KY,共信醫藥科技控股股份有限公司,22,127506100,上櫃,生技醫療,股票,,生技醫療,生技醫療,待進一步分類
6620,6620.TWO,漢達,漢達生技醫藥股份有限公司,22,165981900,上櫃,生技醫療,股票,,生技醫療,生技醫療,待進一步分類
6637,6637.TWO,醫影,醫影股份有限公司,22,26810000,上櫃,生技醫療,股票,,生技醫療,生技醫療,待進一步分類
6649,6649.TWO,台生材,台灣生醫材料股份有限公司,22,42000000,上櫃,生技醫療,股票,,生技醫療,生技醫療,待進一步分類
6661,6661.TWO,威健生技,威健股份有限公司,22,23304248,上櫃,生技醫療,股票,,生技醫療,生技醫療,待進一步分類
6662,6662.TWO,樂斯科,樂斯科生物科技股份有限公司,22,25612400,上櫃,生技醫療,股票,,生技醫療,生技醫療,待進一步分類
6703,6703.TWO,軒郁,軒郁國際股份有限公司,22,36257210,上櫃,生技醫療,股票,,生技醫療,生技醫療,待進一步分類
6712,6712.TWO,長聖,長聖國際生技股份有限公司,22,100488861,上櫃,生技醫療,股票,,生技醫療,生技醫療,待進一步分類
6730,6730.TWO,常廣,常廣股份有限公司,22,36298151,上櫃,生技醫療,股票,,生技醫療,生技醫療,待進一步分類
6733,6733.TWO,博晟生醫,博晟生醫股份有限公司,22,134316026,上櫃,生技醫療,股票,,生技醫療,生技醫療,待進一步分類
6762,6762.TWO,達亞,達亞國際股份有限公司,22,36930288,上櫃,生技醫療,股票,,生技醫療,生技醫療,待進一步分類
6767,6767.TWO,台微醫,台灣微創醫療器材股份有限公司,22,39183630,上櫃,生技醫療,股票,,生技醫療,生技醫療,待進一步分類
6785,6785.TWO,昱展新藥,昱展新藥生技股份有限公司,22,66800000,上櫃,生技醫療,股票,,生技醫療,生技醫療,待進一步分類
6841,6841.TWO,長佳智能,長佳智能股份有限公司,22,95223000,上櫃,生技醫療,股票,,生技醫療,生技醫療,待進一步分類
6844,6844.TWO,諾貝兒,諾貝兒寶貝股份有限公司,22,37428440,上櫃,生技醫療,股票,,生技醫療,生技醫療,待進一步分類
6872,6872.TWO,浩宇生醫,浩宇生醫股份有限公司,22,70750511,上櫃,生技醫療,股票,,生技醫療,生技醫療,待進一步分類
6875,6875.TWO,國邑*,國邑藥品科技股份有限公司,22,129182804,上櫃,生技醫療,股票,,生技醫療,生技醫療,待進一步分類
6929,6929.TWO,佑全,佑全藥品股份有限公司,22,45090000,上櫃,生技醫療,股票,,生技醫療,生技醫療,待進一步分類
6945,6945.TWO,圓祥生技,圓祥生技股份有限公司,22,96993410,上櫃,生技醫療,股票,,生技醫療,生技醫療,待進一步分類
6986,6986.TWO,和迅,和迅生命科學股份有限公司,22,52134000,上櫃,生技醫療,股票,,生技醫療,生技醫療,待進一步分類
7713,7713.TWO,威力德生醫,威力德生醫股份有限公司,22,45478843,上櫃,生技醫療,股票,,生技醫療,生技醫療,待進一步分類
7814,7814.TWO,海昌生技,海昌生化科技股份有限公司,22,45000000,上櫃,生技醫療,股票,,生技醫療,生技醫療,待進一步分類
8279,8279.TWO,生展,生展生物科技股份有限公司,22,27100851,上櫃,生技醫療,股票,,生技醫療,生技醫療,待進一步分類
8403,8403.TWO,盛弘,盛弘醫藥股份有限公司,22,137640343,上櫃,生技醫療,股票,,生技醫療,生技醫療,待進一步分類
8409,8409.TWO,商之器,商之器科技股份有限公司,22,32000000,上櫃,生技醫療,股票,,生技醫療,生技醫療,待進一步分類
8432,8432.TWO,東生華,東生華製藥股份有限公司,22,38398140,上櫃,生技醫療,股票,,生技醫療,生技醫療,待進一步分類
8436,8436.TWO,大江,大江生醫股份有限公司,22,117728830,上櫃,生技醫療,股票,,生技醫療,生技醫療,待進一步分類
4401,4401.TWO,東隆興,東隆興業股份有限公司,04,122692012,上櫃,紡織纖維,股票,,紡織纖維,紡織纖維,待進一步分類
4402,4402.TWO,郡都開發,郡都開發股份有限公司,04,67991830,上櫃,紡織纖維,股票,,紡織纖維,紡織纖維,待進一步分類
4406,4406.TWO,新昕纖,新昕纖維股份有限公司,04,51912000,上櫃,紡織纖維,股票,,紡織纖維,紡織纖維,待進一步分類
4413,4413.TWO,飛寶企業,飛寶企業股份有限公司,04,31314689,上櫃,紡織纖維,股票,,紡織纖維,紡織纖維,待進一步分類
4417,4417.TWO,金洲,金洲海洋科技股份有限公司,04,83971399,上櫃,紡織纖維,股票,,紡織纖維,紡織纖維,待進一步分類
4420,4420.TWO,光明,光明絲織廠股份有限公司,04,40455000,上櫃,紡織纖維,股票,,紡織纖維,紡織纖維,待進一步分類
4432,4432.TWO,銘旺實,銘旺實業股份有限公司,04,50589000,上櫃,紡織纖維,股票,,紡織纖維,紡織纖維,待進一步分類
4433,4433.TWO,興采,興采實業股份有限公司,04,61299774,上櫃,紡織纖維,股票,,紡織纖維,紡織纖維,待進一步分類
4442,4442.TWO,竣邦-KY,開曼群島商竣邦國際股份有限公司,04,32739154,上櫃,紡織纖維,股票,,紡織纖維,紡織纖維,待進一步分類
6506,6506.TWO,雙邦,雙邦實業股份有限公司,04,82360826,上櫃,紡織纖維,股票,,紡織纖維,紡織纖維,待進一步分類
3073,3073.TWO,天方能源,天方能源科技股份有限公司,35,39511028,上櫃,綠能環保,股票,,綠能環保,綠能環保,待進一步分類
3551,3551.TWO,世禾,世禾科技股份有限公司,35,62274890,上櫃,綠能環保,股票,,綠能環保,綠能環保,待進一步分類
3713,3713.TWO,新晶投控,新晶投資控股股份有限公司,35,88099380,上櫃,綠能環保,股票,,綠能環保,綠能環保,待進一步分類
4924,4924.TWO,欣厚-KY,欣厚科技股份有限公司,35,37164409,上櫃,綠能環保,股票,,綠能環保,綠能環保,待進一步分類
5205,5205.TWO,中茂,中茂能資系統整合科技(股)公司,35,13500000,上櫃,綠能環保,股票,,綠能環保,綠能環保,待進一步分類
5432,5432.TWO,新門,新門科技股份有限公司,35,20687804,上櫃,綠能環保,股票,,綠能環保,綠能環保,待進一步分類
6624,6624.TWO,萬年清,萬年清環境工程股份有限公司,35,22579482,上櫃,綠能環保,股票,,綠能環保,綠能環保,待進一步分類
6692,6692.TWO,進能服,進金生能源服務股份有限公司,35,58843890,上櫃,綠能環保,股票,,綠能環保,綠能環保,待進一步分類
6803,6803.TWO,崑鼎,崑鼎綠能環保股份有限公司,35,72794385,上櫃,綠能環保,股票,,綠能環保,綠能環保,待進一步分類
6894,6894.TWO,衛司特,衛司特科技股份有限公司,35,23800000,上櫃,綠能環保,股票,,綠能環保,綠能環保,待進一步分類
6971,6971.TWO,惠民實業,惠民實業股份有限公司,35,38668000,上櫃,綠能環保,股票,,綠能環保,綠能環保,待進一步分類
7715,7715.TWO,裕山,裕山環境工程股份有限公司,35,32756500,上櫃,綠能環保,股票,,綠能環保,綠能環保,待進一步分類
7820,7820.TWO,立盈,立盈環保科技股份有限公司,35,37768096,上櫃,綠能環保,股票,,綠能環保,綠能環保,待進一步分類
7842,7842.TWO,天能綠電,天能綠電股份有限公司,35,18250000,上櫃,綠能環保,股票,,綠能環保,綠能環保,待進一步分類
8087,8087.TWO,麗升能源,麗升能源科技股份有限公司,35,38646042,上櫃,綠能環保,股票,,綠能環保,綠能環保,待進一步分類
8171,8171.TWO,天宇,天宇工業股份有限公司,35,112853326,上櫃,綠能環保,股票,,綠能環保,綠能環保,待進一步分類
8390,8390.TWO,金益鼎,金益鼎企業股份有限公司,35,96116128,上櫃,綠能環保,股票,,綠能環保,綠能環保,待進一步分類
8423,8423.TWO,保綠-KY,保綠資源股份有限公司,35,41714030,上櫃,綠能環保,股票,,綠能環保,綠能環保,待進一步分類
8440,8440.TWO,綠電,綠電再生股份有限公司,35,50255299,上櫃,綠能環保,股票,,綠能環保,綠能環保,待進一步分類
2641,2641.TWO,正德,正德海運股份有限公司,15,330333744,上櫃,航運業,股票,,航運業,航運業,待進一步分類
2643,2643.TWO,捷迅,捷迅股份有限公司,15,35000000,上櫃,航運業,股票,,航運業,航運業,待進一步分類
5601,5601.TWO,台聯櫃,臺聯貨櫃通運股份有限公司,15,64800000,上櫃,航運業,股票,,航運業,航運業,待進一步分類
5603,5603.TWO,陸海,陸海股份有限公司,15,104876607,上櫃,航運業,股票,,航運業,航運業,待進一步分類
5609,5609.TWO,中菲行,中菲行國際物流股份有限公司,15,142884000,上櫃,航運業,股票,,航運業,航運業,待進一步分類
7716,7716.TWO,昱臺國際,昱臺國際股份有限公司,15,22500000,上櫃,航運業,股票,,航運業,航運業,待進一步分類
1259,1259.TWO,安心,安心食品服務股份有限公司,16,32389500,上櫃,觀光餐旅,股票,,觀光餐旅,觀光餐旅,待進一步分類
1268,1268.TWO,漢來美食,漢來美食股份有限公司,16,42223730,上櫃,觀光餐旅,股票,,觀光餐旅,觀光餐旅,待進一步分類
2719,2719.TWO,燦星旅,台鋼燦星國際旅行社股份有限公司,16,69182500,上櫃,觀光餐旅,股票,,觀光餐旅,觀光餐旅,待進一步分類
2726,2726.TWO,雅茗-KY,雅茗天地股份有限公司,16,37922454,上櫃,觀光餐旅,股票,,觀光餐旅,觀光餐旅,待進一步分類
2729,2729.TWO,瓦城,瓦城泰統股份有限公司,16,43040783,上櫃,觀光餐旅,股票,,觀光餐旅,觀光餐旅,待進一步分類
2732,2732.TWO,六角,六角國際事業股份有限公司,16,46518570,上櫃,觀光餐旅,股票,,觀光餐旅,觀光餐旅,待進一步分類
2734,2734.TWO,易飛網,易飛網國際旅行社股份有限公司,16,57259760,上櫃,觀光餐旅,股票,,觀光餐旅,觀光餐旅,待進一步分類
2736,2736.TWO,富野,富野大飯店股份有限公司,16,79972230,上櫃,觀光餐旅,股票,,觀光餐旅,觀光餐旅,待進一步分類
2740,2740.TWO,華軒,華軒地產股份有限公司,16,16762016,上櫃,觀光餐旅,股票,,觀光餐旅,觀光餐旅,待進一步分類
2743,2743.TWO,山富,山富國際旅行社股份有限公司,16,46815210,上櫃,觀光餐旅,股票,,觀光餐旅,觀光餐旅,待進一步分類
2745,2745.TWO,五福,五福旅行社股份有限公司,16,33808526,上櫃,觀光餐旅,股票,,觀光餐旅,觀光餐旅,待進一步分類
2751,2751.TWO,王座,王座國際餐飲股份有限公司,16,19811250,上櫃,觀光餐旅,股票,,觀光餐旅,觀光餐旅,待進一步分類
2752,2752.TWO,豆府,豆府股份有限公司,16,26693861,上櫃,觀光餐旅,股票,,觀光餐旅,觀光餐旅,待進一步分類
2754,2754.TWO,亞洲藏壽司,亞洲藏壽司股份有限公司,16,46867000,上櫃,觀光餐旅,股票,,觀光餐旅,觀光餐旅,待進一步分類
2755,2755.TWO,揚秦,揚秦國際企業股份有限公司,16,46626404,上櫃,觀光餐旅,股票,,觀光餐旅,觀光餐旅,待進一步分類
2756,2756.TWO,聯發國際,聯發國際餐飲事業股份有限公司,16,24597584,上櫃,觀光餐旅,股票,,觀光餐旅,觀光餐旅,待進一步分類
3252,3252.TWO,海灣,海灣國際開發(股)公司,16,50195754,上櫃,觀光餐旅,股票,,觀光餐旅,觀光餐旅,待進一步分類
3522,3522.TWO,御嵿,御嵿國際股份有限公司,16,104096209,上櫃,觀光餐旅,股票,,觀光餐旅,觀光餐旅,待進一步分類
4419,4419.TWO,皇家美食,皇家國際美食股份有限公司,16,169163133,上櫃,觀光餐旅,股票,,觀光餐旅,觀光餐旅,待進一步分類
4530,4530.TWO,天意能創,天意能創股份有限公司,16,35794959,上櫃,觀光餐旅,股票,,觀光餐旅,觀光餐旅,待進一步分類
4804,4804.TWO,大略-KY,大略國際控股有限公司,16,71991920,上櫃,觀光餐旅,股票,,觀光餐旅,觀光餐旅,待進一步分類
5301,5301.TWO,寶得利,寶得利國際股份有限公司,16,53928846,上櫃,觀光餐旅,股票,,觀光餐旅,觀光餐旅,待進一步分類
5364,5364.TWO,力麗店,力麗觀光開發股份有限公司,16,63849940,上櫃,觀光餐旅,股票,,觀光餐旅,觀光餐旅,待進一步分類
5701,5701.TWO,劍湖山,劍湖山世界股份有限公司,16,143000000,上櫃,觀光餐旅,股票,,觀光餐旅,觀光餐旅,待進一步分類
5703,5703.TWO,亞都麗緻,亞都麗緻大飯店股份有限公司,16,70239594,上櫃,觀光餐旅,股票,,觀光餐旅,觀光餐旅,待進一步分類
5704,5704.TWO,老爺知,知本老爺大酒店股份有限公司,16,58861658,上櫃,觀光餐旅,股票,,觀光餐旅,觀光餐旅,待進一步分類
5905,5905.TWO,南仁湖,南仁湖育樂股份有限公司,16,281623235,上櫃,觀光餐旅,股票,,觀光餐旅,觀光餐旅,待進一步分類
6961,6961.TWO,旅天下,旅天下聯合國際旅行社(股)公司,16,26834000,上櫃,觀光餐旅,股票,,觀光餐旅,觀光餐旅,待進一步分類
7708,7708.TWO,全家餐飲,全家國際餐飲股份有限公司,16,25500000,上櫃,觀光餐旅,股票,,觀光餐旅,觀光餐旅,待進一步分類
7723,7723.TWO,築間,築間餐飲事業股份有限公司,16,49619550,上櫃,觀光餐旅,股票,,觀光餐旅,觀光餐旅,待進一步分類
7757,7757.TWO,金色三麥,金色三麥餐飲股份有限公司,16,24100000,上櫃,觀光餐旅,股票,,觀光餐旅,觀光餐旅,待進一步分類
8077,8077.TWO,洛碁,洛碁實業股份有限公司,16,21945669,上櫃,觀光餐旅,股票,,觀光餐旅,觀光餐旅,待進一步分類
3147,3147.TWO,大綜,大綜電腦系統股份有限公司,30,43686831,上櫃,資訊服務業,股票,,資訊服務業,資訊服務業,待進一步分類
3158,3158.TWO,嘉實,嘉實資訊股份有限公司,30,30478425,上櫃,資訊服務業,股票,,資訊服務業,資訊服務業,待進一步分類
3570,3570.TWO,大塚,大塚資訊科技股份有限公司,30,17097000,上櫃,資訊服務業,股票,,資訊服務業,資訊服務業,待進一步分類
4953,4953.TWO,緯致,緯致科技股份有限公司,30,73147014,上櫃,資訊服務業,股票,,資訊服務業,資訊服務業,待進一步分類
5201,5201.TWO,凱衛,凱衛資訊股份有限公司,30,38674600,上櫃,資訊服務業,股票,,資訊服務業,資訊服務業,待進一步分類
5202,5202.TWO,力新,力新國際科技股份有限公司,30,89094000,上櫃,資訊服務業,股票,,資訊服務業,資訊服務業,待進一步分類
5210,5210.TWO,寶碩,寶碩財務科技股份有限公司,30,82177779,上櫃,資訊服務業,股票,,資訊服務業,資訊服務業,待進一步分類
5211,5211.TWO,蒙恬,蒙恬科技股份有限公司,30,32024727,上櫃,資訊服務業,股票,,資訊服務業,資訊服務業,待進一步分類
5212,5212.TWO,凌網,凌網科技股份有限公司,30,34633000,上櫃,資訊服務業,股票,,資訊服務業,資訊服務業,待進一步分類
5310,5310.TWO,天剛,天剛資訊股份有限公司,30,28943517,上櫃,資訊服務業,股票,,資訊服務業,資訊服務業,待進一步分類
5403,5403.TWO,中菲,中菲電腦股份有限公司,30,78176123,上櫃,資訊服務業,股票,,資訊服務業,資訊服務業,待進一步分類
5410,5410.TWO,國眾,國眾電腦股份有限公司,30,93368623,上櫃,資訊服務業,股票,,資訊服務業,資訊服務業,待進一步分類
6123,6123.TWO,上奇,上奇科技股份有限公司,30,62089430,上櫃,資訊服務業,股票,,資訊服務業,資訊服務業,待進一步分類
6140,6140.TWO,訊達電腦,訊達電腦股份有限公司,30,54897760,上櫃,資訊服務業,股票,,資訊服務業,資訊服務業,待進一步分類
6148,6148.TWO,驊宏資,驊宏資通股份有限公司,30,46603757,上櫃,資訊服務業,股票,,資訊服務業,資訊服務業,待進一步分類
6163,6163.TWO,華電網,華電聯網股份有限公司,30,148838747,上櫃,資訊服務業,股票,,資訊服務業,資訊服務業,待進一步分類
6221,6221.TWO,晉泰,晉泰科技股份有限公司,30,168591206,上櫃,資訊服務業,股票,,資訊服務業,資訊服務業,待進一步分類
6231,6231.TWO,系微,系微股份有限公司,30,45652186,上櫃,資訊服務業,股票,,資訊服務業,資訊服務業,待進一步分類
6240,6240.TWO,松崗,松崗國際興業股份有限公司,30,22867370,上櫃,資訊服務業,股票,,資訊服務業,資訊服務業,待進一步分類
6516,6516.TWO,勤崴國際,勤崴國際科技股份有限公司,30,56336935,上櫃,資訊服務業,股票,,資訊服務業,資訊服務業,待進一步分類
6590,6590.TWO,普鴻,普鴻資訊股份有限公司,30,24952437,上櫃,資訊服務業,股票,,資訊服務業,資訊服務業,待進一步分類
6593,6593.TWO,台灣銘板,台灣銘板股份有限公司,30,31856609,上櫃,資訊服務業,股票,,資訊服務業,資訊服務業,待進一步分類
6697,6697.TWO,東捷資訊,東捷資訊服務股份有限公司,30,27323364,上櫃,資訊服務業,股票,,資訊服務業,資訊服務業,待進一步分類
6751,6751.TWO,智聯服務,智聯服務股份有限公司,30,22200000,上櫃,資訊服務業,股票,,資訊服務業,資訊服務業,待進一步分類
6752,6752.TWO,叡揚,叡揚資訊股份有限公司,30,37144147,上櫃,資訊服務業,股票,,資訊服務業,資訊服務業,待進一步分類
6791,6791.TWO,虎門科技,虎門科技股份有限公司,30,20847000,上櫃,資訊服務業,股票,,資訊服務業,資訊服務業,待進一步分類
6874,6874.TWO,倍力,倍力資訊股份有限公司,30,22000000,上櫃,資訊服務業,股票,,資訊服務業,資訊服務業,待進一步分類
6884,6884.TWO,海柏特,海柏特股份有限公司,30,18390000,上櫃,資訊服務業,股票,,資訊服務業,資訊服務業,待進一步分類
7767,7767.TWO,仁大資訊,仁大資訊股份有限公司,30,30100000,上櫃,資訊服務業,股票,,資訊服務業,資訊服務業,待進一步分類
7819,7819.TWO,精誠金融,精誠金融科技股份有限公司,30,25263500,上櫃,資訊服務業,股票,,資訊服務業,資訊服務業,待進一步分類
8099,8099.TWO,大世科,大同世界科技股份有限公司,30,100072800,上櫃,資訊服務業,股票,,資訊服務業,資訊服務業,待進一步分類
8272,8272.TWO,全景軟體,全景軟體股份有限公司,30,18997755,上櫃,資訊服務業,股票,,資訊服務業,資訊服務業,待進一步分類
8284,8284.TWO,三竹,三竹資訊股份有限公司,30,47303000,上櫃,資訊服務業,股票,,資訊服務業,資訊服務業,待進一步分類
8416,8416.TWO,實威,實威國際股份有限公司,30,28210710,上櫃,資訊服務業,股票,,資訊服務業,資訊服務業,待進一步分類
1240,1240.TWO,茂生農經,茂生農經股份有限公司,33,44232373,上櫃,農業科技,股票,,農業科技,農業科技,待進一步分類
4171,4171.TWO,瑞基,瑞基海洋生物科技股份有限公司,33,58057469,上櫃,農業科技,股票,,農業科技,農業科技,待進一步分類
6508,6508.TWO,惠光,惠光股份有限公司,33,86538864,上櫃,農業科技,股票,,農業科技,農業科技,待進一步分類
6578,6578.TWO,達邦蛋白,達邦蛋白生技股份有限公司,33,71941901,上櫃,農業科技,股票,,農業科技,農業科技,待進一步分類
3081,3081.TWO,聯亞,聯亞光電工業股份有限公司,27,101769004,上櫃,通信網路業,股票,,光學與光通訊,矽光子／高速光通訊,光學元件／模組
3095,3095.TWO,及成,及成企業股份有限公司,27,10000000,上櫃,通信網路業,股票,,通信網路業,通信網路業,待進一步分類
3152,3152.TWO,璟德,璟德電子工業股份有限公司,27,39016200,上櫃,通信網路業,股票,,通信網路業,通信網路業,待進一步分類
3163,3163.TWO,波若威,波若威科技股份有限公司,27,94635370,上櫃,通信網路業,股票,,通信網路業,通信網路業,待進一步分類
3221,3221.TWO,台嘉碩,台灣嘉碩科技股份有限公司,27,104989210,上櫃,通信網路業,股票,,通信網路業,通信網路業,待進一步分類
3234,3234.TWO,光環,光環科技股份有限公司,27,111474692,上櫃,通信網路業,股票,,通信網路業,通信網路業,待進一步分類
3306,3306.TWO,鼎天,鼎天國際股份有限公司,27,50607702,上櫃,通信網路業,股票,,通信網路業,通信網路業,待進一步分類
3363,3363.TWO,上詮,上詮光纖通信股份有限公司,27,113640567,上櫃,通信網路業,股票,,光學與光通訊,矽光子／高速光通訊,光學元件／模組
3466,3466.TWO,德晉,德晉科技股份有限公司,27,77892073,上櫃,通信網路業,股票,,通信網路業,通信網路業,待進一步分類
3491,3491.TWO,昇達科,昇達科技股份有限公司,27,68805125,上櫃,通信網路業,股票,,通信網路業,通信網路業,待進一步分類
3499,3499.TWO,環天科,環天世通科技股份有限公司,27,54970596,上櫃,通信網路業,股票,,通信網路業,通信網路業,待進一步分類
3558,3558.TWO,神準,神準科技股份有限公司,27,59060881,上櫃,通信網路業,股票,,通信網路業,通信網路業,待進一步分類
3564,3564.TWO,其陽,其陽科技股份有限公司,27,59123100,上櫃,通信網路業,股票,,通信網路業,通信網路業,待進一步分類
3632,3632.TWO,研勤,研勤科技股份有限公司,27,22000000,上櫃,通信網路業,股票,,通信網路業,通信網路業,待進一步分類
3664,3664.TWO,安瑞-KY,安瑞科技股份有限公司,27,75945377,上櫃,通信網路業,股票,,通信網路業,通信網路業,待進一步分類
3672,3672.TWO,康聯訊,康聯訊科技股份有限公司,27,40790375,上櫃,通信網路業,股票,,通信網路業,通信網路業,待進一步分類
3684,3684.TWO,榮昌,榮昌科技股份有限公司,27,30304737,上櫃,通信網路業,股票,,通信網路業,通信網路業,待進一步分類
4903,4903.TWO,聯光通,聯合光纖通信股份有限公司,27,105343714,上櫃,通信網路業,股票,,通信網路業,通信網路業,待進一步分類
4908,4908.TWO,前鼎,前鼎光電股份有限公司,27,78216907,上櫃,通信網路業,股票,,通信網路業,通信網路業,待進一步分類
4909,4909.TWO,新復興,新復興微波通訊股份有限公司,27,93356864,上櫃,通信網路業,股票,,通信網路業,通信網路業,待進一步分類
4979,4979.TWO,華星光,華星光通科技股份有限公司,27,142359284,上櫃,通信網路業,股票,,網通與高速傳輸,AI 網路基礎建設,交換器／高速傳輸
5353,5353.TWO,台林,台林電通股份有限公司,27,75765000,上櫃,通信網路業,股票,,通信網路業,通信網路業,待進一步分類
6109,6109.TWO,亞元,亞元科技股份有限公司,27,87825414,上櫃,通信網路業,股票,,通信網路業,通信網路業,待進一步分類
6143,6143.TWO,振曜,振曜科技股份有限公司,27,86058897,上櫃,通信網路業,股票,,通信網路業,通信網路業,待進一步分類
6170,6170.TWO,統振,統振股份有限公司,27,97260038,上櫃,通信網路業,股票,,通信網路業,通信網路業,待進一步分類
6190,6190.TWO,萬泰科,萬泰科技股份有限公司,27,186522441,上櫃,通信網路業,股票,,通信網路業,通信網路業,待進一步分類
6218,6218.TWO,豪勉,豪勉科技股份有限公司,27,64262000,上櫃,通信網路業,股票,,通信網路業,通信網路業,待進一步分類
6241,6241.TWO,鑫永洋,鑫永洋科技股份有限公司,27,45533670,上櫃,通信網路業,股票,,通信網路業,通信網路業,待進一步分類
6245,6245.TWO,立端,立端科技股份有限公司,27,146608303,上櫃,通信網路業,股票,,通信網路業,通信網路業,待進一步分類
6263,6263.TWO,普萊德,普萊德科技股份有限公司,27,62500964,上櫃,通信網路業,股票,,通信網路業,通信網路業,待進一步分類
6417,6417.TWO,韋僑,韋僑科技股份有限公司,27,42274000,上櫃,通信網路業,股票,,通信網路業,通信網路業,待進一步分類
6465,6465.TWO,威潤,威潤科技股份有限公司,27,59073685,上櫃,通信網路業,股票,,通信網路業,通信網路業,待進一步分類
6470,6470.TWO,宇智,宇智網通股份有限公司,27,37694100,上櫃,通信網路業,股票,,通信網路業,通信網路業,待進一步分類
6486,6486.TWO,互動,互動國際數位股份有限公司,27,50893286,上櫃,通信網路業,股票,,通信網路業,通信網路業,待進一步分類
6530,6530.TWO,創威,創威光電股份有限公司,27,33750000,上櫃,通信網路業,股票,,通信網路業,通信網路業,待進一步分類
6546,6546.TWO,正基,正基科技股份有限公司,27,66848449,上櫃,通信網路業,股票,,通信網路業,通信網路業,待進一步分類
6561,6561.TWO,是方,是方電訊股份有限公司,27,77958370,上櫃,通信網路業,股票,,通信網路業,通信網路業,待進一步分類
6588,6588.TWO,東典光電,東典光電科技股份有限公司,27,34700825,上櫃,通信網路業,股票,,通信網路業,通信網路業,待進一步分類
7717,7717.TWO,萊德光電-KY,英屬開曼群島商萊德光電(股)公司,27,24831518,上櫃,通信網路業,股票,,通信網路業,通信網路業,待進一步分類
8034,8034.TWO,榮群,榮群電訊股份有限公司,27,56586353,上櫃,通信網路業,股票,,通信網路業,通信網路業,待進一步分類
8048,8048.TWO,德勝,德勝科技股份有限公司,27,59436924,上櫃,通信網路業,股票,,通信網路業,通信網路業,待進一步分類
8059,8059.TWO,凱碩,凱碩科技股份有限公司,27,116466300,上櫃,通信網路業,股票,,通信網路業,通信網路業,待進一步分類
8089,8089.TWO,康全電訊,康全電訊股份有限公司,27,65998718,上櫃,通信網路業,股票,,通信網路業,通信網路業,待進一步分類
8097,8097.TWO,常珵,常珵科技股份有限公司,27,63802468,上櫃,通信網路業,股票,,通信網路業,通信網路業,待進一步分類
8176,8176.TWO,智捷,智捷科技股份有限公司,27,71701000,上櫃,通信網路業,股票,,通信網路業,通信網路業,待進一步分類
1593,1593.TWO,祺驊,祺驊股份有限公司,37,39784772,上櫃,運動休閒,股票,,運動休閒,運動休閒,待進一步分類
5348,5348.TWO,正能量智能,正能量智能股份有限公司,37,14775917,上櫃,運動休閒,股票,,運動休閒,運動休閒,待進一步分類
6804,6804.TWO,明係,明係事業股份有限公司,37,47500000,上櫃,運動休閒,股票,,運動休閒,運動休閒,待進一步分類
7811,7811.TWO,民盛,民盛應用企業股份有限公司,37,33377000,上櫃,運動休閒,股票,,運動休閒,運動休閒,待進一步分類
8924,8924.TWO,大田,大田精密工業股份有限公司,37,83800000,上櫃,運動休閒,股票,,運動休閒,運動休閒,待進一步分類
8928,8928.TWO,鉅明,鉅明股份有限公司,37,50854015,上櫃,運動休閒,股票,,運動休閒,運動休閒,待進一步分類
8933,8933.TWO,愛地雅,愛地雅工業股份有限公司,37,326724305,上櫃,運動休閒,股票,,運動休閒,運動休閒,待進一步分類
8938,8938.TWO,明安,明安國際企業股份有限公司,37,156986490,上櫃,運動休閒,股票,,運動休閒,運動休閒,待進一步分類
9960,9960.TWO,邁達康,邁達康網路事業股份有限公司,37,33592500,上櫃,運動休閒,股票,,運動休閒,運動休閒,待進一步分類
5864,5864.TWO,致和證,致和證券股份有限公司,17,504490084,上櫃,金融保險,股票,,金融保險,金融保險,待進一步分類
5878,5878.TWO,台名,台名保險經紀人股份有限公司,17,25024303,上櫃,金融保險,股票,,金融保險,金融保險,待進一步分類
6015,6015.TWO,宏遠證,宏遠證券股份有限公司,17,403614082,上櫃,金融保險,股票,,金融保險,金融保險,待進一步分類
6016,6016.TWO,康和證,康和綜合證券股份有限公司,17,772419946,上櫃,金融保險,股票,,金融保險,金融保險,待進一步分類
6020,6020.TWO,大展證,大展證券股份有限公司,17,252353154,上櫃,金融保險,股票,,金融保險,金融保險,待進一步分類
6021,6021.TWO,美好證,美好證券股份有限公司,17,312230974,上櫃,金融保險,股票,,金融保險,金融保險,待進一步分類
6023,6023.TWO,元大期貨,元大期貨股份有限公司,17,367972732,上櫃,金融保險,股票,,金融保險,金融保險,待進一步分類
6026,6026.TWO,福邦證,福邦證券股份有限公司,17,396161841,上櫃,金融保險,股票,,金融保險,金融保險,待進一步分類
6028,6028.TWO,公勝保經,公勝保險經紀人股份有限公司,17,25000000,上櫃,金融保險,股票,,金融保險,金融保險,待進一步分類
2035,2035.TWO,唐榮公司,唐榮鐵工廠股份有限公司,10,350000000,上櫃,鋼鐵工業,股票,,鋼鐵工業,鋼鐵工業,待進一步分類
2063,2063.TWO,世鎧精密,世鎧精密股份有限公司,10,48101453,上櫃,鋼鐵工業,股票,,鋼鐵工業,鋼鐵工業,待進一步分類
2064,2064.TWO,晉椿,晉椿工業股份有限公司,10,69330000,上櫃,鋼鐵工業,股票,,鋼鐵工業,鋼鐵工業,待進一步分類
2065,2065.TWO,世豐,世豐螺絲股份有限公司,10,63516707,上櫃,鋼鐵工業,股票,,鋼鐵工業,鋼鐵工業,待進一步分類
2073,2073.TWO,雄順,雄順金屬股份有限公司,10,27500000,上櫃,鋼鐵工業,股票,,鋼鐵工業,鋼鐵工業,待進一步分類
4950,4950.TWO,金耘國際,金耘國際股份有限公司,10,57729107,上櫃,鋼鐵工業,股票,,鋼鐵工業,鋼鐵工業,待進一步分類
5009,5009.TWO,榮剛,榮剛材料科技股份有限公司,10,602471197,上櫃,鋼鐵工業,股票,,鋼鐵工業,鋼鐵工業,待進一步分類
5011,5011.TWO,久陽,久陽精密股份有限公司,10,100673922,上櫃,鋼鐵工業,股票,,鋼鐵工業,鋼鐵工業,待進一步分類
5013,5013.TWO,強新,強新工業股份有限公司,10,133416000,上櫃,鋼鐵工業,股票,,鋼鐵工業,鋼鐵工業,待進一步分類
5014,5014.TWO,建錩,建錩實業股份有限公司,10,183265054,上櫃,鋼鐵工業,股票,,鋼鐵工業,鋼鐵工業,待進一步分類
5015,5015.TWO,華祺,華祺工業股份有限公司,10,60639189,上櫃,鋼鐵工業,股票,,鋼鐵工業,鋼鐵工業,待進一步分類
5016,5016.TWO,松和,松和工業股份有限公司,10,49622076,上櫃,鋼鐵工業,股票,,鋼鐵工業,鋼鐵工業,待進一步分類
6248,6248.TWO,沛波,沛波鋼鐵股份有限公司,10,99956149,上櫃,鋼鐵工業,股票,,鋼鐵工業,鋼鐵工業,待進一步分類
8349,8349.TWO,恒耀國際,恒耀國際股份有限公司,10,208821391,上櫃,鋼鐵工業,股票,,鋼鐵工業,鋼鐵工業,待進一步分類
8415,8415.TWO,大國鋼,大成國際鋼鐵股份有限公司,10,1031500000,上櫃,鋼鐵工業,股票,,鋼鐵工業,鋼鐵工業,待進一步分類
8930,8930.TWO,青鋼,青鋼應用材料股份有限公司,10,81809406,上櫃,鋼鐵工業,股票,,鋼鐵工業,鋼鐵工業,待進一步分類
9962,9962.TWO,有益,有益鋼鐵股份有限公司,10,90220260,上櫃,鋼鐵工業,股票,,鋼鐵工業,鋼鐵工業,待進一步分類
2061,2061.TWO,風青,風青實業股份有限公司,06,57378052,上櫃,電器電纜,股票,,電器電纜,電器電纜,待進一步分類
3224,3224.TWO,三顧,三顧股份有限公司,29,78172648,上櫃,電子通路業,股票,,電子通路業,電子通路業,待進一步分類
3232,3232.TWO,昱捷,昱捷股份有限公司,29,46567865,上櫃,電子通路業,股票,,電子通路業,電子通路業,待進一步分類
3360,3360.TWO,尚立,尚立股份有限公司,29,76402244,上櫃,電子通路業,股票,,電子通路業,電子通路業,待進一步分類
3444,3444.TWO,利機,利機企業股份有限公司,29,44996877,上櫃,電子通路業,股票,,電子通路業,電子通路業,待進一步分類
6113,6113.TWO,亞矽,亞矽科技股份有限公司,29,52549455,上櫃,電子通路業,股票,,電子通路業,電子通路業,待進一步分類
6118,6118.TWO,建達,建達國際股份有限公司,29,90889573,上櫃,電子通路業,股票,,電子通路業,電子通路業,待進一步分類
6154,6154.TWO,順發,順發電腦股份有限公司,29,80080000,上櫃,電子通路業,股票,,電子通路業,電子通路業,待進一步分類
6227,6227.TWO,茂綸,茂綸股份有限公司,29,76111786,上櫃,電子通路業,股票,,電子通路業,電子通路業,待進一步分類
6265,6265.TWO,方土昶,方土昶股份有限公司,29,118172151,上櫃,電子通路業,股票,,電子通路業,電子通路業,待進一步分類
6270,6270.TWO,倍微,倍微科技股份有限公司,29,72145759,上櫃,電子通路業,股票,,電子通路業,電子通路業,待進一步分類
6474,6474.TWO,華豫寧,華豫寧股份有限公司,29,52526199,上櫃,電子通路業,股票,,電子通路業,電子通路業,待進一步分類
8032,8032.TWO,光菱,光菱電子股份有限公司,29,51810300,上櫃,電子通路業,股票,,電子通路業,電子通路業,待進一步分類
8067,8067.TWO,志旭,志旭國際股份有限公司,29,20700000,上櫃,電子通路業,股票,,電子通路業,電子通路業,待進一步分類
8068,8068.TWO,全達,全達國際股份有限公司,29,80765949,上櫃,電子通路業,股票,,電子通路業,電子通路業,待進一步分類
8084,8084.TWO,巨虹,巨虹電子股份有限公司,29,69514149,上櫃,電子通路業,股票,,電子通路業,電子通路業,待進一步分類
8096,8096.TWO,擎亞,擎亞電子股份有限公司,29,149343066,上櫃,電子通路業,股票,,電子通路業,電子通路業,待進一步分類
1336,1336.TWO,台翰,台翰精密科技股份有限公司,28,77614419,上櫃,電子零組件,股票,,電子零組件,電子零組件,待進一步分類
1815,1815.TWO,富喬,富喬工業股份有限公司,28,585459487,上櫃,電子零組件,股票,,電子零組件,電子零組件,待進一步分類
3078,3078.TWO,僑威,僑威科技股份有限公司,28,227391064,上櫃,電子零組件,股票,,電子零組件,電子零組件,待進一步分類
3114,3114.TWO,好德,好德科技股份有限公司,28,65129792,上櫃,電子零組件,股票,,電子零組件,電子零組件,待進一步分類
3115,3115.TWO,富榮綱,富育榮綱股份有限公司,28,72197615,上櫃,電子零組件,股票,,電子零組件,電子零組件,待進一步分類
3191,3191.TWO,雲嘉南,雲嘉南科技股份有限公司,28,43597381,上櫃,電子零組件,股票,,電子零組件,電子零組件,待進一步分類
3206,3206.TWO,志豐,志豐電子股份有限公司,28,58916621,上櫃,電子零組件,股票,,電子零組件,電子零組件,待進一步分類
3207,3207.TWO,耀勝,耀勝電子股份有限公司,28,66422124,上櫃,電子零組件,股票,,電子零組件,電子零組件,待進一步分類
3217,3217.TWO,優群,優群科技股份有限公司,28,90104203,上櫃,電子零組件,股票,,電子零組件,電子零組件,待進一步分類
3236,3236.TWO,千如,千如電機工業股份有限公司,28,105000613,上櫃,電子零組件,股票,,電子零組件,電子零組件,待進一步分類
3276,3276.TWO,宇環,宇環科技股份有限公司,28,69712666,上櫃,電子零組件,股票,,電子零組件,電子零組件,待進一步分類
3288,3288.TWO,點晶,點晶科技股份有限公司,28,16380000,上櫃,電子零組件,股票,,電子零組件,電子零組件,待進一步分類
3290,3290.TWO,東浦,東浦精密光電股份有限公司,28,90215034,上櫃,電子零組件,股票,,電子零組件,電子零組件,待進一步分類
3294,3294.TWO,英濟,英濟股份有限公司,28,132015919,上櫃,電子零組件,股票,,電子零組件,電子零組件,待進一步分類
3310,3310.TWO,佳穎,佳穎精密企業股份有限公司,28,74948402,上櫃,電子零組件,股票,,電子零組件,電子零組件,待進一步分類
3322,3322.TWO,建舜電,建舜電子製造股份有限公司,28,137582157,上櫃,電子零組件,股票,,電子零組件,電子零組件,待進一步分類
3332,3332.TWO,幸康,幸康電子股份有限公司,28,48104246,上櫃,電子零組件,股票,,電子零組件,電子零組件,待進一步分類
3354,3354.TWO,律勝,律勝科技股份有限公司,28,70112426,上櫃,電子零組件,股票,,電子零組件,電子零組件,待進一步分類
3357,3357.TWO,臺慶科,西北臺慶科技股份有限公司,28,114936971,上櫃,電子零組件,股票,,電子零組件,電子零組件,待進一步分類
3388,3388.TWO,崇越電,崇越電通股份有限公司,28,74065542,上櫃,電子零組件,股票,,電子零組件,電子零組件,待進一步分類
3390,3390.TWO,旭軟,旭軟電子科技股份有限公司,28,79329659,上櫃,電子零組件,股票,,電子零組件,電子零組件,待進一步分類
3484,3484.TWO,崧騰,崧騰企業股份有限公司,28,78828189,上櫃,電子零組件,股票,,電子零組件,電子零組件,待進一步分類
3485,3485.TWO,敘豐,敘(余+卜+又)豐企業股份有限公司,28,38500850,上櫃,電子零組件,股票,,電子零組件,電子零組件,待進一步分類
3492,3492.TWO,長盛,長盛科技股份有限公司,28,35531600,上櫃,電子零組件,股票,,電子零組件,電子零組件,待進一步分類
3511,3511.TWO,矽瑪,矽瑪科技股份有限公司,28,79972945,上櫃,電子零組件,股票,,電子零組件,電子零組件,待進一步分類
3520,3520.TWO,華盈,華盈電子股份有限公司,28,68846778,上櫃,電子零組件,股票,,電子零組件,電子零組件,待進一步分類
3526,3526.TWO,凡甲,凡甲科技股份有限公司,28,66839477,上櫃,電子零組件,股票,,電子零組件,電子零組件,待進一步分類
3537,3537.TWO,堡達,堡達實業股份有限公司,28,56242979,上櫃,電子零組件,股票,,電子零組件,電子零組件,待進一步分類
3548,3548.TWO,兆利,兆利科技工業股份有限公司,28,67744175,上櫃,電子零組件,股票,,電子零組件,電子零組件,待進一步分類
3597,3597.TWO,映興,映興電子股份有限公司,28,39236440,上櫃,電子零組件,股票,,電子零組件,電子零組件,待進一步分類
3609,3609.TWO,三一東林,三一東林科技股份有限公司,28,38419387,上櫃,電子零組件,股票,,電子零組件,電子零組件,待進一步分類
3624,3624.TWO,光頡,光頡科技股份有限公司,28,117340842,上櫃,電子零組件,股票,,電子零組件,電子零組件,待進一步分類
3631,3631.TWO,晟楠,晟楠科技股份有限公司,28,81820909,上櫃,電子零組件,股票,,電子零組件,電子零組件,待進一步分類
3646,3646.TWO,艾恩特,艾恩特精密工業股份有限公司,28,39297371,上櫃,電子零組件,股票,,電子零組件,電子零組件,待進一步分類
3689,3689.TWO,湧德,湧德電子股份有限公司,28,89390991,上櫃,電子零組件,股票,,電子零組件,電子零組件,待進一步分類
3710,3710.TWO,連展投控,連展投資控股股份有限公司,28,177086787,上櫃,電子零組件,股票,,電子零組件,電子零組件,待進一步分類
4542,4542.TWO,科嶠,科嶠工業股份有限公司,28,35254258,上櫃,電子零組件,股票,,電子零組件,電子零組件,待進一步分類
4939,4939.TWO,亞電,亞洲電材股份有限公司,28,98200868,上櫃,電子零組件,股票,,電子零組件,電子零組件,待進一步分類
4974,4974.TWO,亞泰,亞泰影像科技股份有限公司,28,72500104,上櫃,電子零組件,股票,,電子零組件,電子零組件,待進一步分類
5227,5227.TWO,立凱-KY,蓋曼群島商立凱電能科技(股)公司,28,96000000,上櫃,電子零組件,股票,,電子零組件,電子零組件,待進一步分類
5228,5228.TWO,鈺鎧,鈺鎧科技股份有限公司,28,38056253,上櫃,電子零組件,股票,,電子零組件,電子零組件,待進一步分類
5291,5291.TWO,邑昇,邑昇實業股份有限公司,28,41890606,上櫃,電子零組件,股票,,電子零組件,電子零組件,待進一步分類
5309,5309.TWO,系統電,系統電子工業股份有限公司,28,230366063,上櫃,電子零組件,股票,,電子零組件,電子零組件,待進一步分類
5328,5328.TWO,華容,華容股份有限公司,28,172710724,上櫃,電子零組件,股票,,電子零組件,電子零組件,待進一步分類
5340,5340.TWO,建榮,建榮工業材料股份有限公司,28,194893964,上櫃,電子零組件,股票,,電子零組件,電子零組件,待進一步分類
5355,5355.TWO,佳總,佳總興業股份有限公司,28,166122792,上櫃,電子零組件,股票,,電子零組件,電子零組件,待進一步分類
5439,5439.TWO,高技,高技企業股份有限公司,28,92975752,上櫃,電子零組件,股票,,電子零組件,電子零組件,待進一步分類
5457,5457.TWO,宣德,宣德科技股份有限公司,28,196428800,上櫃,電子零組件,股票,,電子零組件,電子零組件,待進一步分類
5460,5460.TWO,同協,同協電子股份有限公司,28,58778130,上櫃,電子零組件,股票,,電子零組件,電子零組件,待進一步分類
5464,5464.TWO,霖宏,霖宏科技股份有限公司,28,71071490,上櫃,電子零組件,股票,,電子零組件,電子零組件,待進一步分類
5475,5475.TWO,德宏,德宏工業股份有限公司,28,127127017,上櫃,電子零組件,股票,,電子零組件,電子零組件,待進一步分類
5488,5488.TWO,松普,松普科技股份有限公司,28,91586124,上櫃,電子零組件,股票,,電子零組件,電子零組件,待進一步分類
5498,5498.TWO,凱崴,凱崴電子股份有限公司,28,193548545,上櫃,電子零組件,股票,,電子零組件,電子零組件,待進一步分類
6114,6114.TWO,久威,久威國際股份有限公司,28,43911937,上櫃,電子零組件,股票,,電子零組件,電子零組件,待進一步分類
6124,6124.TWO,業強,業強科技股份有限公司,28,182479945,上櫃,電子零組件,股票,,電子零組件,電子零組件,待進一步分類
6126,6126.TWO,信音,信音企業股份有限公司,28,129770908,上櫃,電子零組件,股票,,電子零組件,電子零組件,待進一步分類
6127,6127.TWO,九豪,九豪精密陶瓷股份有限公司,28,108079751,上櫃,電子零組件,股票,,電子零組件,電子零組件,待進一步分類
6134,6134.TWO,萬旭,萬旭電業股份有限公司,28,81882117,上櫃,電子零組件,股票,,電子零組件,電子零組件,待進一步分類
6156,6156.TWO,松上,松上電子股份有限公司,28,107875010,上櫃,電子零組件,股票,,電子零組件,電子零組件,待進一步分類
6158,6158.TWO,禾昌,禾昌興業股份有限公司,28,55698288,上櫃,電子零組件,股票,,電子零組件,電子零組件,待進一步分類
6173,6173.TWO,信昌電,信昌電子陶瓷股份有限公司,28,160928000,上櫃,電子零組件,股票,,電子零組件,電子零組件,待進一步分類
6174,6174.TWO,安碁,安碁科技股份有限公司,28,50000000,上櫃,電子零組件,股票,,電子零組件,電子零組件,待進一步分類
6175,6175.TWO,立敦,立敦科技股份有限公司,28,150121812,上櫃,電子零組件,股票,,電子零組件,電子零組件,待進一步分類
6185,6185.TWO,幃翔,幃翔精密股份有限公司,28,149867531,上櫃,電子零組件,股票,,電子零組件,電子零組件,待進一步分類
6194,6194.TWO,育富,育富電子股份有限公司,28,48000000,上櫃,電子零組件,股票,,電子零組件,電子零組件,待進一步分類
6203,6203.TWO,海韻電,海韻電子工業股份有限公司,28,82401370,上櫃,電子零組件,股票,,電子零組件,電子零組件,待進一步分類
6204,6204.TWO,艾華,台灣艾華電子工業股份有限公司,28,23102080,上櫃,電子零組件,股票,,電子零組件,電子零組件,待進一步分類
6207,6207.TWO,雷科,雷科股份有限公司,28,93066484,上櫃,電子零組件,股票,,電子零組件,電子零組件,待進一步分類
6210,6210.TWO,慶生,慶生電子股份有限公司,28,35048000,上櫃,電子零組件,股票,,電子零組件,電子零組件,待進一步分類
6217,6217.TWO,中探針,中國探針股份有限公司,28,117210018,上櫃,電子零組件,股票,,電子零組件,電子零組件,待進一步分類
6220,6220.TWO,岳豐,岳豐科技股份有限公司,28,146462640,上櫃,電子零組件,股票,,電子零組件,電子零組件,待進一步分類
6259,6259.TWO,百徽,百徽股份有限公司,28,28056146,上櫃,電子零組件,股票,,電子零組件,電子零組件,待進一步分類
6266,6266.TWO,泰詠,泰詠電子股份有限公司,28,153871641,上櫃,電子零組件,股票,,電子零組件,電子零組件,待進一步分類
6274,6274.TWO,台燿,台燿科技股份有限公司,28,299460093,上櫃,電子零組件,股票,,PCB／IC 載板,高速運算載板,PCB／載板供應
6275,6275.TWO,元山,元山科技工業股份有限公司,28,80344567,上櫃,電子零組件,股票,,電子零組件,電子零組件,待進一步分類
6279,6279.TWO,胡連,胡連精密股份有限公司,28,119015736,上櫃,電子零組件,股票,,電動車零組件,電動車,車用零組件
6284,6284.TWO,佳邦,佳邦科技股份有限公司,28,148980341,上櫃,電子零組件,股票,,電子零組件,電子零組件,待進一步分類
6290,6290.TWO,良維,良維科技股份有限公司,28,169500898,上櫃,電子零組件,股票,,電子零組件,電子零組件,待進一步分類
6292,6292.TWO,迅德,迅德興業股份有限公司,28,46600712,上櫃,電子零組件,股票,,電子零組件,電子零組件,待進一步分類
6418,6418.TWO,詠昇,詠昇電子股份有限公司,28,34522000,上櫃,電子零組件,股票,,電子零組件,電子零組件,待進一步分類
6432,6432.TWO,今展科,今展科技股份有限公司,28,34367002,上櫃,電子零組件,股票,,電子零組件,電子零組件,待進一步分類
6538,6538.TWO,倉和,倉和股份有限公司,28,38022000,上櫃,電子零組件,股票,,電子零組件,電子零組件,待進一步分類
6584,6584.TWO,南俊國際,南俊國際股份有限公司,28,70642956,上櫃,電子零組件,股票,,電子零組件,電子零組件,待進一步分類
6597,6597.TWO,立誠,立誠光電股份有限公司,28,30042250,上櫃,電子零組件,股票,,電子零組件,電子零組件,待進一步分類
6642,6642.TWO,富致,富致科技股份有限公司,28,37399662,上櫃,電子零組件,股票,,電子零組件,電子零組件,待進一步分類
6664,6664.TWO,群翊,群翊工業股份有限公司,28,60806570,上櫃,電子零組件,股票,,電子零組件,電子零組件,待進一步分類
6727,6727.TWO,亞泰金屬,亞泰金屬工業股份有限公司,28,26884177,上櫃,電子零組件,股票,,電子零組件,電子零組件,待進一步分類
6761,6761.TWO,穩得,穩得實業股份有限公司,28,34955867,上櫃,電子零組件,股票,,電子零組件,電子零組件,待進一步分類
6821,6821.TWO,聯寶,聯寶電子股份有限公司,28,31858507,上櫃,電子零組件,股票,,電子零組件,電子零組件,待進一步分類
6913,6913.TWO,鴻呈,鴻呈實業股份有限公司,28,43848863,上櫃,電子零組件,股票,,電子零組件,電子零組件,待進一步分類
6967,6967.TWO,汎瑋材料,汎瑋材料科技股份有限公司,28,24904477,上櫃,電子零組件,股票,,電子零組件,電子零組件,待進一步分類
7744,7744.TWO,崴寶,崴寶精密科技股份有限公司,28,32076710,上櫃,電子零組件,股票,,電子零組件,電子零組件,待進一步分類
8038,8038.TWO,長園科,長園科技實業股份有限公司,28,62278190,上櫃,電子零組件,股票,,電子零組件,電子零組件,待進一步分類
8042,8042.TWO,金山電,臺灣金山電子工業股份有限公司,28,131479954,上櫃,電子零組件,股票,,電子零組件,電子零組件,待進一步分類
8043,8043.TWO,蜜望實,蜜望實企業股份有限公司,28,79907170,上櫃,電子零組件,股票,,電子零組件,電子零組件,待進一步分類
8071,8071.TWO,能率網通,能率網通股份有限公司,28,60084283,上櫃,電子零組件,股票,,電子零組件,電子零組件,待進一步分類
8074,8074.TWO,鉅橡,鉅橡企業股份有限公司,28,86974466,上櫃,電子零組件,股票,,電子零組件,電子零組件,待進一步分類
8093,8093.TWO,保銳,保銳科技股份有限公司,28,56567567,上櫃,電子零組件,股票,,電子零組件,電子零組件,待進一步分類
8109,8109.TWO,博大,博大科技股份有限公司,28,82161236,上櫃,電子零組件,股票,,電子零組件,電子零組件,待進一步分類
8121,8121.TWO,越峰,越峰電子材料股份有限公司,28,212993743,上櫃,電子零組件,股票,,電子零組件,電子零組件,待進一步分類
8147,8147.TWO,正淩,正淩精密工業股份有限公司,28,41634666,上櫃,電子零組件,股票,,電子零組件,電子零組件,待進一步分類
8155,8155.TWO,博智,博智電子股份有限公司,28,62367700,上櫃,電子零組件,股票,,電子零組件,電子零組件,待進一步分類
8182,8182.TWO,加高,加高電子股份有限公司,28,107041215,上櫃,電子零組件,股票,,電子零組件,電子零組件,待進一步分類
8289,8289.TWO,泰藝,泰藝電子股份有限公司,28,68333765,上櫃,電子零組件,股票,,電子零組件,電子零組件,待進一步分類
8291,8291.TWO,尚茂,尚茂電子材料股份有限公司,28,17478450,上櫃,電子零組件,股票,,電子零組件,電子零組件,待進一步分類
8358,8358.TWO,金居,金居開發股份有限公司,28,252588000,上櫃,電子零組件,股票,,電子零組件,電子零組件,待進一步分類
1570,1570.TWO,力肯,力肯實業股份有限公司,05,51500839,上櫃,電機機械,股票,,電機機械,電機機械,待進一步分類
1580,1580.TWO,新麥,新麥企業股份有限公司,05,49339242,上櫃,電機機械,股票,,電機機械,電機機械,待進一步分類
1586,1586.TWO,和勤,和勤精機股份有限公司,05,129500467,上櫃,電機機械,股票,,電機機械,電機機械,待進一步分類
1591,1591.TWO,駿吉-KY,英屬開曼群島商駿吉控股(股)公司,05,38048047,上櫃,電機機械,股票,,電機機械,電機機械,待進一步分類
1599,1599.TWO,宏佳騰,宏佳騰動力科技股份有限公司,05,73028764,上櫃,電機機械,股票,,電機機械,電機機械,待進一步分類
2066,2066.TWO,世德,世德工業股份有限公司,05,44449527,上櫃,電機機械,股票,,電機機械,電機機械,待進一步分類
2067,2067.TWO,嘉鋼,嘉鋼精密工業股份有限公司,05,45138177,上櫃,電機機械,股票,,電機機械,電機機械,待進一步分類
2070,2070.TWO,精湛,精湛光學科技股份有限公司,05,41782800,上櫃,電機機械,股票,,電機機械,電機機械,待進一步分類
2235,2235.TWO,謚源,謚源實業股份有限公司,05,35878000,上櫃,電機機械,股票,,電機機械,電機機械,待進一步分類
3162,3162.TWO,精確,精確實業股份有限公司,05,154341112,上櫃,電機機械,股票,,電機機械,電機機械,待進一步分類
3226,3226.TWO,龍鋒,龍鋒科技股份有限公司,05,64430573,上櫃,電機機械,股票,,電機機械,電機機械,待進一步分類
3379,3379.TWO,彬台,彬台科技股份有限公司,05,38041748,上櫃,電機機械,股票,,電機機械,電機機械,待進一步分類
3685,3685.TWO,元創精密,元創精密車業股份有限公司,05,79574000,上櫃,電機機械,股票,,電機機械,電機機械,待進一步分類
4502,4502.TWO,健信,健信科技工業股份有限公司,05,57469686,上櫃,電機機械,股票,,電機機械,電機機械,待進一步分類
4503,4503.TWO,金雨,金雨企業股份有限公司,05,78313326,上櫃,電機機械,股票,,電機機械,電機機械,待進一步分類
4506,4506.TWO,崇友,崇友實業(股)公司,05,177012000,上櫃,電機機械,股票,,電機機械,電機機械,待進一步分類
4510,4510.TWO,高鋒,高鋒工業股份有限公司,05,108977724,上櫃,電機機械,股票,,電機機械,電機機械,待進一步分類
4513,4513.TWO,福裕,福裕事業股份有限公司,05,143761921,上櫃,電機機械,股票,,電機機械,電機機械,待進一步分類
4523,4523.TWO,永彰,永彰科技股份有限公司,05,64949000,上櫃,電機機械,股票,,電機機械,電機機械,待進一步分類
4527,4527.TWO,方方土霖,(方方土)霖冷凍機械股份有限公司,05,68537133,上櫃,電機機械,股票,,電機機械,電機機械,待進一步分類
4528,4528.TWO,江興鍛,江興鍛壓工業股份有限公司,05,84165695,上櫃,電機機械,股票,,電機機械,電機機械,待進一步分類
4533,4533.TWO,協易機,協易機械工業股份有限公司,05,178434110,上櫃,電機機械,股票,,電機機械,電機機械,待進一步分類
4534,4534.TWO,慶騰,慶騰精密科技股份有限公司,05,86788948,上櫃,電機機械,股票,,電機機械,電機機械,待進一步分類
4535,4535.TWO,至興,至興精機股份有限公司,05,75661740,上櫃,電機機械,股票,,電機機械,電機機械,待進一步分類
4538,4538.TWO,大詠城,大詠城機械股份有限公司,05,59469604,上櫃,電機機械,股票,,電機機械,電機機械,待進一步分類
4543,4543.TWO,萬在,萬在工業股份有限公司,05,59772300,上櫃,電機機械,股票,,電機機械,電機機械,待進一步分類
4549,4549.TWO,桓達,桓達科技股份有限公司,05,57002445,上櫃,電機機械,股票,,電機機械,電機機械,待進一步分類
4550,4550.TWO,長佳,長佳機電工程股份有限公司,05,37838783,上櫃,電機機械,股票,,電機機械,電機機械,待進一步分類
4558,4558.TWO,寶緯,寶緯工業股份有限公司,05,50000000,上櫃,電機機械,股票,,電機機械,電機機械,待進一步分類
4561,4561.TWO,健椿,健椿工業股份有限公司,05,58521619,上櫃,電機機械,股票,,電機機械,電機機械,待進一步分類
4563,4563.TWO,百德,百德機械股份有限公司,05,54950000,上櫃,電機機械,股票,,電機機械,電機機械,待進一步分類
4568,4568.TWO,科際精密,科際精密股份有限公司,05,32045125,上櫃,電機機械,股票,,電機機械,電機機械,待進一步分類
4580,4580.TWO,捷流閥業,捷流閥業股份有限公司,05,46803109,上櫃,電機機械,股票,,電機機械,電機機械,待進一步分類
4584,4584.TWO,君帆,君帆工業股份有限公司,05,30002400,上櫃,電機機械,股票,,電機機械,電機機械,待進一步分類
5381,5381.TWO,光譜,光譜電工股份有限公司,05,207690562,上櫃,電機機械,股票,,電機機械,電機機械,待進一步分類
6122,6122.TWO,擎邦,擎邦國際科技工程股份有限公司,05,78091632,上櫃,電機機械,股票,,電機機械,電機機械,待進一步分類
6125,6125.TWO,廣運,廣運機械工程股份有限公司,05,259011150,上櫃,電機機械,股票,,電機機械,電機機械,待進一步分類
6425,6425.TWO,易發,易發精機股份有限公司,05,50825252,上櫃,電機機械,股票,,電機機械,電機機械,待進一步分類
6603,6603.TWO,富強鑫,富強鑫精密工業股份有限公司,05,167442946,上櫃,電機機械,股票,,電機機械,電機機械,待進一步分類
6609,6609.TWO,瀧澤科,台灣瀧澤科技股份有限公司,05,72456246,上櫃,電機機械,股票,,電機機械,電機機械,待進一步分類
6843,6843.TWO,進典,進典工業股份有限公司,05,33304000,上櫃,電機機械,股票,,電機機械,電機機械,待進一步分類
6982,6982.TWO,大井泵浦,大井泵浦工業股份有限公司,05,40752381,上櫃,電機機械,股票,,電機機械,電機機械,待進一步分類
7642,7642.TWO,昶瑞機電,昶瑞機電股份有限公司,05,30150000,上櫃,電機機械,股票,,電機機械,電機機械,待進一步分類
7709,7709.TWO,榮田,榮田精機股份有限公司,05,39102740,上櫃,電機機械,股票,,電機機械,電機機械,待進一步分類
7718,7718.TWO,友鋮,友鋮股份有限公司,05,46356484,上櫃,電機機械,股票,,電機機械,電機機械,待進一步分類
8027,8027.TWO,鈦昇,鈦昇科技股份有限公司,05,109750596,上櫃,電機機械,股票,,電機機械,電機機械,待進一步分類
8083,8083.TWO,瑞穎,瑞穎股份有限公司,05,35133193,上櫃,電機機械,股票,,電機機械,電機機械,待進一步分類
8107,8107.TWO,大億金茂,大億金茂股份有限公司,05,75000000,上櫃,電機機械,股票,,電機機械,電機機械,待進一步分類
8255,8255.TWO,朋程,朋程科技股份有限公司,05,101961041,上櫃,電機機械,股票,,電機機械,電機機械,待進一步分類
9951,9951.TWO,皇田,皇田工業股份有限公司,05,73300000,上櫃,電機機械,股票,,電動車零組件,電動車,車用零組件
1569,1569.TWO,濱川,濱川企業股份有限公司,25,144247441,上櫃,電腦及週邊設備,股票,,電腦及週邊設備,電腦及週邊設備,待進一步分類
3071,3071.TWO,協禧,協禧電機股份有限公司,25,110000000,上櫃,電腦及週邊設備,股票,,電腦及週邊設備,電腦及週邊設備,待進一步分類
3088,3088.TWO,艾訊,艾訊股份有限公司,25,108649017,上櫃,電腦及週邊設備,股票,,電腦及週邊設備,電腦及週邊設備,待進一步分類
3211,3211.TWO,順達,順達科技股份有限公司,25,154305021,上櫃,電腦及週邊設備,股票,,電腦及週邊設備,電腦及週邊設備,待進一步分類
3213,3213.TWO,茂訊,茂訊電腦股份有限公司,25,58685547,上櫃,電腦及週邊設備,股票,,電腦及週邊設備,電腦及週邊設備,待進一步分類
3272,3272.TWO,東碩,東碩資訊股份有限公司,25,61176789,上櫃,電腦及週邊設備,股票,,電腦及週邊設備,電腦及週邊設備,待進一步分類
3287,3287.TWO,廣寰科,廣寰科技股份有限公司,25,43970483,上櫃,電腦及週邊設備,股票,,電腦及週邊設備,電腦及週邊設備,待進一步分類
3323,3323.TWO,加百裕,加百裕工業股份有限公司,25,99593385,上櫃,電腦及週邊設備,股票,,電腦及週邊設備,電腦及週邊設備,待進一步分類
3325,3325.TWO,旭品,旭品科技股份有限公司,25,110168610,上櫃,電腦及週邊設備,股票,,電腦及週邊設備,電腦及週邊設備,待進一步分類
3349,3349.TWO,寶德,寶德科技股份有限公司,25,47821648,上櫃,電腦及週邊設備,股票,,電腦及週邊設備,電腦及週邊設備,待進一步分類
3479,3479.TWO,安勤,安勤科技股份有限公司,25,72630164,上櫃,電腦及週邊設備,股票,,電腦及週邊設備,電腦及週邊設備,待進一步分類
3483,3483.TWO,力致,力致科技股份有限公司,25,99049257,上櫃,電腦及週邊設備,股票,,電腦及週邊設備,電腦及週邊設備,待進一步分類
3540,3540.TWO,曜越,曜越科技股份有限公司,25,84458548,上櫃,電腦及週邊設備,股票,,電腦及週邊設備,電腦及週邊設備,待進一步分類
3577,3577.TWO,泓格,泓格科技股份有限公司,25,63965653,上櫃,電腦及週邊設備,股票,,電腦及週邊設備,電腦及週邊設備,待進一步分類
3594,3594.TWO,磐儀,磐儀科技股份有限公司,25,95948358,上櫃,電腦及週邊設備,股票,,電腦及週邊設備,電腦及週邊設備,待進一步分類
3611,3611.TWO,鼎翰,鼎翰科技股份有限公司,25,47554634,上櫃,電腦及週邊設備,股票,,電腦及週邊設備,電腦及週邊設備,待進一步分類
3625,3625.TWO,西勝,西勝國際股份有限公司,25,114246765,上櫃,電腦及週邊設備,股票,,電腦及週邊設備,電腦及週邊設備,待進一步分類
3693,3693.TWO,營邦,營邦企業股份有限公司,25,42990694,上櫃,電腦及週邊設備,股票,,電腦及週邊設備,電腦及週邊設備,待進一步分類
3709,3709.TWO,鑫聯大投控,鑫聯大投資控股股份有限公司,25,145569450,上櫃,電腦及週邊設備,股票,,電腦及週邊設備,電腦及週邊設備,待進一步分類
4931,4931.TWO,新盛力,新盛力科技股份有限公司,25,65565761,上櫃,電腦及週邊設備,股票,,電腦及週邊設備,電腦及週邊設備,待進一步分類
5223,5223.TWO,安力-KY,安力國際股份有限公司,25,44549781,上櫃,電腦及週邊設備,股票,,電腦及週邊設備,電腦及週邊設備,待進一步分類
5289,5289.TWO,宜鼎,宜鼎國際股份有限公司,25,96361617,上櫃,電腦及週邊設備,股票,,電腦及週邊設備,電腦及週邊設備,待進一步分類
5356,5356.TWO,協益,協益電子股份有限公司,25,103040000,上櫃,電腦及週邊設備,股票,,電腦及週邊設備,電腦及週邊設備,待進一步分類
5386,5386.TWO,青雲,青雲國際科技股份有限公司,25,54121322,上櫃,電腦及週邊設備,股票,,電腦及週邊設備,電腦及週邊設備,待進一步分類
5426,5426.TWO,振發,振發實業股份有限公司,25,143800000,上櫃,電腦及週邊設備,股票,,電腦及週邊設備,電腦及週邊設備,待進一步分類
5438,5438.TWO,東友,東友科技股份有限公司,25,112536565,上櫃,電腦及週邊設備,股票,,電腦及週邊設備,電腦及週邊設備,待進一步分類
5465,5465.TWO,富驊,富驊企業股份有限公司,25,147682629,上櫃,電腦及週邊設備,股票,,電腦及週邊設備,電腦及週邊設備,待進一步分類
5474,5474.TWO,聰泰,聰泰科技開發股份有限公司,25,39756944,上櫃,電腦及週邊設備,股票,,電腦及週邊設備,電腦及週邊設備,待進一步分類
5490,5490.TWO,同亨,同亨科技股份有限公司,25,96152201,上櫃,電腦及週邊設備,股票,,電腦及週邊設備,電腦及週邊設備,待進一步分類
6121,6121.TWO,新普,新普科技股份有限公司,25,184970519,上櫃,電腦及週邊設備,股票,,電腦及週邊設備,電腦及週邊設備,待進一步分類
6150,6150.TWO,撼訊,撼訊科技股份有限公司,25,48345985,上櫃,電腦及週邊設備,股票,,電腦及週邊設備,電腦及週邊設備,待進一步分類
6160,6160.TWO,欣技,欣技資訊股份有限公司,25,68489120,上櫃,電腦及週邊設備,股票,,電腦及週邊設備,電腦及週邊設備,待進一步分類
6161,6161.TWO,捷波,捷波資訊股份有限公司,25,56237477,上櫃,電腦及週邊設備,股票,,電腦及週邊設備,電腦及週邊設備,待進一步分類
6188,6188.TWO,廣明,廣明光電股份有限公司,25,278358910,上櫃,電腦及週邊設備,股票,,電腦及週邊設備,電腦及週邊設備,待進一步分類
6228,6228.TWO,全譜,全譜科技股份有限公司,25,29000000,上櫃,電腦及週邊設備,股票,,電腦及週邊設備,電腦及週邊設備,待進一步分類
6276,6276.TWO,安鈦克,安鈦克科技股份有限公司,25,22043000,上櫃,電腦及週邊設備,股票,,電腦及週邊設備,電腦及週邊設備,待進一步分類
6441,6441.TWO,廣錠,廣錠科技股份有限公司,25,53318429,上櫃,電腦及週邊設備,股票,,電腦及週邊設備,電腦及週邊設備,待進一步分類
6570,6570.TWO,維田,維田科技股份有限公司,25,37119170,上櫃,電腦及週邊設備,股票,,電腦及週邊設備,電腦及週邊設備,待進一步分類
6577,6577.TWO,勁豐,勁豐電子股份有限公司,25,60060145,上櫃,電腦及週邊設備,股票,,電腦及週邊設備,電腦及週邊設備,待進一步分類
6680,6680.TWO,鑫創電子,鑫創電子股份有限公司,25,23954210,上櫃,電腦及週邊設備,股票,,電腦及週邊設備,電腦及週邊設備,待進一步分類
6922,6922.TWO,宸曜,宸曜科技股份有限公司,25,27155385,上櫃,電腦及週邊設備,股票,,電腦及週邊設備,電腦及週邊設備,待進一步分類
8050,8050.TWO,廣積,廣積科技股份有限公司,25,205204891,上櫃,電腦及週邊設備,股票,,電腦及週邊設備,電腦及週邊設備,待進一步分類
8076,8076.TWO,伍豐,伍豐科技股份有限公司,25,292213592,上櫃,電腦及週邊設備,股票,,電腦及週邊設備,電腦及週邊設備,待進一步分類
8234,8234.TWO,新漢,新漢股份有限公司,25,141226472,上櫃,電腦及週邊設備,股票,,電腦及週邊設備,電腦及週邊設備,待進一步分類
8410,8410.TWO,森田,森田印刷廠股份有限公司,25,36589200,上櫃,電腦及週邊設備,股票,,電腦及週邊設備,電腦及週邊設備,待進一步分類
1264,1264.TWO,德麥,德麥食品股份有限公司,02,37052367,上櫃,食品工業,股票,,食品工業,食品工業,待進一步分類
1294,1294.TWO,漢田生技,漢田生技股份有限公司,02,36625875,上櫃,食品工業,股票,,食品工業,食品工業,待進一步分類
1295,1295.TWO,生合,生合生物科技股份有限公司,02,34474800,上櫃,食品工業,股票,,食品工業,食品工業,待進一步分類
1780,1780.TWO,立弘,立弘生化科技股份有限公司,02,109075173,上櫃,食品工業,股票,,食品工業,食品工業,待進一步分類
1796,1796.TWO,金穎生技,金穎生物科技股份有限公司,02,41459793,上櫃,食品工業,股票,,食品工業,食品工業,待進一步分類
4205,4205.TWO,中華食,中華食品實業股份有限公司,02,97649228,上櫃,食品工業,股票,,食品工業,食品工業,待進一步分類
4207,4207.TWO,環泰,環泰企業股份有限公司,02,198538008,上櫃,食品工業,股票,,食品工業,食品工業,待進一步分類
6846,6846.TWO,綠茵,綠茵生技股份有限公司,02,27066039,上櫃,食品工業,股票,,食品工業,食品工業,待進一步分類
7743,7743.TWO,金利食安,金利食安科技股份有限公司,02,36483338,上櫃,食品工業,股票,,食品工業,食品工業,待進一步分類
